run_id;timestamp;status_code;length;url;output_file
20240818153203;2024-08-18 15:32:03;200;41562;https://borgerforslag.dk/se-og-stoet-forslag/?Id=FT-18153;c:\Users\olive\OneDrive - Københavns Universitet\KUonedriveOW\9. Semester\Intro to Social Data Science\EXAM PROJECT
20240818153203;2024-08-18 15:32:05;200;40096;https://borgerforslag.dk/se-og-stoet-forslag/?Id=FT-18099;c:\Users\olive\OneDrive - Københavns Universitet\KUonedriveOW\9. Semester\Intro to Social Data Science\EXAM PROJECT
20240818153203;2024-08-18 15:32:06;200;41202;https://borgerforslag.dk/se-og-stoet-forslag/?Id=FT-18075;c:\Users\olive\OneDrive - Københavns Universitet\KUonedriveOW\9. Semester\Intro to Social Data Science\EXAM PROJECT
20240818153203;2024-08-18 15:32:08;200;40819;https://borgerforslag.dk/se-og-stoet-forslag/?Id=FT-18046;c:\Users\olive\OneDrive - Københavns Universitet\KUonedriveOW\9. Semester\Intro to Social Data Science\EXAM PROJECT
20240818153203;2024-08-18 15:32:10;200;39721;https://borgerforslag.dk/se-og-stoet-forslag/?Id=FT-18044;c:\Users\olive\OneDrive - Københavns Universitet\KUonedriveOW\9. Semester\Intro to Social Data Science\EXAM PROJECT
20240818153203;2024-08-18 15:32:11;200;41722;https://borgerforslag.dk/se-og-stoet-forslag/?Id=FT-18028;c:\Users\olive\OneDrive - Københavns Universitet\KUonedriveOW\9. Semester\Intro to Social Data Science\EXAM PROJECT
20240818153203;2024-08-18 15:32:13;200;48238;https://borgerforslag.dk/se-og-stoet-forslag/?Id=FT-18016;c:\Users\olive\OneDrive - Københavns Universitet\KUonedriveOW\9. Semester\Intro to Social Data Science\EXAM PROJECT
20240818153203;2024-08-18 15:32:15;200;46328;https://borgerforslag.dk/se-og-stoet-forslag/?Id=FT-17997;c:\Users\olive\OneDrive - Københavns Universitet\KUonedriveOW\9. Semester\Intro to Social Data Science\EXAM PROJECT
20240818153203;2024-08-18 15:32:17;200;40816;https://borgerforslag.dk/se-og-stoet-forslag/?Id=FT-18050;c:\Users\olive\OneDrive - Københavns Universitet\KUonedriveOW\9. Semester\Intro to Social Data Science\EXAM PROJECT
20240818153203;2024-08-18 15:32:18;200;40299;https://borgerforslag.dk/se-og-stoet-forslag/?Id=FT-18032;c:\Users\olive\OneDrive - Københavns Universitet\KUonedriveOW\9. Semester\Intro to Social Data Science\EXAM PROJECT
20240818153203;2024-08-18 15:32:20;200;38811;https://borgerforslag.dk/se-og-stoet-forslag/?Id=FT-18062;c:\Users\olive\OneDrive - Københavns Universitet\KUonedriveOW\9. Semester\Intro to Social Data Science\EXAM PROJECT
20240818153203;2024-08-18 15:32:21;200;41271;https://borgerforslag.dk/se-og-stoet-forslag/?Id=FT-18029;c:\Users\olive\OneDrive - Københavns Universitet\KUonedriveOW\9. Semester\Intro to Social Data Science\EXAM PROJECT
20240818153203;2024-08-18 15:32:23;200;39383;https://borgerforslag.dk/se-og-stoet-forslag/?Id=FT-18030;c:\Users\olive\OneDrive - Københavns Universitet\KUonedriveOW\9. Semester\Intro to Social Data Science\EXAM PROJECT
20240818153203;2024-08-18 15:32:25;200;44469;https://borgerforslag.dk/se-og-stoet-forslag/?Id=FT-17960;c:\Users\olive\OneDrive - Københavns Universitet\KUonedriveOW\9. Semester\Intro to Social Data Science\EXAM PROJECT
20240818153203;2024-08-18 15:32:27;200;42007;https://borgerforslag.dk/se-og-stoet-forslag/?Id=FT-17930;c:\Users\olive\OneDrive - Københavns Universitet\KUonedriveOW\9. Semester\Intro to Social Data Science\EXAM PROJECT
20240818153203;2024-08-18 15:32:29;200;43606;https://borgerforslag.dk/se-og-stoet-forslag/?Id=FT-17914;c:\Users\olive\OneDrive - Københavns Universitet\KUonedriveOW\9. Semester\Intro to Social Data Science\EXAM PROJECT
20240818153203;2024-08-18 15:32:31;200;41049;https://borgerforslag.dk/se-og-stoet-forslag/?Id=FT-17912;c:\Users\olive\OneDrive - Københavns Universitet\KUonedriveOW\9. Semester\Intro to Social Data Science\EXAM PROJECT
20240818153203;2024-08-18 15:32:32;200;39732;https://borgerforslag.dk/se-og-stoet-forslag/?Id=FT-17980;c:\Users\olive\OneDrive - Københavns Universitet\KUonedriveOW\9. Semester\Intro to Social Data Science\EXAM PROJECT
20240818153203;2024-08-18 15:32:34;200;39169;https://borgerforslag.dk/se-og-stoet-forslag/?Id=FT-17962;c:\Users\olive\OneDrive - Københavns Universitet\KUonedriveOW\9. Semester\Intro to Social Data Science\EXAM PROJECT
20240818153203;2024-08-18 15:32:36;200;40781;https://borgerforslag.dk/se-og-stoet-forslag/?Id=FT-17945;c:\Users\olive\OneDrive - Københavns Universitet\KUonedriveOW\9. Semester\Intro to Social Data Science\EXAM PROJECT
20240818153203;2024-08-18 15:32:38;200;46348;https://borgerforslag.dk/se-og-stoet-forslag/?Id=FT-17961;c:\Users\olive\OneDrive - Københavns Universitet\KUonedriveOW\9. Semester\Intro to Social Data Science\EXAM PROJECT
20240818153203;2024-08-18 15:32:40;200;39244;https://borgerforslag.dk/se-og-stoet-forslag/?Id=FT-17926;c:\Users\olive\OneDrive - Københavns Universitet\KUonedriveOW\9. Semester\Intro to Social Data Science\EXAM PROJECT
20240818153203;2024-08-18 15:32:42;200;43585;https://borgerforslag.dk/se-og-stoet-forslag/?Id=FT-17781;c:\Users\olive\OneDrive - Københavns Universitet\KUonedriveOW\9. Semester\Intro to Social Data Science\EXAM PROJECT
20240818153203;2024-08-18 15:32:44;200;39286;https://borgerforslag.dk/se-og-stoet-forslag/?Id=FT-17938;c:\Users\olive\OneDrive - Københavns Universitet\KUonedriveOW\9. Semester\Intro to Social Data Science\EXAM PROJECT
20240818153203;2024-08-18 15:32:46;200;40731;https://borgerforslag.dk/se-og-stoet-forslag/?Id=FT-17913;c:\Users\olive\OneDrive - Københavns Universitet\KUonedriveOW\9. Semester\Intro to Social Data Science\EXAM PROJECT
20240818153203;2024-08-18 15:32:47;200;40883;https://borgerforslag.dk/se-og-stoet-forslag/?Id=FT-17881;c:\Users\olive\OneDrive - Københavns Universitet\KUonedriveOW\9. Semester\Intro to Social Data Science\EXAM PROJECT
20240818153203;2024-08-18 15:32:49;200;40120;https://borgerforslag.dk/se-og-stoet-forslag/?Id=FT-17891;c:\Users\olive\OneDrive - Københavns Universitet\KUonedriveOW\9. Semester\Intro to Social Data Science\EXAM PROJECT
20240818153203;2024-08-18 15:32:51;200;41923;https://borgerforslag.dk/se-og-stoet-forslag/?Id=FT-17910;c:\Users\olive\OneDrive - Københavns Universitet\KUonedriveOW\9. Semester\Intro to Social Data Science\EXAM PROJECT
20240818153203;2024-08-18 15:32:53;200;45599;https://borgerforslag.dk/se-og-stoet-forslag/?Id=FT-17828;c:\Users\olive\OneDrive - Københavns Universitet\KUonedriveOW\9. Semester\Intro to Social Data Science\EXAM PROJECT
20240818153203;2024-08-18 15:32:55;200;46188;https://borgerforslag.dk/se-og-stoet-forslag/?Id=FT-17873;c:\Users\olive\OneDrive - Københavns Universitet\KUonedriveOW\9. Semester\Intro to Social Data Science\EXAM PROJECT
20240818153203;2024-08-18 15:32:56;200;41603;https://borgerforslag.dk/se-og-stoet-forslag/?Id=FT-17810;c:\Users\olive\OneDrive - Københavns Universitet\KUonedriveOW\9. Semester\Intro to Social Data Science\EXAM PROJECT
20240818153203;2024-08-18 15:32:59;200;41749;https://borgerforslag.dk/se-og-stoet-forslag/?Id=FT-17838;c:\Users\olive\OneDrive - Københavns Universitet\KUonedriveOW\9. Semester\Intro to Social Data Science\EXAM PROJECT
20240818153203;2024-08-18 15:33:00;200;40298;https://borgerforslag.dk/se-og-stoet-forslag/?Id=FT-17875;c:\Users\olive\OneDrive - Københavns Universitet\KUonedriveOW\9. Semester\Intro to Social Data Science\EXAM PROJECT
20240818153203;2024-08-18 15:33:02;200;39556;https://borgerforslag.dk/se-og-stoet-forslag/?Id=FT-17815;c:\Users\olive\OneDrive - Københavns Universitet\KUonedriveOW\9. Semester\Intro to Social Data Science\EXAM PROJECT
20240818153203;2024-08-18 15:33:03;200;40489;https://borgerforslag.dk/se-og-stoet-forslag/?Id=FT-17855;c:\Users\olive\OneDrive - Københavns Universitet\KUonedriveOW\9. Semester\Intro to Social Data Science\EXAM PROJECT
20240818153203;2024-08-18 15:33:05;200;38675;https://borgerforslag.dk/se-og-stoet-forslag/?Id=FT-17822;c:\Users\olive\OneDrive - Københavns Universitet\KUonedriveOW\9. Semester\Intro to Social Data Science\EXAM PROJECT
20240818153203;2024-08-18 15:33:06;200;40874;https://borgerforslag.dk/se-og-stoet-forslag/?Id=FT-17871;c:\Users\olive\OneDrive - Københavns Universitet\KUonedriveOW\9. Semester\Intro to Social Data Science\EXAM PROJECT
20240818153203;2024-08-18 15:33:08;200;40730;https://borgerforslag.dk/se-og-stoet-forslag/?Id=FT-17874;c:\Users\olive\OneDrive - Københavns Universitet\KUonedriveOW\9. Semester\Intro to Social Data Science\EXAM PROJECT
20240818153203;2024-08-18 15:33:10;200;41638;https://borgerforslag.dk/se-og-stoet-forslag/?Id=FT-17816;c:\Users\olive\OneDrive - Københavns Universitet\KUonedriveOW\9. Semester\Intro to Social Data Science\EXAM PROJECT
20240818153203;2024-08-18 15:33:11;200;40982;https://borgerforslag.dk/se-og-stoet-forslag/?Id=FT-17794;c:\Users\olive\OneDrive - Københavns Universitet\KUonedriveOW\9. Semester\Intro to Social Data Science\EXAM PROJECT
20240818153203;2024-08-18 15:33:13;200;39927;https://borgerforslag.dk/se-og-stoet-forslag/?Id=FT-17805;c:\Users\olive\OneDrive - Københavns Universitet\KUonedriveOW\9. Semester\Intro to Social Data Science\EXAM PROJECT
20240818153203;2024-08-18 15:33:15;200;40872;https://borgerforslag.dk/se-og-stoet-forslag/?Id=FT-17814;c:\Users\olive\OneDrive - Københavns Universitet\KUonedriveOW\9. Semester\Intro to Social Data Science\EXAM PROJECT
20240818153203;2024-08-18 15:33:16;200;44520;https://borgerforslag.dk/se-og-stoet-forslag/?Id=FT-17779;c:\Users\olive\OneDrive - Københavns Universitet\KUonedriveOW\9. Semester\Intro to Social Data Science\EXAM PROJECT
20240818153203;2024-08-18 15:33:18;200;39512;https://borgerforslag.dk/se-og-stoet-forslag/?Id=FT-17790;c:\Users\olive\OneDrive - Københavns Universitet\KUonedriveOW\9. Semester\Intro to Social Data Science\EXAM PROJECT
20240818153203;2024-08-18 15:33:20;200;49193;https://borgerforslag.dk/se-og-stoet-forslag/?Id=FT-17683;c:\Users\olive\OneDrive - Københavns Universitet\KUonedriveOW\9. Semester\Intro to Social Data Science\EXAM PROJECT
20240818153203;2024-08-18 15:33:22;200;47018;https://borgerforslag.dk/se-og-stoet-forslag/?Id=FT-17720;c:\Users\olive\OneDrive - Københavns Universitet\KUonedriveOW\9. Semester\Intro to Social Data Science\EXAM PROJECT
20240818153203;2024-08-18 15:33:24;200;41301;https://borgerforslag.dk/se-og-stoet-forslag/?Id=FT-17735;c:\Users\olive\OneDrive - Københavns Universitet\KUonedriveOW\9. Semester\Intro to Social Data Science\EXAM PROJECT
20240818153203;2024-08-18 15:33:25;200;39828;https://borgerforslag.dk/se-og-stoet-forslag/?Id=FT-17748;c:\Users\olive\OneDrive - Københavns Universitet\KUonedriveOW\9. Semester\Intro to Social Data Science\EXAM PROJECT
20240818153203;2024-08-18 15:33:27;200;42679;https://borgerforslag.dk/se-og-stoet-forslag/?Id=FT-17732;c:\Users\olive\OneDrive - Københavns Universitet\KUonedriveOW\9. Semester\Intro to Social Data Science\EXAM PROJECT
20240818153203;2024-08-18 15:33:28;200;45978;https://borgerforslag.dk/se-og-stoet-forslag/?Id=FT-17690;c:\Users\olive\OneDrive - Københavns Universitet\KUonedriveOW\9. Semester\Intro to Social Data Science\EXAM PROJECT
20240818153203;2024-08-18 15:33:30;200;41022;https://borgerforslag.dk/se-og-stoet-forslag/?Id=FT-17751;c:\Users\olive\OneDrive - Københavns Universitet\KUonedriveOW\9. Semester\Intro to Social Data Science\EXAM PROJECT
20240818153203;2024-08-18 15:33:31;200;39965;https://borgerforslag.dk/se-og-stoet-forslag/?Id=FT-17726;c:\Users\olive\OneDrive - Københavns Universitet\KUonedriveOW\9. Semester\Intro to Social Data Science\EXAM PROJECT
20240818153203;2024-08-18 15:33:33;200;39524;https://borgerforslag.dk/se-og-stoet-forslag/?Id=FT-17705;c:\Users\olive\OneDrive - Københavns Universitet\KUonedriveOW\9. Semester\Intro to Social Data Science\EXAM PROJECT
20240818153203;2024-08-18 15:33:35;200;39755;https://borgerforslag.dk/se-og-stoet-forslag/?Id=FT-17674;c:\Users\olive\OneDrive - Københavns Universitet\KUonedriveOW\9. Semester\Intro to Social Data Science\EXAM PROJECT
20240818153203;2024-08-18 15:33:37;200;44038;https://borgerforslag.dk/se-og-stoet-forslag/?Id=FT-17620;c:\Users\olive\OneDrive - Københavns Universitet\KUonedriveOW\9. Semester\Intro to Social Data Science\EXAM PROJECT
20240818153203;2024-08-18 15:33:39;200;39495;https://borgerforslag.dk/se-og-stoet-forslag/?Id=FT-17655;c:\Users\olive\OneDrive - Københavns Universitet\KUonedriveOW\9. Semester\Intro to Social Data Science\EXAM PROJECT
20240818153203;2024-08-18 15:33:41;200;39930;https://borgerforslag.dk/se-og-stoet-forslag/?Id=FT-17694;c:\Users\olive\OneDrive - Københavns Universitet\KUonedriveOW\9. Semester\Intro to Social Data Science\EXAM PROJECT
20240818153203;2024-08-18 15:33:43;200;41669;https://borgerforslag.dk/se-og-stoet-forslag/?Id=FT-17621;c:\Users\olive\OneDrive - Københavns Universitet\KUonedriveOW\9. Semester\Intro to Social Data Science\EXAM PROJECT
20240818153203;2024-08-18 15:33:44;200;41100;https://borgerforslag.dk/se-og-stoet-forslag/?Id=FT-17587;c:\Users\olive\OneDrive - Københavns Universitet\KUonedriveOW\9. Semester\Intro to Social Data Science\EXAM PROJECT
20240818153203;2024-08-18 15:33:46;200;41127;https://borgerforslag.dk/se-og-stoet-forslag/?Id=FT-17590;c:\Users\olive\OneDrive - Københavns Universitet\KUonedriveOW\9. Semester\Intro to Social Data Science\EXAM PROJECT
20240818153203;2024-08-18 15:33:48;200;40552;https://borgerforslag.dk/se-og-stoet-forslag/?Id=FT-17460;c:\Users\olive\OneDrive - Københavns Universitet\KUonedriveOW\9. Semester\Intro to Social Data Science\EXAM PROJECT
20240818153203;2024-08-18 15:33:50;200;41579;https://borgerforslag.dk/se-og-stoet-forslag/?Id=FT-17445;c:\Users\olive\OneDrive - Københavns Universitet\KUonedriveOW\9. Semester\Intro to Social Data Science\EXAM PROJECT
20240818153203;2024-08-18 15:33:52;200;44580;https://borgerforslag.dk/se-og-stoet-forslag/?Id=FT-17600;c:\Users\olive\OneDrive - Københavns Universitet\KUonedriveOW\9. Semester\Intro to Social Data Science\EXAM PROJECT
20240818153203;2024-08-18 15:33:54;200;40860;https://borgerforslag.dk/se-og-stoet-forslag/?Id=FT-17625;c:\Users\olive\OneDrive - Københavns Universitet\KUonedriveOW\9. Semester\Intro to Social Data Science\EXAM PROJECT
20240818153203;2024-08-18 15:33:56;200;40951;https://borgerforslag.dk/se-og-stoet-forslag/?Id=FT-17563;c:\Users\olive\OneDrive - Københavns Universitet\KUonedriveOW\9. Semester\Intro to Social Data Science\EXAM PROJECT
20240818153203;2024-08-18 15:33:58;200;40082;https://borgerforslag.dk/se-og-stoet-forslag/?Id=FT-17573;c:\Users\olive\OneDrive - Københavns Universitet\KUonedriveOW\9. Semester\Intro to Social Data Science\EXAM PROJECT
20240818153203;2024-08-18 15:33:59;200;39213;https://borgerforslag.dk/se-og-stoet-forslag/?Id=FT-17670;c:\Users\olive\OneDrive - Københavns Universitet\KUonedriveOW\9. Semester\Intro to Social Data Science\EXAM PROJECT
20240818153203;2024-08-18 15:34:01;200;39087;https://borgerforslag.dk/se-og-stoet-forslag/?Id=FT-17632;c:\Users\olive\OneDrive - Københavns Universitet\KUonedriveOW\9. Semester\Intro to Social Data Science\EXAM PROJECT
20240818153203;2024-08-18 15:34:02;200;39337;https://borgerforslag.dk/se-og-stoet-forslag/?Id=FT-17479;c:\Users\olive\OneDrive - Københavns Universitet\KUonedriveOW\9. Semester\Intro to Social Data Science\EXAM PROJECT
20240818153203;2024-08-18 15:34:04;200;39192;https://borgerforslag.dk/se-og-stoet-forslag/?Id=FT-17557;c:\Users\olive\OneDrive - Københavns Universitet\KUonedriveOW\9. Semester\Intro to Social Data Science\EXAM PROJECT
20240818153203;2024-08-18 15:34:06;200;40515;https://borgerforslag.dk/se-og-stoet-forslag/?Id=FT-17435;c:\Users\olive\OneDrive - Københavns Universitet\KUonedriveOW\9. Semester\Intro to Social Data Science\EXAM PROJECT
20240818153203;2024-08-18 15:34:08;200;39037;https://borgerforslag.dk/se-og-stoet-forslag/?Id=FT-17529;c:\Users\olive\OneDrive - Københavns Universitet\KUonedriveOW\9. Semester\Intro to Social Data Science\EXAM PROJECT
20240818153203;2024-08-18 15:34:10;200;41458;https://borgerforslag.dk/se-og-stoet-forslag/?Id=FT-17505;c:\Users\olive\OneDrive - Københavns Universitet\KUonedriveOW\9. Semester\Intro to Social Data Science\EXAM PROJECT
20240818153203;2024-08-18 15:34:11;200;40502;https://borgerforslag.dk/se-og-stoet-forslag/?Id=FT-17413;c:\Users\olive\OneDrive - Københavns Universitet\KUonedriveOW\9. Semester\Intro to Social Data Science\EXAM PROJECT
20240818153203;2024-08-18 15:34:13;200;40612;https://borgerforslag.dk/se-og-stoet-forslag/?Id=FT-17448;c:\Users\olive\OneDrive - Københavns Universitet\KUonedriveOW\9. Semester\Intro to Social Data Science\EXAM PROJECT
20240818153203;2024-08-18 15:34:15;200;39218;https://borgerforslag.dk/se-og-stoet-forslag/?Id=FT-17340;c:\Users\olive\OneDrive - Københavns Universitet\KUonedriveOW\9. Semester\Intro to Social Data Science\EXAM PROJECT
20240818153203;2024-08-18 15:34:17;200;38751;https://borgerforslag.dk/se-og-stoet-forslag/?Id=FT-17410;c:\Users\olive\OneDrive - Københavns Universitet\KUonedriveOW\9. Semester\Intro to Social Data Science\EXAM PROJECT
20240818153203;2024-08-18 15:34:19;200;52830;https://borgerforslag.dk/se-og-stoet-forslag/?Id=FT-17392;c:\Users\olive\OneDrive - Københavns Universitet\KUonedriveOW\9. Semester\Intro to Social Data Science\EXAM PROJECT
20240818153203;2024-08-18 15:34:20;200;39530;https://borgerforslag.dk/se-og-stoet-forslag/?Id=FT-17368;c:\Users\olive\OneDrive - Københavns Universitet\KUonedriveOW\9. Semester\Intro to Social Data Science\EXAM PROJECT
20240818153203;2024-08-18 15:34:22;200;40849;https://borgerforslag.dk/se-og-stoet-forslag/?Id=FT-17325;c:\Users\olive\OneDrive - Københavns Universitet\KUonedriveOW\9. Semester\Intro to Social Data Science\EXAM PROJECT
20240818153203;2024-08-18 15:34:24;200;45194;https://borgerforslag.dk/se-og-stoet-forslag/?Id=FT-17300;c:\Users\olive\OneDrive - Københavns Universitet\KUonedriveOW\9. Semester\Intro to Social Data Science\EXAM PROJECT
20240818153203;2024-08-18 15:34:25;200;42380;https://borgerforslag.dk/se-og-stoet-forslag/?Id=FT-17262;c:\Users\olive\OneDrive - Københavns Universitet\KUonedriveOW\9. Semester\Intro to Social Data Science\EXAM PROJECT
20240818153203;2024-08-18 15:34:27;200;40745;https://borgerforslag.dk/se-og-stoet-forslag/?Id=FT-17317;c:\Users\olive\OneDrive - Københavns Universitet\KUonedriveOW\9. Semester\Intro to Social Data Science\EXAM PROJECT
20240818153203;2024-08-18 15:34:29;200;43389;https://borgerforslag.dk/se-og-stoet-forslag/?Id=FT-17241;c:\Users\olive\OneDrive - Københavns Universitet\KUonedriveOW\9. Semester\Intro to Social Data Science\EXAM PROJECT
20240818153203;2024-08-18 15:34:30;200;40219;https://borgerforslag.dk/se-og-stoet-forslag/?Id=FT-17315;c:\Users\olive\OneDrive - Københavns Universitet\KUonedriveOW\9. Semester\Intro to Social Data Science\EXAM PROJECT
20240818153203;2024-08-18 15:34:33;200;42347;https://borgerforslag.dk/se-og-stoet-forslag/?Id=FT-17272;c:\Users\olive\OneDrive - Københavns Universitet\KUonedriveOW\9. Semester\Intro to Social Data Science\EXAM PROJECT
20240818153203;2024-08-18 15:34:35;200;52598;https://borgerforslag.dk/se-og-stoet-forslag/?Id=FT-17191;c:\Users\olive\OneDrive - Københavns Universitet\KUonedriveOW\9. Semester\Intro to Social Data Science\EXAM PROJECT
20240818153203;2024-08-18 15:34:36;200;44562;https://borgerforslag.dk/se-og-stoet-forslag/?Id=FT-17165;c:\Users\olive\OneDrive - Københavns Universitet\KUonedriveOW\9. Semester\Intro to Social Data Science\EXAM PROJECT
20240818153203;2024-08-18 15:34:38;200;40081;https://borgerforslag.dk/se-og-stoet-forslag/?Id=FT-17257;c:\Users\olive\OneDrive - Københavns Universitet\KUonedriveOW\9. Semester\Intro to Social Data Science\EXAM PROJECT
20240818153203;2024-08-18 15:34:40;200;45015;https://borgerforslag.dk/se-og-stoet-forslag/?Id=FT-17254;c:\Users\olive\OneDrive - Københavns Universitet\KUonedriveOW\9. Semester\Intro to Social Data Science\EXAM PROJECT
20240818153203;2024-08-18 15:34:42;200;39959;https://borgerforslag.dk/se-og-stoet-forslag/?Id=FT-17225;c:\Users\olive\OneDrive - Københavns Universitet\KUonedriveOW\9. Semester\Intro to Social Data Science\EXAM PROJECT
20240818153203;2024-08-18 15:34:44;200;41040;https://borgerforslag.dk/se-og-stoet-forslag/?Id=FT-17226;c:\Users\olive\OneDrive - Københavns Universitet\KUonedriveOW\9. Semester\Intro to Social Data Science\EXAM PROJECT
20240818153203;2024-08-18 15:34:46;200;41530;https://borgerforslag.dk/se-og-stoet-forslag/?Id=FT-17228;c:\Users\olive\OneDrive - Københavns Universitet\KUonedriveOW\9. Semester\Intro to Social Data Science\EXAM PROJECT
20240818153203;2024-08-18 15:34:48;200;39631;https://borgerforslag.dk/se-og-stoet-forslag/?Id=FT-17151;c:\Users\olive\OneDrive - Københavns Universitet\KUonedriveOW\9. Semester\Intro to Social Data Science\EXAM PROJECT
20240818153203;2024-08-18 15:34:49;200;37729;https://borgerforslag.dk/se-og-stoet-forslag/?Id=FT-17104;c:\Users\olive\OneDrive - Københavns Universitet\KUonedriveOW\9. Semester\Intro to Social Data Science\EXAM PROJECT
20240818153203;2024-08-18 15:34:51;200;37589;https://borgerforslag.dk/se-og-stoet-forslag/?Id=FT-16985;c:\Users\olive\OneDrive - Københavns Universitet\KUonedriveOW\9. Semester\Intro to Social Data Science\EXAM PROJECT
20240818153203;2024-08-18 15:34:53;200;39121;https://borgerforslag.dk/se-og-stoet-forslag/?Id=FT-17039;c:\Users\olive\OneDrive - Københavns Universitet\KUonedriveOW\9. Semester\Intro to Social Data Science\EXAM PROJECT
20240818153203;2024-08-18 15:34:55;200;36727;https://borgerforslag.dk/se-og-stoet-forslag/?Id=FT-17153;c:\Users\olive\OneDrive - Københavns Universitet\KUonedriveOW\9. Semester\Intro to Social Data Science\EXAM PROJECT
20240818153203;2024-08-18 15:34:57;200;49246;https://borgerforslag.dk/se-og-stoet-forslag/?Id=FT-17148;c:\Users\olive\OneDrive - Københavns Universitet\KUonedriveOW\9. Semester\Intro to Social Data Science\EXAM PROJECT
20240818153203;2024-08-18 15:34:59;200;36180;https://borgerforslag.dk/se-og-stoet-forslag/?Id=FT-17121;c:\Users\olive\OneDrive - Københavns Universitet\KUonedriveOW\9. Semester\Intro to Social Data Science\EXAM PROJECT
20240818153203;2024-08-18 15:35:00;200;36047;https://borgerforslag.dk/se-og-stoet-forslag/?Id=FT-16998;c:\Users\olive\OneDrive - Københavns Universitet\KUonedriveOW\9. Semester\Intro to Social Data Science\EXAM PROJECT
20240818153203;2024-08-18 15:35:02;200;38488;https://borgerforslag.dk/se-og-stoet-forslag/?Id=FT-17026;c:\Users\olive\OneDrive - Københavns Universitet\KUonedriveOW\9. Semester\Intro to Social Data Science\EXAM PROJECT
20240818153203;2024-08-18 15:35:03;200;39841;https://borgerforslag.dk/se-og-stoet-forslag/?Id=FT-16962;c:\Users\olive\OneDrive - Københavns Universitet\KUonedriveOW\9. Semester\Intro to Social Data Science\EXAM PROJECT
20240818153203;2024-08-18 15:35:06;200;35673;https://borgerforslag.dk/se-og-stoet-forslag/?Id=FT-16957;c:\Users\olive\OneDrive - Københavns Universitet\KUonedriveOW\9. Semester\Intro to Social Data Science\EXAM PROJECT
20240818153203;2024-08-18 15:35:07;200;36126;https://borgerforslag.dk/se-og-stoet-forslag/?Id=FT-16992;c:\Users\olive\OneDrive - Københavns Universitet\KUonedriveOW\9. Semester\Intro to Social Data Science\EXAM PROJECT
20240818153203;2024-08-18 15:35:09;200;35944;https://borgerforslag.dk/se-og-stoet-forslag/?Id=FT-17055;c:\Users\olive\OneDrive - Københavns Universitet\KUonedriveOW\9. Semester\Intro to Social Data Science\EXAM PROJECT
20240818153203;2024-08-18 15:35:11;200;36643;https://borgerforslag.dk/se-og-stoet-forslag/?Id=FT-16911;c:\Users\olive\OneDrive - Københavns Universitet\KUonedriveOW\9. Semester\Intro to Social Data Science\EXAM PROJECT
20240818153203;2024-08-18 15:35:13;200;41578;https://borgerforslag.dk/se-og-stoet-forslag/?Id=FT-16776;c:\Users\olive\OneDrive - Københavns Universitet\KUonedriveOW\9. Semester\Intro to Social Data Science\EXAM PROJECT
20240818153203;2024-08-18 15:35:15;200;37353;https://borgerforslag.dk/se-og-stoet-forslag/?Id=FT-16886;c:\Users\olive\OneDrive - Københavns Universitet\KUonedriveOW\9. Semester\Intro to Social Data Science\EXAM PROJECT
20240818153203;2024-08-18 15:35:16;200;37066;https://borgerforslag.dk/se-og-stoet-forslag/?Id=FT-17018;c:\Users\olive\OneDrive - Københavns Universitet\KUonedriveOW\9. Semester\Intro to Social Data Science\EXAM PROJECT
20240818153203;2024-08-18 15:35:18;200;36001;https://borgerforslag.dk/se-og-stoet-forslag/?Id=FT-16855;c:\Users\olive\OneDrive - Københavns Universitet\KUonedriveOW\9. Semester\Intro to Social Data Science\EXAM PROJECT
20240818153203;2024-08-18 15:35:20;200;36501;https://borgerforslag.dk/se-og-stoet-forslag/?Id=FT-16870;c:\Users\olive\OneDrive - Københavns Universitet\KUonedriveOW\9. Semester\Intro to Social Data Science\EXAM PROJECT
20240818153203;2024-08-18 15:35:22;200;36252;https://borgerforslag.dk/se-og-stoet-forslag/?Id=FT-16810;c:\Users\olive\OneDrive - Københavns Universitet\KUonedriveOW\9. Semester\Intro to Social Data Science\EXAM PROJECT
20240818153203;2024-08-18 15:35:23;200;51077;https://borgerforslag.dk/se-og-stoet-forslag/?Id=FT-16712;c:\Users\olive\OneDrive - Københavns Universitet\KUonedriveOW\9. Semester\Intro to Social Data Science\EXAM PROJECT
20240818153203;2024-08-18 15:35:25;200;36173;https://borgerforslag.dk/se-og-stoet-forslag/?Id=FT-16898;c:\Users\olive\OneDrive - Københavns Universitet\KUonedriveOW\9. Semester\Intro to Social Data Science\EXAM PROJECT
20240818153203;2024-08-18 15:35:27;200;35677;https://borgerforslag.dk/se-og-stoet-forslag/?Id=FT-16858;c:\Users\olive\OneDrive - Københavns Universitet\KUonedriveOW\9. Semester\Intro to Social Data Science\EXAM PROJECT
20240818153203;2024-08-18 15:35:29;200;36150;https://borgerforslag.dk/se-og-stoet-forslag/?Id=FT-16763;c:\Users\olive\OneDrive - Københavns Universitet\KUonedriveOW\9. Semester\Intro to Social Data Science\EXAM PROJECT
20240818153203;2024-08-18 15:35:30;200;36315;https://borgerforslag.dk/se-og-stoet-forslag/?Id=FT-16843;c:\Users\olive\OneDrive - Københavns Universitet\KUonedriveOW\9. Semester\Intro to Social Data Science\EXAM PROJECT
20240818153203;2024-08-18 15:35:32;200;38171;https://borgerforslag.dk/se-og-stoet-forslag/?Id=FT-16765;c:\Users\olive\OneDrive - Københavns Universitet\KUonedriveOW\9. Semester\Intro to Social Data Science\EXAM PROJECT
20240818153203;2024-08-18 15:35:34;200;35702;https://borgerforslag.dk/se-og-stoet-forslag/?Id=FT-16805;c:\Users\olive\OneDrive - Københavns Universitet\KUonedriveOW\9. Semester\Intro to Social Data Science\EXAM PROJECT
20240818153203;2024-08-18 15:35:36;200;38350;https://borgerforslag.dk/se-og-stoet-forslag/?Id=FT-16741;c:\Users\olive\OneDrive - Københavns Universitet\KUonedriveOW\9. Semester\Intro to Social Data Science\EXAM PROJECT
20240818153203;2024-08-18 15:35:38;200;38480;https://borgerforslag.dk/se-og-stoet-forslag/?Id=FT-16822;c:\Users\olive\OneDrive - Københavns Universitet\KUonedriveOW\9. Semester\Intro to Social Data Science\EXAM PROJECT
20240818153203;2024-08-18 15:35:40;200;35981;https://borgerforslag.dk/se-og-stoet-forslag/?Id=FT-16693;c:\Users\olive\OneDrive - Københavns Universitet\KUonedriveOW\9. Semester\Intro to Social Data Science\EXAM PROJECT
20240818153203;2024-08-18 15:35:41;200;36498;https://borgerforslag.dk/se-og-stoet-forslag/?Id=FT-16642;c:\Users\olive\OneDrive - Københavns Universitet\KUonedriveOW\9. Semester\Intro to Social Data Science\EXAM PROJECT
20240818153203;2024-08-18 15:35:43;200;36380;https://borgerforslag.dk/se-og-stoet-forslag/?Id=FT-16611;c:\Users\olive\OneDrive - Københavns Universitet\KUonedriveOW\9. Semester\Intro to Social Data Science\EXAM PROJECT
20240818153203;2024-08-18 15:35:45;200;38580;https://borgerforslag.dk/se-og-stoet-forslag/?Id=FT-16709;c:\Users\olive\OneDrive - Københavns Universitet\KUonedriveOW\9. Semester\Intro to Social Data Science\EXAM PROJECT
20240818153203;2024-08-18 15:35:46;200;37315;https://borgerforslag.dk/se-og-stoet-forslag/?Id=FT-16676;c:\Users\olive\OneDrive - Københavns Universitet\KUonedriveOW\9. Semester\Intro to Social Data Science\EXAM PROJECT
20240818153203;2024-08-18 15:35:48;200;37195;https://borgerforslag.dk/se-og-stoet-forslag/?Id=FT-16408;c:\Users\olive\OneDrive - Københavns Universitet\KUonedriveOW\9. Semester\Intro to Social Data Science\EXAM PROJECT
20240818153203;2024-08-18 15:35:50;200;36553;https://borgerforslag.dk/se-og-stoet-forslag/?Id=FT-16661;c:\Users\olive\OneDrive - Københavns Universitet\KUonedriveOW\9. Semester\Intro to Social Data Science\EXAM PROJECT
20240818153203;2024-08-18 15:35:51;200;36050;https://borgerforslag.dk/se-og-stoet-forslag/?Id=FT-16663;c:\Users\olive\OneDrive - Københavns Universitet\KUonedriveOW\9. Semester\Intro to Social Data Science\EXAM PROJECT
20240818153203;2024-08-18 15:35:53;200;35649;https://borgerforslag.dk/se-og-stoet-forslag/?Id=FT-16644;c:\Users\olive\OneDrive - Københavns Universitet\KUonedriveOW\9. Semester\Intro to Social Data Science\EXAM PROJECT
20240818153203;2024-08-18 15:35:55;200;37654;https://borgerforslag.dk/se-og-stoet-forslag/?Id=FT-16513;c:\Users\olive\OneDrive - Københavns Universitet\KUonedriveOW\9. Semester\Intro to Social Data Science\EXAM PROJECT
20240818153203;2024-08-18 15:35:57;200;38283;https://borgerforslag.dk/se-og-stoet-forslag/?Id=FT-16375;c:\Users\olive\OneDrive - Københavns Universitet\KUonedriveOW\9. Semester\Intro to Social Data Science\EXAM PROJECT
20240818153203;2024-08-18 15:35:59;200;38062;https://borgerforslag.dk/se-og-stoet-forslag/?Id=FT-16550;c:\Users\olive\OneDrive - Københavns Universitet\KUonedriveOW\9. Semester\Intro to Social Data Science\EXAM PROJECT
20240818153203;2024-08-18 15:36:00;200;47686;https://borgerforslag.dk/se-og-stoet-forslag/?Id=FT-16508;c:\Users\olive\OneDrive - Københavns Universitet\KUonedriveOW\9. Semester\Intro to Social Data Science\EXAM PROJECT
20240818153203;2024-08-18 15:36:02;200;37704;https://borgerforslag.dk/se-og-stoet-forslag/?Id=FT-16519;c:\Users\olive\OneDrive - Københavns Universitet\KUonedriveOW\9. Semester\Intro to Social Data Science\EXAM PROJECT
20240818153203;2024-08-18 15:36:04;200;38041;https://borgerforslag.dk/se-og-stoet-forslag/?Id=FT-16622;c:\Users\olive\OneDrive - Københavns Universitet\KUonedriveOW\9. Semester\Intro to Social Data Science\EXAM PROJECT
20240818153203;2024-08-18 15:36:06;200;43434;https://borgerforslag.dk/se-og-stoet-forslag/?Id=FT-16535;c:\Users\olive\OneDrive - Københavns Universitet\KUonedriveOW\9. Semester\Intro to Social Data Science\EXAM PROJECT
20240818153203;2024-08-18 15:36:07;200;38268;https://borgerforslag.dk/se-og-stoet-forslag/?Id=FT-16442;c:\Users\olive\OneDrive - Københavns Universitet\KUonedriveOW\9. Semester\Intro to Social Data Science\EXAM PROJECT
20240818153203;2024-08-18 15:36:09;200;37568;https://borgerforslag.dk/se-og-stoet-forslag/?Id=FT-16421;c:\Users\olive\OneDrive - Københavns Universitet\KUonedriveOW\9. Semester\Intro to Social Data Science\EXAM PROJECT
20240818153203;2024-08-18 15:36:11;200;38263;https://borgerforslag.dk/se-og-stoet-forslag/?Id=FT-16482;c:\Users\olive\OneDrive - Københavns Universitet\KUonedriveOW\9. Semester\Intro to Social Data Science\EXAM PROJECT
20240818153203;2024-08-18 15:36:13;200;43428;https://borgerforslag.dk/se-og-stoet-forslag/?Id=FT-16479;c:\Users\olive\OneDrive - Københavns Universitet\KUonedriveOW\9. Semester\Intro to Social Data Science\EXAM PROJECT
20240818153203;2024-08-18 15:36:15;200;37075;https://borgerforslag.dk/se-og-stoet-forslag/?Id=FT-16536;c:\Users\olive\OneDrive - Københavns Universitet\KUonedriveOW\9. Semester\Intro to Social Data Science\EXAM PROJECT
20240818153203;2024-08-18 15:36:16;200;35347;https://borgerforslag.dk/se-og-stoet-forslag/?Id=FT-16514;c:\Users\olive\OneDrive - Københavns Universitet\KUonedriveOW\9. Semester\Intro to Social Data Science\EXAM PROJECT
20240818153203;2024-08-18 15:36:18;200;35713;https://borgerforslag.dk/se-og-stoet-forslag/?Id=FT-16614;c:\Users\olive\OneDrive - Københavns Universitet\KUonedriveOW\9. Semester\Intro to Social Data Science\EXAM PROJECT
20240818153203;2024-08-18 15:36:20;200;36569;https://borgerforslag.dk/se-og-stoet-forslag/?Id=FT-16546;c:\Users\olive\OneDrive - Københavns Universitet\KUonedriveOW\9. Semester\Intro to Social Data Science\EXAM PROJECT
20240818153203;2024-08-18 15:36:22;200;34865;https://borgerforslag.dk/se-og-stoet-forslag/?Id=FT-16575;c:\Users\olive\OneDrive - Københavns Universitet\KUonedriveOW\9. Semester\Intro to Social Data Science\EXAM PROJECT
20240818153203;2024-08-18 15:36:23;200;43058;https://borgerforslag.dk/se-og-stoet-forslag/?Id=FT-16446;c:\Users\olive\OneDrive - Københavns Universitet\KUonedriveOW\9. Semester\Intro to Social Data Science\EXAM PROJECT
20240818153203;2024-08-18 15:36:25;200;39125;https://borgerforslag.dk/se-og-stoet-forslag/?Id=FT-16380;c:\Users\olive\OneDrive - Københavns Universitet\KUonedriveOW\9. Semester\Intro to Social Data Science\EXAM PROJECT
20240818153203;2024-08-18 15:36:27;200;47629;https://borgerforslag.dk/se-og-stoet-forslag/?Id=FT-16393;c:\Users\olive\OneDrive - Københavns Universitet\KUonedriveOW\9. Semester\Intro to Social Data Science\EXAM PROJECT
20240818153203;2024-08-18 15:36:29;200;37074;https://borgerforslag.dk/se-og-stoet-forslag/?Id=FT-16385;c:\Users\olive\OneDrive - Københavns Universitet\KUonedriveOW\9. Semester\Intro to Social Data Science\EXAM PROJECT
20240818153203;2024-08-18 15:36:31;200;35723;https://borgerforslag.dk/se-og-stoet-forslag/?Id=FT-16371;c:\Users\olive\OneDrive - Københavns Universitet\KUonedriveOW\9. Semester\Intro to Social Data Science\EXAM PROJECT
20240818153203;2024-08-18 15:36:33;200;39452;https://borgerforslag.dk/se-og-stoet-forslag/?Id=FT-16345;c:\Users\olive\OneDrive - Københavns Universitet\KUonedriveOW\9. Semester\Intro to Social Data Science\EXAM PROJECT
20240818153203;2024-08-18 15:36:34;200;36612;https://borgerforslag.dk/se-og-stoet-forslag/?Id=FT-16211;c:\Users\olive\OneDrive - Københavns Universitet\KUonedriveOW\9. Semester\Intro to Social Data Science\EXAM PROJECT
20240818153203;2024-08-18 15:36:36;200;35747;https://borgerforslag.dk/se-og-stoet-forslag/?Id=FT-16333;c:\Users\olive\OneDrive - Københavns Universitet\KUonedriveOW\9. Semester\Intro to Social Data Science\EXAM PROJECT
20240818153203;2024-08-18 15:36:38;200;36757;https://borgerforslag.dk/se-og-stoet-forslag/?Id=FT-16328;c:\Users\olive\OneDrive - Københavns Universitet\KUonedriveOW\9. Semester\Intro to Social Data Science\EXAM PROJECT
20240818153203;2024-08-18 15:36:39;200;46741;https://borgerforslag.dk/se-og-stoet-forslag/?Id=FT-16316;c:\Users\olive\OneDrive - Københavns Universitet\KUonedriveOW\9. Semester\Intro to Social Data Science\EXAM PROJECT
20240818153203;2024-08-18 15:36:41;200;39860;https://borgerforslag.dk/se-og-stoet-forslag/?Id=FT-16347;c:\Users\olive\OneDrive - Københavns Universitet\KUonedriveOW\9. Semester\Intro to Social Data Science\EXAM PROJECT
20240818153203;2024-08-18 15:36:43;200;39066;https://borgerforslag.dk/se-og-stoet-forslag/?Id=FT-16250;c:\Users\olive\OneDrive - Københavns Universitet\KUonedriveOW\9. Semester\Intro to Social Data Science\EXAM PROJECT
20240818153203;2024-08-18 15:36:45;200;36734;https://borgerforslag.dk/se-og-stoet-forslag/?Id=FT-16302;c:\Users\olive\OneDrive - Københavns Universitet\KUonedriveOW\9. Semester\Intro to Social Data Science\EXAM PROJECT
20240818153203;2024-08-18 15:36:47;200;40471;https://borgerforslag.dk/se-og-stoet-forslag/?Id=FT-16179;c:\Users\olive\OneDrive - Københavns Universitet\KUonedriveOW\9. Semester\Intro to Social Data Science\EXAM PROJECT
20240818153203;2024-08-18 15:36:49;200;43646;https://borgerforslag.dk/se-og-stoet-forslag/?Id=FT-16197;c:\Users\olive\OneDrive - Københavns Universitet\KUonedriveOW\9. Semester\Intro to Social Data Science\EXAM PROJECT
20240818153203;2024-08-18 15:36:51;200;38520;https://borgerforslag.dk/se-og-stoet-forslag/?Id=FT-16181;c:\Users\olive\OneDrive - Københavns Universitet\KUonedriveOW\9. Semester\Intro to Social Data Science\EXAM PROJECT
20240818153203;2024-08-18 15:36:53;200;37116;https://borgerforslag.dk/se-og-stoet-forslag/?Id=FT-16218;c:\Users\olive\OneDrive - Københavns Universitet\KUonedriveOW\9. Semester\Intro to Social Data Science\EXAM PROJECT
20240818153203;2024-08-18 15:36:54;200;37576;https://borgerforslag.dk/se-og-stoet-forslag/?Id=FT-16153;c:\Users\olive\OneDrive - Københavns Universitet\KUonedriveOW\9. Semester\Intro to Social Data Science\EXAM PROJECT
20240818153203;2024-08-18 15:36:57;200;49206;https://borgerforslag.dk/se-og-stoet-forslag/?Id=FT-16175;c:\Users\olive\OneDrive - Københavns Universitet\KUonedriveOW\9. Semester\Intro to Social Data Science\EXAM PROJECT
20240818153203;2024-08-18 15:36:59;200;40813;https://borgerforslag.dk/se-og-stoet-forslag/?Id=FT-16134;c:\Users\olive\OneDrive - Københavns Universitet\KUonedriveOW\9. Semester\Intro to Social Data Science\EXAM PROJECT
20240818153203;2024-08-18 15:37:01;200;37182;https://borgerforslag.dk/se-og-stoet-forslag/?Id=FT-16111;c:\Users\olive\OneDrive - Københavns Universitet\KUonedriveOW\9. Semester\Intro to Social Data Science\EXAM PROJECT
20240818153203;2024-08-18 15:37:02;200;36702;https://borgerforslag.dk/se-og-stoet-forslag/?Id=FT-16130;c:\Users\olive\OneDrive - Københavns Universitet\KUonedriveOW\9. Semester\Intro to Social Data Science\EXAM PROJECT
20240818153203;2024-08-18 15:37:04;200;37185;https://borgerforslag.dk/se-og-stoet-forslag/?Id=FT-16129;c:\Users\olive\OneDrive - Københavns Universitet\KUonedriveOW\9. Semester\Intro to Social Data Science\EXAM PROJECT
20240818153203;2024-08-18 15:37:06;200;37719;https://borgerforslag.dk/se-og-stoet-forslag/?Id=FT-16135;c:\Users\olive\OneDrive - Københavns Universitet\KUonedriveOW\9. Semester\Intro to Social Data Science\EXAM PROJECT
20240818153203;2024-08-18 15:37:07;200;37132;https://borgerforslag.dk/se-og-stoet-forslag/?Id=FT-16044;c:\Users\olive\OneDrive - Københavns Universitet\KUonedriveOW\9. Semester\Intro to Social Data Science\EXAM PROJECT
20240818153203;2024-08-18 15:37:09;200;41161;https://borgerforslag.dk/se-og-stoet-forslag/?Id=FT-16034;c:\Users\olive\OneDrive - Københavns Universitet\KUonedriveOW\9. Semester\Intro to Social Data Science\EXAM PROJECT
20240818153203;2024-08-18 15:37:11;200;38494;https://borgerforslag.dk/se-og-stoet-forslag/?Id=FT-16139;c:\Users\olive\OneDrive - Københavns Universitet\KUonedriveOW\9. Semester\Intro to Social Data Science\EXAM PROJECT
20240818153203;2024-08-18 15:37:13;200;36766;https://borgerforslag.dk/se-og-stoet-forslag/?Id=FT-16087;c:\Users\olive\OneDrive - Københavns Universitet\KUonedriveOW\9. Semester\Intro to Social Data Science\EXAM PROJECT
20240818153203;2024-08-18 15:37:15;200;42346;https://borgerforslag.dk/se-og-stoet-forslag/?Id=FT-16035;c:\Users\olive\OneDrive - Københavns Universitet\KUonedriveOW\9. Semester\Intro to Social Data Science\EXAM PROJECT
20240818153203;2024-08-18 15:37:17;200;44722;https://borgerforslag.dk/se-og-stoet-forslag/?Id=FT-16151;c:\Users\olive\OneDrive - Københavns Universitet\KUonedriveOW\9. Semester\Intro to Social Data Science\EXAM PROJECT
20240818153203;2024-08-18 15:37:19;200;41552;https://borgerforslag.dk/se-og-stoet-forslag/?Id=FT-15959;c:\Users\olive\OneDrive - Københavns Universitet\KUonedriveOW\9. Semester\Intro to Social Data Science\EXAM PROJECT
20240818153203;2024-08-18 15:37:21;200;36659;https://borgerforslag.dk/se-og-stoet-forslag/?Id=FT-16014;c:\Users\olive\OneDrive - Københavns Universitet\KUonedriveOW\9. Semester\Intro to Social Data Science\EXAM PROJECT
20240818153203;2024-08-18 15:37:22;200;39032;https://borgerforslag.dk/se-og-stoet-forslag/?Id=FT-15989;c:\Users\olive\OneDrive - Københavns Universitet\KUonedriveOW\9. Semester\Intro to Social Data Science\EXAM PROJECT
20240818153203;2024-08-18 15:37:24;200;48331;https://borgerforslag.dk/se-og-stoet-forslag/?Id=FT-15801;c:\Users\olive\OneDrive - Københavns Universitet\KUonedriveOW\9. Semester\Intro to Social Data Science\EXAM PROJECT
20240818153203;2024-08-18 15:37:26;200;36903;https://borgerforslag.dk/se-og-stoet-forslag/?Id=FT-15911;c:\Users\olive\OneDrive - Københavns Universitet\KUonedriveOW\9. Semester\Intro to Social Data Science\EXAM PROJECT
20240818153203;2024-08-18 15:37:28;200;36113;https://borgerforslag.dk/se-og-stoet-forslag/?Id=FT-15856;c:\Users\olive\OneDrive - Københavns Universitet\KUonedriveOW\9. Semester\Intro to Social Data Science\EXAM PROJECT
20240818153203;2024-08-18 15:37:30;200;36591;https://borgerforslag.dk/se-og-stoet-forslag/?Id=FT-15955;c:\Users\olive\OneDrive - Københavns Universitet\KUonedriveOW\9. Semester\Intro to Social Data Science\EXAM PROJECT
20240818153203;2024-08-18 15:37:32;200;34833;https://borgerforslag.dk/se-og-stoet-forslag/?Id=FT-15966;c:\Users\olive\OneDrive - Københavns Universitet\KUonedriveOW\9. Semester\Intro to Social Data Science\EXAM PROJECT
20240818153203;2024-08-18 15:37:33;200;37168;https://borgerforslag.dk/se-og-stoet-forslag/?Id=FT-16065;c:\Users\olive\OneDrive - Københavns Universitet\KUonedriveOW\9. Semester\Intro to Social Data Science\EXAM PROJECT
20240818153203;2024-08-18 15:37:35;200;38676;https://borgerforslag.dk/se-og-stoet-forslag/?Id=FT-15946;c:\Users\olive\OneDrive - Københavns Universitet\KUonedriveOW\9. Semester\Intro to Social Data Science\EXAM PROJECT
20240818153203;2024-08-18 15:37:37;200;37741;https://borgerforslag.dk/se-og-stoet-forslag/?Id=FT-16067;c:\Users\olive\OneDrive - Københavns Universitet\KUonedriveOW\9. Semester\Intro to Social Data Science\EXAM PROJECT
20240818153203;2024-08-18 15:37:39;200;36116;https://borgerforslag.dk/se-og-stoet-forslag/?Id=FT-15935;c:\Users\olive\OneDrive - Københavns Universitet\KUonedriveOW\9. Semester\Intro to Social Data Science\EXAM PROJECT
20240818153203;2024-08-18 15:37:40;200;37909;https://borgerforslag.dk/se-og-stoet-forslag/?Id=FT-16005;c:\Users\olive\OneDrive - Københavns Universitet\KUonedriveOW\9. Semester\Intro to Social Data Science\EXAM PROJECT
20240818153203;2024-08-18 15:37:42;200;38250;https://borgerforslag.dk/se-og-stoet-forslag/?Id=FT-15909;c:\Users\olive\OneDrive - Københavns Universitet\KUonedriveOW\9. Semester\Intro to Social Data Science\EXAM PROJECT
20240818153203;2024-08-18 15:37:43;200;36591;https://borgerforslag.dk/se-og-stoet-forslag/?Id=FT-16003;c:\Users\olive\OneDrive - Københavns Universitet\KUonedriveOW\9. Semester\Intro to Social Data Science\EXAM PROJECT
20240818153203;2024-08-18 15:37:45;200;38697;https://borgerforslag.dk/se-og-stoet-forslag/?Id=FT-15902;c:\Users\olive\OneDrive - Københavns Universitet\KUonedriveOW\9. Semester\Intro to Social Data Science\EXAM PROJECT
20240818153203;2024-08-18 15:37:47;200;37957;https://borgerforslag.dk/se-og-stoet-forslag/?Id=FT-15927;c:\Users\olive\OneDrive - Københavns Universitet\KUonedriveOW\9. Semester\Intro to Social Data Science\EXAM PROJECT
20240818153203;2024-08-18 15:37:48;200;37332;https://borgerforslag.dk/se-og-stoet-forslag/?Id=FT-15974;c:\Users\olive\OneDrive - Københavns Universitet\KUonedriveOW\9. Semester\Intro to Social Data Science\EXAM PROJECT
20240818153203;2024-08-18 15:37:50;200;36265;https://borgerforslag.dk/se-og-stoet-forslag/?Id=FT-15949;c:\Users\olive\OneDrive - Københavns Universitet\KUonedriveOW\9. Semester\Intro to Social Data Science\EXAM PROJECT
20240818153203;2024-08-18 15:37:51;200;35233;https://borgerforslag.dk/se-og-stoet-forslag/?Id=FT-15920;c:\Users\olive\OneDrive - Københavns Universitet\KUonedriveOW\9. Semester\Intro to Social Data Science\EXAM PROJECT
20240818153203;2024-08-18 15:37:53;200;37970;https://borgerforslag.dk/se-og-stoet-forslag/?Id=FT-15896;c:\Users\olive\OneDrive - Københavns Universitet\KUonedriveOW\9. Semester\Intro to Social Data Science\EXAM PROJECT
20240818153203;2024-08-18 15:37:55;200;35968;https://borgerforslag.dk/se-og-stoet-forslag/?Id=FT-15867;c:\Users\olive\OneDrive - Københavns Universitet\KUonedriveOW\9. Semester\Intro to Social Data Science\EXAM PROJECT
20240818153203;2024-08-18 15:37:57;200;36339;https://borgerforslag.dk/se-og-stoet-forslag/?Id=FT-15891;c:\Users\olive\OneDrive - Københavns Universitet\KUonedriveOW\9. Semester\Intro to Social Data Science\EXAM PROJECT
20240818153203;2024-08-18 15:37:59;200;40672;https://borgerforslag.dk/se-og-stoet-forslag/?Id=FT-15824;c:\Users\olive\OneDrive - Københavns Universitet\KUonedriveOW\9. Semester\Intro to Social Data Science\EXAM PROJECT
20240818153203;2024-08-18 15:38:01;200;46644;https://borgerforslag.dk/se-og-stoet-forslag/?Id=FT-15847;c:\Users\olive\OneDrive - Københavns Universitet\KUonedriveOW\9. Semester\Intro to Social Data Science\EXAM PROJECT
20240818153203;2024-08-18 15:38:02;200;35390;https://borgerforslag.dk/se-og-stoet-forslag/?Id=FT-15864;c:\Users\olive\OneDrive - Københavns Universitet\KUonedriveOW\9. Semester\Intro to Social Data Science\EXAM PROJECT
20240818153203;2024-08-18 15:38:05;200;38240;https://borgerforslag.dk/se-og-stoet-forslag/?Id=FT-15849;c:\Users\olive\OneDrive - Københavns Universitet\KUonedriveOW\9. Semester\Intro to Social Data Science\EXAM PROJECT
20240818153203;2024-08-18 15:38:06;200;35129;https://borgerforslag.dk/se-og-stoet-forslag/?Id=FT-15822;c:\Users\olive\OneDrive - Københavns Universitet\KUonedriveOW\9. Semester\Intro to Social Data Science\EXAM PROJECT
20240818153203;2024-08-18 15:38:09;200;37085;https://borgerforslag.dk/se-og-stoet-forslag/?Id=FT-15826;c:\Users\olive\OneDrive - Københavns Universitet\KUonedriveOW\9. Semester\Intro to Social Data Science\EXAM PROJECT
20240818153203;2024-08-18 15:38:11;200;35960;https://borgerforslag.dk/se-og-stoet-forslag/?Id=FT-15697;c:\Users\olive\OneDrive - Københavns Universitet\KUonedriveOW\9. Semester\Intro to Social Data Science\EXAM PROJECT
20240818153203;2024-08-18 15:38:12;200;36488;https://borgerforslag.dk/se-og-stoet-forslag/?Id=FT-15786;c:\Users\olive\OneDrive - Københavns Universitet\KUonedriveOW\9. Semester\Intro to Social Data Science\EXAM PROJECT
20240818153203;2024-08-18 15:38:14;200;37018;https://borgerforslag.dk/se-og-stoet-forslag/?Id=FT-15745;c:\Users\olive\OneDrive - Københavns Universitet\KUonedriveOW\9. Semester\Intro to Social Data Science\EXAM PROJECT
20240818153203;2024-08-18 15:38:16;200;40086;https://borgerforslag.dk/se-og-stoet-forslag/?Id=FT-15807;c:\Users\olive\OneDrive - Københavns Universitet\KUonedriveOW\9. Semester\Intro to Social Data Science\EXAM PROJECT
20240818153203;2024-08-18 15:38:18;200;36023;https://borgerforslag.dk/se-og-stoet-forslag/?Id=FT-15575;c:\Users\olive\OneDrive - Københavns Universitet\KUonedriveOW\9. Semester\Intro to Social Data Science\EXAM PROJECT
20240818153203;2024-08-18 15:38:19;200;39155;https://borgerforslag.dk/se-og-stoet-forslag/?Id=FT-15689;c:\Users\olive\OneDrive - Københavns Universitet\KUonedriveOW\9. Semester\Intro to Social Data Science\EXAM PROJECT
20240818153203;2024-08-18 15:38:21;200;39708;https://borgerforslag.dk/se-og-stoet-forslag/?Id=FT-15712;c:\Users\olive\OneDrive - Københavns Universitet\KUonedriveOW\9. Semester\Intro to Social Data Science\EXAM PROJECT
20240818153203;2024-08-18 15:38:23;200;40060;https://borgerforslag.dk/se-og-stoet-forslag/?Id=FT-15833;c:\Users\olive\OneDrive - Københavns Universitet\KUonedriveOW\9. Semester\Intro to Social Data Science\EXAM PROJECT
20240818153203;2024-08-18 15:38:25;200;36378;https://borgerforslag.dk/se-og-stoet-forslag/?Id=FT-15769;c:\Users\olive\OneDrive - Københavns Universitet\KUonedriveOW\9. Semester\Intro to Social Data Science\EXAM PROJECT
20240818153203;2024-08-18 15:38:27;200;43918;https://borgerforslag.dk/se-og-stoet-forslag/?Id=FT-15740;c:\Users\olive\OneDrive - Københavns Universitet\KUonedriveOW\9. Semester\Intro to Social Data Science\EXAM PROJECT
20240818153203;2024-08-18 15:38:29;200;36370;https://borgerforslag.dk/se-og-stoet-forslag/?Id=FT-15667;c:\Users\olive\OneDrive - Københavns Universitet\KUonedriveOW\9. Semester\Intro to Social Data Science\EXAM PROJECT
20240818153203;2024-08-18 15:38:31;200;38390;https://borgerforslag.dk/se-og-stoet-forslag/?Id=FT-15691;c:\Users\olive\OneDrive - Københavns Universitet\KUonedriveOW\9. Semester\Intro to Social Data Science\EXAM PROJECT
20240818153203;2024-08-18 15:38:33;200;42113;https://borgerforslag.dk/se-og-stoet-forslag/?Id=FT-15676;c:\Users\olive\OneDrive - Københavns Universitet\KUonedriveOW\9. Semester\Intro to Social Data Science\EXAM PROJECT
20240818153203;2024-08-18 15:38:34;200;41086;https://borgerforslag.dk/se-og-stoet-forslag/?Id=FT-15564;c:\Users\olive\OneDrive - Københavns Universitet\KUonedriveOW\9. Semester\Intro to Social Data Science\EXAM PROJECT
20240818153203;2024-08-18 15:38:37;200;35780;https://borgerforslag.dk/se-og-stoet-forslag/?Id=FT-15581;c:\Users\olive\OneDrive - Københavns Universitet\KUonedriveOW\9. Semester\Intro to Social Data Science\EXAM PROJECT
20240818153203;2024-08-18 15:38:38;200;43622;https://borgerforslag.dk/se-og-stoet-forslag/?Id=FT-15531;c:\Users\olive\OneDrive - Københavns Universitet\KUonedriveOW\9. Semester\Intro to Social Data Science\EXAM PROJECT
20240818153203;2024-08-18 15:38:40;200;36345;https://borgerforslag.dk/se-og-stoet-forslag/?Id=FT-15557;c:\Users\olive\OneDrive - Københavns Universitet\KUonedriveOW\9. Semester\Intro to Social Data Science\EXAM PROJECT
20240818153203;2024-08-18 15:38:41;200;35672;https://borgerforslag.dk/se-og-stoet-forslag/?Id=FT-15613;c:\Users\olive\OneDrive - Københavns Universitet\KUonedriveOW\9. Semester\Intro to Social Data Science\EXAM PROJECT
20240818153203;2024-08-18 15:38:43;200;36513;https://borgerforslag.dk/se-og-stoet-forslag/?Id=FT-15598;c:\Users\olive\OneDrive - Københavns Universitet\KUonedriveOW\9. Semester\Intro to Social Data Science\EXAM PROJECT
20240818153203;2024-08-18 15:38:44;200;35249;https://borgerforslag.dk/se-og-stoet-forslag/?Id=FT-15618;c:\Users\olive\OneDrive - Københavns Universitet\KUonedriveOW\9. Semester\Intro to Social Data Science\EXAM PROJECT
20240818153203;2024-08-18 15:38:47;200;37555;https://borgerforslag.dk/se-og-stoet-forslag/?Id=FT-15627;c:\Users\olive\OneDrive - Københavns Universitet\KUonedriveOW\9. Semester\Intro to Social Data Science\EXAM PROJECT
20240818153203;2024-08-18 15:38:49;200;35341;https://borgerforslag.dk/se-og-stoet-forslag/?Id=FT-15608;c:\Users\olive\OneDrive - Københavns Universitet\KUonedriveOW\9. Semester\Intro to Social Data Science\EXAM PROJECT
20240818153203;2024-08-18 15:38:50;200;41163;https://borgerforslag.dk/se-og-stoet-forslag/?Id=FT-15366;c:\Users\olive\OneDrive - Københavns Universitet\KUonedriveOW\9. Semester\Intro to Social Data Science\EXAM PROJECT
20240818153203;2024-08-18 15:38:52;200;36034;https://borgerforslag.dk/se-og-stoet-forslag/?Id=FT-15624;c:\Users\olive\OneDrive - Københavns Universitet\KUonedriveOW\9. Semester\Intro to Social Data Science\EXAM PROJECT
20240818153203;2024-08-18 15:38:54;200;42715;https://borgerforslag.dk/se-og-stoet-forslag/?Id=FT-15594;c:\Users\olive\OneDrive - Københavns Universitet\KUonedriveOW\9. Semester\Intro to Social Data Science\EXAM PROJECT
20240818153203;2024-08-18 15:38:56;200;34765;https://borgerforslag.dk/se-og-stoet-forslag/?Id=FT-15582;c:\Users\olive\OneDrive - Københavns Universitet\KUonedriveOW\9. Semester\Intro to Social Data Science\EXAM PROJECT
20240818153203;2024-08-18 15:38:58;200;44789;https://borgerforslag.dk/se-og-stoet-forslag/?Id=FT-15444;c:\Users\olive\OneDrive - Københavns Universitet\KUonedriveOW\9. Semester\Intro to Social Data Science\EXAM PROJECT
20240818153203;2024-08-18 15:38:59;200;36660;https://borgerforslag.dk/se-og-stoet-forslag/?Id=FT-15493;c:\Users\olive\OneDrive - Københavns Universitet\KUonedriveOW\9. Semester\Intro to Social Data Science\EXAM PROJECT
20240818153203;2024-08-18 15:39:01;200;41777;https://borgerforslag.dk/se-og-stoet-forslag/?Id=FT-15532;c:\Users\olive\OneDrive - Københavns Universitet\KUonedriveOW\9. Semester\Intro to Social Data Science\EXAM PROJECT
20240818153203;2024-08-18 15:39:02;200;36479;https://borgerforslag.dk/se-og-stoet-forslag/?Id=FT-15505;c:\Users\olive\OneDrive - Københavns Universitet\KUonedriveOW\9. Semester\Intro to Social Data Science\EXAM PROJECT
20240818153203;2024-08-18 15:39:04;200;36517;https://borgerforslag.dk/se-og-stoet-forslag/?Id=FT-15537;c:\Users\olive\OneDrive - Københavns Universitet\KUonedriveOW\9. Semester\Intro to Social Data Science\EXAM PROJECT
20240818153203;2024-08-18 15:39:05;200;35180;https://borgerforslag.dk/se-og-stoet-forslag/?Id=FT-15453;c:\Users\olive\OneDrive - Københavns Universitet\KUonedriveOW\9. Semester\Intro to Social Data Science\EXAM PROJECT
20240818153203;2024-08-18 15:39:07;200;41165;https://borgerforslag.dk/se-og-stoet-forslag/?Id=FT-15490;c:\Users\olive\OneDrive - Københavns Universitet\KUonedriveOW\9. Semester\Intro to Social Data Science\EXAM PROJECT
20240818153203;2024-08-18 15:39:09;200;40303;https://borgerforslag.dk/se-og-stoet-forslag/?Id=FT-15477;c:\Users\olive\OneDrive - Københavns Universitet\KUonedriveOW\9. Semester\Intro to Social Data Science\EXAM PROJECT
20240818153203;2024-08-18 15:39:11;200;35249;https://borgerforslag.dk/se-og-stoet-forslag/?Id=FT-15371;c:\Users\olive\OneDrive - Københavns Universitet\KUonedriveOW\9. Semester\Intro to Social Data Science\EXAM PROJECT
20240818153203;2024-08-18 15:39:13;200;37108;https://borgerforslag.dk/se-og-stoet-forslag/?Id=FT-15483;c:\Users\olive\OneDrive - Københavns Universitet\KUonedriveOW\9. Semester\Intro to Social Data Science\EXAM PROJECT
20240818153203;2024-08-18 15:39:15;200;35931;https://borgerforslag.dk/se-og-stoet-forslag/?Id=FT-15368;c:\Users\olive\OneDrive - Københavns Universitet\KUonedriveOW\9. Semester\Intro to Social Data Science\EXAM PROJECT
20240818153203;2024-08-18 15:39:16;200;35710;https://borgerforslag.dk/se-og-stoet-forslag/?Id=FT-15292;c:\Users\olive\OneDrive - Københavns Universitet\KUonedriveOW\9. Semester\Intro to Social Data Science\EXAM PROJECT
20240818153203;2024-08-18 15:39:17;200;39298;https://borgerforslag.dk/se-og-stoet-forslag/?Id=FT-15462;c:\Users\olive\OneDrive - Københavns Universitet\KUonedriveOW\9. Semester\Intro to Social Data Science\EXAM PROJECT
20240818153203;2024-08-18 15:39:20;200;38970;https://borgerforslag.dk/se-og-stoet-forslag/?Id=FT-15254;c:\Users\olive\OneDrive - Københavns Universitet\KUonedriveOW\9. Semester\Intro to Social Data Science\EXAM PROJECT
20240818153203;2024-08-18 15:39:22;200;35480;https://borgerforslag.dk/se-og-stoet-forslag/?Id=FT-15335;c:\Users\olive\OneDrive - Københavns Universitet\KUonedriveOW\9. Semester\Intro to Social Data Science\EXAM PROJECT
20240818153203;2024-08-18 15:39:23;200;36522;https://borgerforslag.dk/se-og-stoet-forslag/?Id=FT-15338;c:\Users\olive\OneDrive - Københavns Universitet\KUonedriveOW\9. Semester\Intro to Social Data Science\EXAM PROJECT
20240818153203;2024-08-18 15:39:25;200;36091;https://borgerforslag.dk/se-og-stoet-forslag/?Id=FT-15332;c:\Users\olive\OneDrive - Københavns Universitet\KUonedriveOW\9. Semester\Intro to Social Data Science\EXAM PROJECT
20240818153203;2024-08-18 15:39:27;200;39068;https://borgerforslag.dk/se-og-stoet-forslag/?Id=FT-15311;c:\Users\olive\OneDrive - Københavns Universitet\KUonedriveOW\9. Semester\Intro to Social Data Science\EXAM PROJECT
20240818153203;2024-08-18 15:39:28;200;38418;https://borgerforslag.dk/se-og-stoet-forslag/?Id=FT-15141;c:\Users\olive\OneDrive - Københavns Universitet\KUonedriveOW\9. Semester\Intro to Social Data Science\EXAM PROJECT
20240818153203;2024-08-18 15:39:30;200;39691;https://borgerforslag.dk/se-og-stoet-forslag/?Id=FT-15276;c:\Users\olive\OneDrive - Københavns Universitet\KUonedriveOW\9. Semester\Intro to Social Data Science\EXAM PROJECT
20240818153203;2024-08-18 15:39:32;200;35910;https://borgerforslag.dk/se-og-stoet-forslag/?Id=FT-15280;c:\Users\olive\OneDrive - Københavns Universitet\KUonedriveOW\9. Semester\Intro to Social Data Science\EXAM PROJECT
20240818153203;2024-08-18 15:39:34;200;35904;https://borgerforslag.dk/se-og-stoet-forslag/?Id=FT-15176;c:\Users\olive\OneDrive - Københavns Universitet\KUonedriveOW\9. Semester\Intro to Social Data Science\EXAM PROJECT
20240818153203;2024-08-18 15:39:36;200;37813;https://borgerforslag.dk/se-og-stoet-forslag/?Id=FT-15177;c:\Users\olive\OneDrive - Københavns Universitet\KUonedriveOW\9. Semester\Intro to Social Data Science\EXAM PROJECT
20240818153203;2024-08-18 15:39:38;200;37137;https://borgerforslag.dk/se-og-stoet-forslag/?Id=FT-15221;c:\Users\olive\OneDrive - Københavns Universitet\KUonedriveOW\9. Semester\Intro to Social Data Science\EXAM PROJECT
20240818153203;2024-08-18 15:39:40;200;47701;https://borgerforslag.dk/se-og-stoet-forslag/?Id=FT-15076;c:\Users\olive\OneDrive - Københavns Universitet\KUonedriveOW\9. Semester\Intro to Social Data Science\EXAM PROJECT
20240818153203;2024-08-18 15:39:42;200;36278;https://borgerforslag.dk/se-og-stoet-forslag/?Id=FT-15201;c:\Users\olive\OneDrive - Københavns Universitet\KUonedriveOW\9. Semester\Intro to Social Data Science\EXAM PROJECT
20240818153203;2024-08-18 15:39:43;200;35004;https://borgerforslag.dk/se-og-stoet-forslag/?Id=FT-15186;c:\Users\olive\OneDrive - Københavns Universitet\KUonedriveOW\9. Semester\Intro to Social Data Science\EXAM PROJECT
20240818153203;2024-08-18 15:39:45;200;35089;https://borgerforslag.dk/se-og-stoet-forslag/?Id=FT-15210;c:\Users\olive\OneDrive - Københavns Universitet\KUonedriveOW\9. Semester\Intro to Social Data Science\EXAM PROJECT
20240818153203;2024-08-18 15:39:47;200;36262;https://borgerforslag.dk/se-og-stoet-forslag/?Id=FT-15168;c:\Users\olive\OneDrive - Københavns Universitet\KUonedriveOW\9. Semester\Intro to Social Data Science\EXAM PROJECT
20240818153203;2024-08-18 15:39:48;200;39128;https://borgerforslag.dk/se-og-stoet-forslag/?Id=FT-15096;c:\Users\olive\OneDrive - Københavns Universitet\KUonedriveOW\9. Semester\Intro to Social Data Science\EXAM PROJECT
20240818153203;2024-08-18 15:39:50;200;39410;https://borgerforslag.dk/se-og-stoet-forslag/?Id=FT-15121;c:\Users\olive\OneDrive - Københavns Universitet\KUonedriveOW\9. Semester\Intro to Social Data Science\EXAM PROJECT
20240818153203;2024-08-18 15:39:52;200;38381;https://borgerforslag.dk/se-og-stoet-forslag/?Id=FT-15061;c:\Users\olive\OneDrive - Københavns Universitet\KUonedriveOW\9. Semester\Intro to Social Data Science\EXAM PROJECT
20240818153203;2024-08-18 15:39:53;200;37479;https://borgerforslag.dk/se-og-stoet-forslag/?Id=FT-15092;c:\Users\olive\OneDrive - Københavns Universitet\KUonedriveOW\9. Semester\Intro to Social Data Science\EXAM PROJECT
20240818153203;2024-08-18 15:39:55;200;39982;https://borgerforslag.dk/se-og-stoet-forslag/?Id=FT-15024;c:\Users\olive\OneDrive - Københavns Universitet\KUonedriveOW\9. Semester\Intro to Social Data Science\EXAM PROJECT
20240818153203;2024-08-18 15:39:57;200;36813;https://borgerforslag.dk/se-og-stoet-forslag/?Id=FT-14993;c:\Users\olive\OneDrive - Københavns Universitet\KUonedriveOW\9. Semester\Intro to Social Data Science\EXAM PROJECT
20240818153203;2024-08-18 15:39:59;200;37614;https://borgerforslag.dk/se-og-stoet-forslag/?Id=FT-15094;c:\Users\olive\OneDrive - Københavns Universitet\KUonedriveOW\9. Semester\Intro to Social Data Science\EXAM PROJECT
20240818153203;2024-08-18 15:40:01;200;35850;https://borgerforslag.dk/se-og-stoet-forslag/?Id=FT-15081;c:\Users\olive\OneDrive - Københavns Universitet\KUonedriveOW\9. Semester\Intro to Social Data Science\EXAM PROJECT
20240818153203;2024-08-18 15:40:02;200;36277;https://borgerforslag.dk/se-og-stoet-forslag/?Id=FT-15052;c:\Users\olive\OneDrive - Københavns Universitet\KUonedriveOW\9. Semester\Intro to Social Data Science\EXAM PROJECT
20240818153203;2024-08-18 15:40:04;200;38052;https://borgerforslag.dk/se-og-stoet-forslag/?Id=FT-15086;c:\Users\olive\OneDrive - Københavns Universitet\KUonedriveOW\9. Semester\Intro to Social Data Science\EXAM PROJECT
20240818153203;2024-08-18 15:40:06;200;37278;https://borgerforslag.dk/se-og-stoet-forslag/?Id=FT-14999;c:\Users\olive\OneDrive - Københavns Universitet\KUonedriveOW\9. Semester\Intro to Social Data Science\EXAM PROJECT
20240818153203;2024-08-18 15:40:07;200;37250;https://borgerforslag.dk/se-og-stoet-forslag/?Id=FT-15068;c:\Users\olive\OneDrive - Københavns Universitet\KUonedriveOW\9. Semester\Intro to Social Data Science\EXAM PROJECT
20240818153203;2024-08-18 15:40:08;200;38949;https://borgerforslag.dk/se-og-stoet-forslag/?Id=FT-15064;c:\Users\olive\OneDrive - Københavns Universitet\KUonedriveOW\9. Semester\Intro to Social Data Science\EXAM PROJECT
20240818153203;2024-08-18 15:40:10;200;35868;https://borgerforslag.dk/se-og-stoet-forslag/?Id=FT-15019;c:\Users\olive\OneDrive - Københavns Universitet\KUonedriveOW\9. Semester\Intro to Social Data Science\EXAM PROJECT
20240818153203;2024-08-18 15:40:11;200;36658;https://borgerforslag.dk/se-og-stoet-forslag/?Id=FT-14893;c:\Users\olive\OneDrive - Københavns Universitet\KUonedriveOW\9. Semester\Intro to Social Data Science\EXAM PROJECT
20240818153203;2024-08-18 15:40:13;200;36583;https://borgerforslag.dk/se-og-stoet-forslag/?Id=FT-15051;c:\Users\olive\OneDrive - Københavns Universitet\KUonedriveOW\9. Semester\Intro to Social Data Science\EXAM PROJECT
20240818153203;2024-08-18 15:40:14;200;39860;https://borgerforslag.dk/se-og-stoet-forslag/?Id=FT-14998;c:\Users\olive\OneDrive - Københavns Universitet\KUonedriveOW\9. Semester\Intro to Social Data Science\EXAM PROJECT
20240818153203;2024-08-18 15:40:16;200;36168;https://borgerforslag.dk/se-og-stoet-forslag/?Id=FT-14869;c:\Users\olive\OneDrive - Københavns Universitet\KUonedriveOW\9. Semester\Intro to Social Data Science\EXAM PROJECT
20240818153203;2024-08-18 15:40:18;200;37596;https://borgerforslag.dk/se-og-stoet-forslag/?Id=FT-14975;c:\Users\olive\OneDrive - Københavns Universitet\KUonedriveOW\9. Semester\Intro to Social Data Science\EXAM PROJECT
20240818153203;2024-08-18 15:40:20;200;36732;https://borgerforslag.dk/se-og-stoet-forslag/?Id=FT-14960;c:\Users\olive\OneDrive - Københavns Universitet\KUonedriveOW\9. Semester\Intro to Social Data Science\EXAM PROJECT
20240818153203;2024-08-18 15:40:22;200;36975;https://borgerforslag.dk/se-og-stoet-forslag/?Id=FT-14854;c:\Users\olive\OneDrive - Københavns Universitet\KUonedriveOW\9. Semester\Intro to Social Data Science\EXAM PROJECT
20240818153203;2024-08-18 15:40:24;200;36340;https://borgerforslag.dk/se-og-stoet-forslag/?Id=FT-14913;c:\Users\olive\OneDrive - Københavns Universitet\KUonedriveOW\9. Semester\Intro to Social Data Science\EXAM PROJECT
20240818153203;2024-08-18 15:40:26;200;40009;https://borgerforslag.dk/se-og-stoet-forslag/?Id=FT-14881;c:\Users\olive\OneDrive - Københavns Universitet\KUonedriveOW\9. Semester\Intro to Social Data Science\EXAM PROJECT
20240818153203;2024-08-18 15:40:27;200;36059;https://borgerforslag.dk/se-og-stoet-forslag/?Id=FT-14936;c:\Users\olive\OneDrive - Københavns Universitet\KUonedriveOW\9. Semester\Intro to Social Data Science\EXAM PROJECT
20240818153203;2024-08-18 15:40:29;200;36007;https://borgerforslag.dk/se-og-stoet-forslag/?Id=FT-14878;c:\Users\olive\OneDrive - Københavns Universitet\KUonedriveOW\9. Semester\Intro to Social Data Science\EXAM PROJECT
20240818153203;2024-08-18 15:40:31;200;43192;https://borgerforslag.dk/se-og-stoet-forslag/?Id=FT-14883;c:\Users\olive\OneDrive - Københavns Universitet\KUonedriveOW\9. Semester\Intro to Social Data Science\EXAM PROJECT
20240818153203;2024-08-18 15:40:33;200;38604;https://borgerforslag.dk/se-og-stoet-forslag/?Id=FT-14723;c:\Users\olive\OneDrive - Københavns Universitet\KUonedriveOW\9. Semester\Intro to Social Data Science\EXAM PROJECT
20240818153203;2024-08-18 15:40:34;200;36703;https://borgerforslag.dk/se-og-stoet-forslag/?Id=FT-14935;c:\Users\olive\OneDrive - Københavns Universitet\KUonedriveOW\9. Semester\Intro to Social Data Science\EXAM PROJECT
20240818153203;2024-08-18 15:40:35;200;35369;https://borgerforslag.dk/se-og-stoet-forslag/?Id=FT-14920;c:\Users\olive\OneDrive - Københavns Universitet\KUonedriveOW\9. Semester\Intro to Social Data Science\EXAM PROJECT
20240818153203;2024-08-18 15:40:37;200;35017;https://borgerforslag.dk/se-og-stoet-forslag/?Id=FT-14900;c:\Users\olive\OneDrive - Københavns Universitet\KUonedriveOW\9. Semester\Intro to Social Data Science\EXAM PROJECT
20240818153203;2024-08-18 15:40:39;200;38798;https://borgerforslag.dk/se-og-stoet-forslag/?Id=FT-14902;c:\Users\olive\OneDrive - Københavns Universitet\KUonedriveOW\9. Semester\Intro to Social Data Science\EXAM PROJECT
20240818153203;2024-08-18 15:40:40;200;40188;https://borgerforslag.dk/se-og-stoet-forslag/?Id=FT-14868;c:\Users\olive\OneDrive - Københavns Universitet\KUonedriveOW\9. Semester\Intro to Social Data Science\EXAM PROJECT
20240818153203;2024-08-18 15:40:42;200;37825;https://borgerforslag.dk/se-og-stoet-forslag/?Id=FT-14860;c:\Users\olive\OneDrive - Københavns Universitet\KUonedriveOW\9. Semester\Intro to Social Data Science\EXAM PROJECT
20240818153203;2024-08-18 15:40:43;200;39711;https://borgerforslag.dk/se-og-stoet-forslag/?Id=FT-14759;c:\Users\olive\OneDrive - Københavns Universitet\KUonedriveOW\9. Semester\Intro to Social Data Science\EXAM PROJECT
20240818153203;2024-08-18 15:40:45;200;37054;https://borgerforslag.dk/se-og-stoet-forslag/?Id=FT-14716;c:\Users\olive\OneDrive - Københavns Universitet\KUonedriveOW\9. Semester\Intro to Social Data Science\EXAM PROJECT
20240818153203;2024-08-18 15:40:46;200;36063;https://borgerforslag.dk/se-og-stoet-forslag/?Id=FT-14753;c:\Users\olive\OneDrive - Københavns Universitet\KUonedriveOW\9. Semester\Intro to Social Data Science\EXAM PROJECT
20240818153203;2024-08-18 15:40:48;200;37091;https://borgerforslag.dk/se-og-stoet-forslag/?Id=FT-14756;c:\Users\olive\OneDrive - Københavns Universitet\KUonedriveOW\9. Semester\Intro to Social Data Science\EXAM PROJECT
20240818153203;2024-08-18 15:40:50;200;36190;https://borgerforslag.dk/se-og-stoet-forslag/?Id=FT-14840;c:\Users\olive\OneDrive - Københavns Universitet\KUonedriveOW\9. Semester\Intro to Social Data Science\EXAM PROJECT
20240818153203;2024-08-18 15:40:52;200;44422;https://borgerforslag.dk/se-og-stoet-forslag/?Id=FT-14799;c:\Users\olive\OneDrive - Københavns Universitet\KUonedriveOW\9. Semester\Intro to Social Data Science\EXAM PROJECT
20240818153203;2024-08-18 15:40:54;200;41791;https://borgerforslag.dk/se-og-stoet-forslag/?Id=FT-14718;c:\Users\olive\OneDrive - Københavns Universitet\KUonedriveOW\9. Semester\Intro to Social Data Science\EXAM PROJECT
20240818153203;2024-08-18 15:40:55;200;41985;https://borgerforslag.dk/se-og-stoet-forslag/?Id=FT-14748;c:\Users\olive\OneDrive - Københavns Universitet\KUonedriveOW\9. Semester\Intro to Social Data Science\EXAM PROJECT
20240818153203;2024-08-18 15:40:57;200;38163;https://borgerforslag.dk/se-og-stoet-forslag/?Id=FT-14709;c:\Users\olive\OneDrive - Københavns Universitet\KUonedriveOW\9. Semester\Intro to Social Data Science\EXAM PROJECT
20240818153203;2024-08-18 15:40:58;200;42606;https://borgerforslag.dk/se-og-stoet-forslag/?Id=FT-14688;c:\Users\olive\OneDrive - Københavns Universitet\KUonedriveOW\9. Semester\Intro to Social Data Science\EXAM PROJECT
20240818153203;2024-08-18 15:41:00;200;36293;https://borgerforslag.dk/se-og-stoet-forslag/?Id=FT-14614;c:\Users\olive\OneDrive - Københavns Universitet\KUonedriveOW\9. Semester\Intro to Social Data Science\EXAM PROJECT
20240818153203;2024-08-18 15:41:02;200;37133;https://borgerforslag.dk/se-og-stoet-forslag/?Id=FT-14779;c:\Users\olive\OneDrive - Københavns Universitet\KUonedriveOW\9. Semester\Intro to Social Data Science\EXAM PROJECT
20240818153203;2024-08-18 15:41:04;200;41390;https://borgerforslag.dk/se-og-stoet-forslag/?Id=FT-14607;c:\Users\olive\OneDrive - Københavns Universitet\KUonedriveOW\9. Semester\Intro to Social Data Science\EXAM PROJECT
20240818153203;2024-08-18 15:41:05;200;44179;https://borgerforslag.dk/se-og-stoet-forslag/?Id=FT-14603;c:\Users\olive\OneDrive - Københavns Universitet\KUonedriveOW\9. Semester\Intro to Social Data Science\EXAM PROJECT
20240818153203;2024-08-18 15:41:07;200;37772;https://borgerforslag.dk/se-og-stoet-forslag/?Id=FT-14696;c:\Users\olive\OneDrive - Københavns Universitet\KUonedriveOW\9. Semester\Intro to Social Data Science\EXAM PROJECT
20240818153203;2024-08-18 15:41:09;200;37298;https://borgerforslag.dk/se-og-stoet-forslag/?Id=FT-14685;c:\Users\olive\OneDrive - Københavns Universitet\KUonedriveOW\9. Semester\Intro to Social Data Science\EXAM PROJECT
20240818153203;2024-08-18 15:41:10;200;35710;https://borgerforslag.dk/se-og-stoet-forslag/?Id=FT-14596;c:\Users\olive\OneDrive - Københavns Universitet\KUonedriveOW\9. Semester\Intro to Social Data Science\EXAM PROJECT
20240818153203;2024-08-18 15:41:12;200;43192;https://borgerforslag.dk/se-og-stoet-forslag/?Id=FT-14576;c:\Users\olive\OneDrive - Københavns Universitet\KUonedriveOW\9. Semester\Intro to Social Data Science\EXAM PROJECT
20240818153203;2024-08-18 15:41:13;200;40603;https://borgerforslag.dk/se-og-stoet-forslag/?Id=FT-14550;c:\Users\olive\OneDrive - Københavns Universitet\KUonedriveOW\9. Semester\Intro to Social Data Science\EXAM PROJECT
20240818153203;2024-08-18 15:41:14;200;37073;https://borgerforslag.dk/se-og-stoet-forslag/?Id=FT-14535;c:\Users\olive\OneDrive - Københavns Universitet\KUonedriveOW\9. Semester\Intro to Social Data Science\EXAM PROJECT
20240818153203;2024-08-18 15:41:16;200;34903;https://borgerforslag.dk/se-og-stoet-forslag/?Id=FT-14519;c:\Users\olive\OneDrive - Københavns Universitet\KUonedriveOW\9. Semester\Intro to Social Data Science\EXAM PROJECT
20240818153203;2024-08-18 15:41:17;200;36785;https://borgerforslag.dk/se-og-stoet-forslag/?Id=FT-14448;c:\Users\olive\OneDrive - Københavns Universitet\KUonedriveOW\9. Semester\Intro to Social Data Science\EXAM PROJECT
20240818153203;2024-08-18 15:41:19;200;40562;https://borgerforslag.dk/se-og-stoet-forslag/?Id=FT-14502;c:\Users\olive\OneDrive - Københavns Universitet\KUonedriveOW\9. Semester\Intro to Social Data Science\EXAM PROJECT
20240818153203;2024-08-18 15:41:22;200;39403;https://borgerforslag.dk/se-og-stoet-forslag/?Id=FT-14453;c:\Users\olive\OneDrive - Københavns Universitet\KUonedriveOW\9. Semester\Intro to Social Data Science\EXAM PROJECT
20240818153203;2024-08-18 15:41:23;200;40362;https://borgerforslag.dk/se-og-stoet-forslag/?Id=FT-14451;c:\Users\olive\OneDrive - Københavns Universitet\KUonedriveOW\9. Semester\Intro to Social Data Science\EXAM PROJECT
20240818153203;2024-08-18 15:41:25;200;40522;https://borgerforslag.dk/se-og-stoet-forslag/?Id=FT-14446;c:\Users\olive\OneDrive - Københavns Universitet\KUonedriveOW\9. Semester\Intro to Social Data Science\EXAM PROJECT
20240818153203;2024-08-18 15:41:27;200;39368;https://borgerforslag.dk/se-og-stoet-forslag/?Id=FT-14449;c:\Users\olive\OneDrive - Københavns Universitet\KUonedriveOW\9. Semester\Intro to Social Data Science\EXAM PROJECT
20240818153203;2024-08-18 15:41:28;200;35788;https://borgerforslag.dk/se-og-stoet-forslag/?Id=FT-14383;c:\Users\olive\OneDrive - Københavns Universitet\KUonedriveOW\9. Semester\Intro to Social Data Science\EXAM PROJECT
20240818153203;2024-08-18 15:41:29;200;36310;https://borgerforslag.dk/se-og-stoet-forslag/?Id=FT-14432;c:\Users\olive\OneDrive - Københavns Universitet\KUonedriveOW\9. Semester\Intro to Social Data Science\EXAM PROJECT
20240818153203;2024-08-18 15:41:31;200;34923;https://borgerforslag.dk/se-og-stoet-forslag/?Id=FT-14278;c:\Users\olive\OneDrive - Københavns Universitet\KUonedriveOW\9. Semester\Intro to Social Data Science\EXAM PROJECT
20240818153203;2024-08-18 15:41:32;200;47074;https://borgerforslag.dk/se-og-stoet-forslag/?Id=FT-14408;c:\Users\olive\OneDrive - Københavns Universitet\KUonedriveOW\9. Semester\Intro to Social Data Science\EXAM PROJECT
20240818153203;2024-08-18 15:41:34;200;48147;https://borgerforslag.dk/se-og-stoet-forslag/?Id=FT-14345;c:\Users\olive\OneDrive - Københavns Universitet\KUonedriveOW\9. Semester\Intro to Social Data Science\EXAM PROJECT
20240818153203;2024-08-18 15:41:36;200;39925;https://borgerforslag.dk/se-og-stoet-forslag/?Id=FT-14316;c:\Users\olive\OneDrive - Københavns Universitet\KUonedriveOW\9. Semester\Intro to Social Data Science\EXAM PROJECT
20240818153203;2024-08-18 15:41:38;200;36559;https://borgerforslag.dk/se-og-stoet-forslag/?Id=FT-14389;c:\Users\olive\OneDrive - Københavns Universitet\KUonedriveOW\9. Semester\Intro to Social Data Science\EXAM PROJECT
20240818153203;2024-08-18 15:41:40;200;38428;https://borgerforslag.dk/se-og-stoet-forslag/?Id=FT-14398;c:\Users\olive\OneDrive - Københavns Universitet\KUonedriveOW\9. Semester\Intro to Social Data Science\EXAM PROJECT
20240818153203;2024-08-18 15:41:41;200;36214;https://borgerforslag.dk/se-og-stoet-forslag/?Id=FT-14377;c:\Users\olive\OneDrive - Københavns Universitet\KUonedriveOW\9. Semester\Intro to Social Data Science\EXAM PROJECT
20240818153203;2024-08-18 15:41:43;200;43607;https://borgerforslag.dk/se-og-stoet-forslag/?Id=FT-14179;c:\Users\olive\OneDrive - Københavns Universitet\KUonedriveOW\9. Semester\Intro to Social Data Science\EXAM PROJECT
20240818153203;2024-08-18 15:41:45;200;36638;https://borgerforslag.dk/se-og-stoet-forslag/?Id=FT-14259;c:\Users\olive\OneDrive - Københavns Universitet\KUonedriveOW\9. Semester\Intro to Social Data Science\EXAM PROJECT
20240818153203;2024-08-18 15:41:47;200;37449;https://borgerforslag.dk/se-og-stoet-forslag/?Id=FT-14365;c:\Users\olive\OneDrive - Københavns Universitet\KUonedriveOW\9. Semester\Intro to Social Data Science\EXAM PROJECT
20240818153203;2024-08-18 15:41:49;200;38802;https://borgerforslag.dk/se-og-stoet-forslag/?Id=FT-14337;c:\Users\olive\OneDrive - Københavns Universitet\KUonedriveOW\9. Semester\Intro to Social Data Science\EXAM PROJECT
20240818153203;2024-08-18 15:41:51;200;37164;https://borgerforslag.dk/se-og-stoet-forslag/?Id=FT-14355;c:\Users\olive\OneDrive - Københavns Universitet\KUonedriveOW\9. Semester\Intro to Social Data Science\EXAM PROJECT
20240818153203;2024-08-18 15:41:53;200;35353;https://borgerforslag.dk/se-og-stoet-forslag/?Id=FT-14373;c:\Users\olive\OneDrive - Københavns Universitet\KUonedriveOW\9. Semester\Intro to Social Data Science\EXAM PROJECT
20240818153203;2024-08-18 15:41:55;200;38997;https://borgerforslag.dk/se-og-stoet-forslag/?Id=FT-14329;c:\Users\olive\OneDrive - Københavns Universitet\KUonedriveOW\9. Semester\Intro to Social Data Science\EXAM PROJECT
20240818153203;2024-08-18 15:41:56;200;36246;https://borgerforslag.dk/se-og-stoet-forslag/?Id=FT-14268;c:\Users\olive\OneDrive - Københavns Universitet\KUonedriveOW\9. Semester\Intro to Social Data Science\EXAM PROJECT
20240818153203;2024-08-18 15:41:58;200;45307;https://borgerforslag.dk/se-og-stoet-forslag/?Id=FT-14269;c:\Users\olive\OneDrive - Københavns Universitet\KUonedriveOW\9. Semester\Intro to Social Data Science\EXAM PROJECT
20240818153203;2024-08-18 15:42:00;200;36243;https://borgerforslag.dk/se-og-stoet-forslag/?Id=FT-14324;c:\Users\olive\OneDrive - Københavns Universitet\KUonedriveOW\9. Semester\Intro to Social Data Science\EXAM PROJECT
20240818153203;2024-08-18 15:42:01;200;36960;https://borgerforslag.dk/se-og-stoet-forslag/?Id=FT-14330;c:\Users\olive\OneDrive - Københavns Universitet\KUonedriveOW\9. Semester\Intro to Social Data Science\EXAM PROJECT
20240818153203;2024-08-18 15:42:03;200;37306;https://borgerforslag.dk/se-og-stoet-forslag/?Id=FT-14246;c:\Users\olive\OneDrive - Københavns Universitet\KUonedriveOW\9. Semester\Intro to Social Data Science\EXAM PROJECT
20240818153203;2024-08-18 15:42:04;200;37491;https://borgerforslag.dk/se-og-stoet-forslag/?Id=FT-14117;c:\Users\olive\OneDrive - Københavns Universitet\KUonedriveOW\9. Semester\Intro to Social Data Science\EXAM PROJECT
20240818153203;2024-08-18 15:42:05;200;36516;https://borgerforslag.dk/se-og-stoet-forslag/?Id=FT-14181;c:\Users\olive\OneDrive - Københavns Universitet\KUonedriveOW\9. Semester\Intro to Social Data Science\EXAM PROJECT
20240818153203;2024-08-18 15:42:07;200;35398;https://borgerforslag.dk/se-og-stoet-forslag/?Id=FT-14284;c:\Users\olive\OneDrive - Københavns Universitet\KUonedriveOW\9. Semester\Intro to Social Data Science\EXAM PROJECT
20240818153203;2024-08-18 15:42:09;200;37009;https://borgerforslag.dk/se-og-stoet-forslag/?Id=FT-14244;c:\Users\olive\OneDrive - Københavns Universitet\KUonedriveOW\9. Semester\Intro to Social Data Science\EXAM PROJECT
20240818153203;2024-08-18 15:42:11;200;35767;https://borgerforslag.dk/se-og-stoet-forslag/?Id=FT-14239;c:\Users\olive\OneDrive - Københavns Universitet\KUonedriveOW\9. Semester\Intro to Social Data Science\EXAM PROJECT
20240818153203;2024-08-18 15:42:12;200;35070;https://borgerforslag.dk/se-og-stoet-forslag/?Id=FT-14180;c:\Users\olive\OneDrive - Københavns Universitet\KUonedriveOW\9. Semester\Intro to Social Data Science\EXAM PROJECT
20240818153203;2024-08-18 15:42:14;200;37287;https://borgerforslag.dk/se-og-stoet-forslag/?Id=FT-14087;c:\Users\olive\OneDrive - Københavns Universitet\KUonedriveOW\9. Semester\Intro to Social Data Science\EXAM PROJECT
20240818153203;2024-08-18 15:42:15;200;35070;https://borgerforslag.dk/se-og-stoet-forslag/?Id=FT-14049;c:\Users\olive\OneDrive - Københavns Universitet\KUonedriveOW\9. Semester\Intro to Social Data Science\EXAM PROJECT
20240818153203;2024-08-18 15:42:17;200;36490;https://borgerforslag.dk/se-og-stoet-forslag/?Id=FT-14142;c:\Users\olive\OneDrive - Københavns Universitet\KUonedriveOW\9. Semester\Intro to Social Data Science\EXAM PROJECT
20240818153203;2024-08-18 15:42:19;200;38713;https://borgerforslag.dk/se-og-stoet-forslag/?Id=FT-13855;c:\Users\olive\OneDrive - Københavns Universitet\KUonedriveOW\9. Semester\Intro to Social Data Science\EXAM PROJECT
20240818153203;2024-08-18 15:42:21;200;37619;https://borgerforslag.dk/se-og-stoet-forslag/?Id=FT-13987;c:\Users\olive\OneDrive - Københavns Universitet\KUonedriveOW\9. Semester\Intro to Social Data Science\EXAM PROJECT
20240818153203;2024-08-18 15:42:23;200;45531;https://borgerforslag.dk/se-og-stoet-forslag/?Id=FT-13869;c:\Users\olive\OneDrive - Københavns Universitet\KUonedriveOW\9. Semester\Intro to Social Data Science\EXAM PROJECT
20240818153203;2024-08-18 15:42:25;200;42702;https://borgerforslag.dk/se-og-stoet-forslag/?Id=FT-13919;c:\Users\olive\OneDrive - Københavns Universitet\KUonedriveOW\9. Semester\Intro to Social Data Science\EXAM PROJECT
20240818153203;2024-08-18 15:42:27;200;36892;https://borgerforslag.dk/se-og-stoet-forslag/?Id=FT-14153;c:\Users\olive\OneDrive - Københavns Universitet\KUonedriveOW\9. Semester\Intro to Social Data Science\EXAM PROJECT
20240818153203;2024-08-18 15:42:28;200;37709;https://borgerforslag.dk/se-og-stoet-forslag/?Id=FT-13952;c:\Users\olive\OneDrive - Københavns Universitet\KUonedriveOW\9. Semester\Intro to Social Data Science\EXAM PROJECT
20240818153203;2024-08-18 15:42:30;200;36010;https://borgerforslag.dk/se-og-stoet-forslag/?Id=FT-14050;c:\Users\olive\OneDrive - Københavns Universitet\KUonedriveOW\9. Semester\Intro to Social Data Science\EXAM PROJECT
20240818153203;2024-08-18 15:42:31;200;38159;https://borgerforslag.dk/se-og-stoet-forslag/?Id=FT-13900;c:\Users\olive\OneDrive - Københavns Universitet\KUonedriveOW\9. Semester\Intro to Social Data Science\EXAM PROJECT
20240818153203;2024-08-18 15:42:33;200;40749;https://borgerforslag.dk/se-og-stoet-forslag/?Id=FT-14027;c:\Users\olive\OneDrive - Københavns Universitet\KUonedriveOW\9. Semester\Intro to Social Data Science\EXAM PROJECT
20240818153203;2024-08-18 15:42:35;200;38336;https://borgerforslag.dk/se-og-stoet-forslag/?Id=FT-13951;c:\Users\olive\OneDrive - Københavns Universitet\KUonedriveOW\9. Semester\Intro to Social Data Science\EXAM PROJECT
20240818153203;2024-08-18 15:42:36;200;41569;https://borgerforslag.dk/se-og-stoet-forslag/?Id=FT-14091;c:\Users\olive\OneDrive - Københavns Universitet\KUonedriveOW\9. Semester\Intro to Social Data Science\EXAM PROJECT
20240818153203;2024-08-18 15:42:37;200;36453;https://borgerforslag.dk/se-og-stoet-forslag/?Id=FT-14096;c:\Users\olive\OneDrive - Københavns Universitet\KUonedriveOW\9. Semester\Intro to Social Data Science\EXAM PROJECT
20240818153203;2024-08-18 15:42:39;200;36909;https://borgerforslag.dk/se-og-stoet-forslag/?Id=FT-13936;c:\Users\olive\OneDrive - Københavns Universitet\KUonedriveOW\9. Semester\Intro to Social Data Science\EXAM PROJECT
20240818153203;2024-08-18 15:42:41;200;35875;https://borgerforslag.dk/se-og-stoet-forslag/?Id=FT-14011;c:\Users\olive\OneDrive - Københavns Universitet\KUonedriveOW\9. Semester\Intro to Social Data Science\EXAM PROJECT
20240818153203;2024-08-18 15:42:43;200;39000;https://borgerforslag.dk/se-og-stoet-forslag/?Id=FT-13789;c:\Users\olive\OneDrive - Københavns Universitet\KUonedriveOW\9. Semester\Intro to Social Data Science\EXAM PROJECT
20240818153203;2024-08-18 15:42:45;200;38029;https://borgerforslag.dk/se-og-stoet-forslag/?Id=FT-13821;c:\Users\olive\OneDrive - Københavns Universitet\KUonedriveOW\9. Semester\Intro to Social Data Science\EXAM PROJECT
20240818153203;2024-08-18 15:42:47;200;36669;https://borgerforslag.dk/se-og-stoet-forslag/?Id=FT-13701;c:\Users\olive\OneDrive - Københavns Universitet\KUonedriveOW\9. Semester\Intro to Social Data Science\EXAM PROJECT
20240818153203;2024-08-18 15:42:48;200;35916;https://borgerforslag.dk/se-og-stoet-forslag/?Id=FT-13587;c:\Users\olive\OneDrive - Københavns Universitet\KUonedriveOW\9. Semester\Intro to Social Data Science\EXAM PROJECT
20240818153203;2024-08-18 15:42:49;200;35615;https://borgerforslag.dk/se-og-stoet-forslag/?Id=FT-13709;c:\Users\olive\OneDrive - Københavns Universitet\KUonedriveOW\9. Semester\Intro to Social Data Science\EXAM PROJECT
20240818153203;2024-08-18 15:42:51;200;35790;https://borgerforslag.dk/se-og-stoet-forslag/?Id=FT-13762;c:\Users\olive\OneDrive - Københavns Universitet\KUonedriveOW\9. Semester\Intro to Social Data Science\EXAM PROJECT
20240818153203;2024-08-18 15:42:53;200;49145;https://borgerforslag.dk/se-og-stoet-forslag/?Id=FT-13751;c:\Users\olive\OneDrive - Københavns Universitet\KUonedriveOW\9. Semester\Intro to Social Data Science\EXAM PROJECT
20240818153203;2024-08-18 15:42:54;200;42595;https://borgerforslag.dk/se-og-stoet-forslag/?Id=FT-13763;c:\Users\olive\OneDrive - Københavns Universitet\KUonedriveOW\9. Semester\Intro to Social Data Science\EXAM PROJECT
20240818153203;2024-08-18 15:42:55;200;35617;https://borgerforslag.dk/se-og-stoet-forslag/?Id=FT-13874;c:\Users\olive\OneDrive - Københavns Universitet\KUonedriveOW\9. Semester\Intro to Social Data Science\EXAM PROJECT
20240818153203;2024-08-18 15:42:57;200;37910;https://borgerforslag.dk/se-og-stoet-forslag/?Id=FT-13846;c:\Users\olive\OneDrive - Københavns Universitet\KUonedriveOW\9. Semester\Intro to Social Data Science\EXAM PROJECT
20240818153203;2024-08-18 15:42:59;200;39769;https://borgerforslag.dk/se-og-stoet-forslag/?Id=FT-13761;c:\Users\olive\OneDrive - Københavns Universitet\KUonedriveOW\9. Semester\Intro to Social Data Science\EXAM PROJECT
20240818153203;2024-08-18 15:43:00;200;47417;https://borgerforslag.dk/se-og-stoet-forslag/?Id=FT-13650;c:\Users\olive\OneDrive - Københavns Universitet\KUonedriveOW\9. Semester\Intro to Social Data Science\EXAM PROJECT
20240818153203;2024-08-18 15:43:02;200;35522;https://borgerforslag.dk/se-og-stoet-forslag/?Id=FT-13684;c:\Users\olive\OneDrive - Københavns Universitet\KUonedriveOW\9. Semester\Intro to Social Data Science\EXAM PROJECT
20240818153203;2024-08-18 15:43:04;200;37687;https://borgerforslag.dk/se-og-stoet-forslag/?Id=FT-13573;c:\Users\olive\OneDrive - Københavns Universitet\KUonedriveOW\9. Semester\Intro to Social Data Science\EXAM PROJECT
20240818153203;2024-08-18 15:43:05;200;42146;https://borgerforslag.dk/se-og-stoet-forslag/?Id=FT-13757;c:\Users\olive\OneDrive - Københavns Universitet\KUonedriveOW\9. Semester\Intro to Social Data Science\EXAM PROJECT
20240818153203;2024-08-18 15:43:07;200;37987;https://borgerforslag.dk/se-og-stoet-forslag/?Id=FT-13599;c:\Users\olive\OneDrive - Københavns Universitet\KUonedriveOW\9. Semester\Intro to Social Data Science\EXAM PROJECT
20240818153203;2024-08-18 15:43:09;200;36018;https://borgerforslag.dk/se-og-stoet-forslag/?Id=FT-13489;c:\Users\olive\OneDrive - Københavns Universitet\KUonedriveOW\9. Semester\Intro to Social Data Science\EXAM PROJECT
20240818153203;2024-08-18 15:43:10;200;36222;https://borgerforslag.dk/se-og-stoet-forslag/?Id=FT-13597;c:\Users\olive\OneDrive - Københavns Universitet\KUonedriveOW\9. Semester\Intro to Social Data Science\EXAM PROJECT
20240818153203;2024-08-18 15:43:12;200;47864;https://borgerforslag.dk/se-og-stoet-forslag/?Id=FT-13492;c:\Users\olive\OneDrive - Københavns Universitet\KUonedriveOW\9. Semester\Intro to Social Data Science\EXAM PROJECT
20240818153203;2024-08-18 15:43:14;200;35482;https://borgerforslag.dk/se-og-stoet-forslag/?Id=FT-13482;c:\Users\olive\OneDrive - Københavns Universitet\KUonedriveOW\9. Semester\Intro to Social Data Science\EXAM PROJECT
20240818153203;2024-08-18 15:43:16;200;36026;https://borgerforslag.dk/se-og-stoet-forslag/?Id=FT-13612;c:\Users\olive\OneDrive - Københavns Universitet\KUonedriveOW\9. Semester\Intro to Social Data Science\EXAM PROJECT
20240818153203;2024-08-18 15:43:18;200;35614;https://borgerforslag.dk/se-og-stoet-forslag/?Id=FT-13610;c:\Users\olive\OneDrive - Københavns Universitet\KUonedriveOW\9. Semester\Intro to Social Data Science\EXAM PROJECT
20240818153203;2024-08-18 15:43:20;200;35355;https://borgerforslag.dk/se-og-stoet-forslag/?Id=FT-13526;c:\Users\olive\OneDrive - Københavns Universitet\KUonedriveOW\9. Semester\Intro to Social Data Science\EXAM PROJECT
20240818153203;2024-08-18 15:43:21;200;39689;https://borgerforslag.dk/se-og-stoet-forslag/?Id=FT-13547;c:\Users\olive\OneDrive - Københavns Universitet\KUonedriveOW\9. Semester\Intro to Social Data Science\EXAM PROJECT
20240818153203;2024-08-18 15:43:23;200;35593;https://borgerforslag.dk/se-og-stoet-forslag/?Id=FT-13528;c:\Users\olive\OneDrive - Københavns Universitet\KUonedriveOW\9. Semester\Intro to Social Data Science\EXAM PROJECT
20240818153203;2024-08-18 15:43:25;200;37222;https://borgerforslag.dk/se-og-stoet-forslag/?Id=FT-13546;c:\Users\olive\OneDrive - Københavns Universitet\KUonedriveOW\9. Semester\Intro to Social Data Science\EXAM PROJECT
20240818153203;2024-08-18 15:43:27;200;35787;https://borgerforslag.dk/se-og-stoet-forslag/?Id=FT-13238;c:\Users\olive\OneDrive - Københavns Universitet\KUonedriveOW\9. Semester\Intro to Social Data Science\EXAM PROJECT
20240818153203;2024-08-18 15:43:29;200;35880;https://borgerforslag.dk/se-og-stoet-forslag/?Id=FT-13452;c:\Users\olive\OneDrive - Københavns Universitet\KUonedriveOW\9. Semester\Intro to Social Data Science\EXAM PROJECT
20240818153203;2024-08-18 15:43:31;200;36159;https://borgerforslag.dk/se-og-stoet-forslag/?Id=FT-13359;c:\Users\olive\OneDrive - Københavns Universitet\KUonedriveOW\9. Semester\Intro to Social Data Science\EXAM PROJECT
20240818153203;2024-08-18 15:43:32;200;35719;https://borgerforslag.dk/se-og-stoet-forslag/?Id=FT-13545;c:\Users\olive\OneDrive - Københavns Universitet\KUonedriveOW\9. Semester\Intro to Social Data Science\EXAM PROJECT
20240818153203;2024-08-18 15:43:34;200;35590;https://borgerforslag.dk/se-og-stoet-forslag/?Id=FT-13520;c:\Users\olive\OneDrive - Københavns Universitet\KUonedriveOW\9. Semester\Intro to Social Data Science\EXAM PROJECT
20240818153203;2024-08-18 15:43:36;200;35625;https://borgerforslag.dk/se-og-stoet-forslag/?Id=FT-13548;c:\Users\olive\OneDrive - Københavns Universitet\KUonedriveOW\9. Semester\Intro to Social Data Science\EXAM PROJECT
20240818153203;2024-08-18 15:43:38;200;36537;https://borgerforslag.dk/se-og-stoet-forslag/?Id=FT-13559;c:\Users\olive\OneDrive - Københavns Universitet\KUonedriveOW\9. Semester\Intro to Social Data Science\EXAM PROJECT
20240818153203;2024-08-18 15:43:39;200;36207;https://borgerforslag.dk/se-og-stoet-forslag/?Id=FT-13383;c:\Users\olive\OneDrive - Københavns Universitet\KUonedriveOW\9. Semester\Intro to Social Data Science\EXAM PROJECT
20240818153203;2024-08-18 15:43:41;200;38975;https://borgerforslag.dk/se-og-stoet-forslag/?Id=FT-13337;c:\Users\olive\OneDrive - Københavns Universitet\KUonedriveOW\9. Semester\Intro to Social Data Science\EXAM PROJECT
20240818153203;2024-08-18 15:43:43;200;40960;https://borgerforslag.dk/se-og-stoet-forslag/?Id=FT-13498;c:\Users\olive\OneDrive - Københavns Universitet\KUonedriveOW\9. Semester\Intro to Social Data Science\EXAM PROJECT
20240818153203;2024-08-18 15:43:45;200;46429;https://borgerforslag.dk/se-og-stoet-forslag/?Id=FT-13499;c:\Users\olive\OneDrive - Københavns Universitet\KUonedriveOW\9. Semester\Intro to Social Data Science\EXAM PROJECT
20240818153203;2024-08-18 15:43:47;200;37487;https://borgerforslag.dk/se-og-stoet-forslag/?Id=FT-13317;c:\Users\olive\OneDrive - Københavns Universitet\KUonedriveOW\9. Semester\Intro to Social Data Science\EXAM PROJECT
20240818153203;2024-08-18 15:43:49;200;37460;https://borgerforslag.dk/se-og-stoet-forslag/?Id=FT-13446;c:\Users\olive\OneDrive - Københavns Universitet\KUonedriveOW\9. Semester\Intro to Social Data Science\EXAM PROJECT
20240818153203;2024-08-18 15:43:51;200;36484;https://borgerforslag.dk/se-og-stoet-forslag/?Id=FT-13431;c:\Users\olive\OneDrive - Københavns Universitet\KUonedriveOW\9. Semester\Intro to Social Data Science\EXAM PROJECT
20240818153203;2024-08-18 15:43:53;200;35765;https://borgerforslag.dk/se-og-stoet-forslag/?Id=FT-13427;c:\Users\olive\OneDrive - Københavns Universitet\KUonedriveOW\9. Semester\Intro to Social Data Science\EXAM PROJECT
20240818153203;2024-08-18 15:43:55;200;40406;https://borgerforslag.dk/se-og-stoet-forslag/?Id=FT-13272;c:\Users\olive\OneDrive - Københavns Universitet\KUonedriveOW\9. Semester\Intro to Social Data Science\EXAM PROJECT
20240818153203;2024-08-18 15:43:56;200;35956;https://borgerforslag.dk/se-og-stoet-forslag/?Id=FT-13352;c:\Users\olive\OneDrive - Københavns Universitet\KUonedriveOW\9. Semester\Intro to Social Data Science\EXAM PROJECT
20240818153203;2024-08-18 15:43:58;200;36108;https://borgerforslag.dk/se-og-stoet-forslag/?Id=FT-13404;c:\Users\olive\OneDrive - Københavns Universitet\KUonedriveOW\9. Semester\Intro to Social Data Science\EXAM PROJECT
20240818153203;2024-08-18 15:44:00;200;37730;https://borgerforslag.dk/se-og-stoet-forslag/?Id=FT-13365;c:\Users\olive\OneDrive - Københavns Universitet\KUonedriveOW\9. Semester\Intro to Social Data Science\EXAM PROJECT
20240818153203;2024-08-18 15:44:01;200;39009;https://borgerforslag.dk/se-og-stoet-forslag/?Id=FT-13344;c:\Users\olive\OneDrive - Københavns Universitet\KUonedriveOW\9. Semester\Intro to Social Data Science\EXAM PROJECT
20240818153203;2024-08-18 15:44:03;200;39336;https://borgerforslag.dk/se-og-stoet-forslag/?Id=FT-13355;c:\Users\olive\OneDrive - Københavns Universitet\KUonedriveOW\9. Semester\Intro to Social Data Science\EXAM PROJECT
20240818153203;2024-08-18 15:44:04;200;44282;https://borgerforslag.dk/se-og-stoet-forslag/?Id=FT-13037;c:\Users\olive\OneDrive - Københavns Universitet\KUonedriveOW\9. Semester\Intro to Social Data Science\EXAM PROJECT
20240818153203;2024-08-18 15:44:06;200;36479;https://borgerforslag.dk/se-og-stoet-forslag/?Id=FT-13263;c:\Users\olive\OneDrive - Københavns Universitet\KUonedriveOW\9. Semester\Intro to Social Data Science\EXAM PROJECT
20240818153203;2024-08-18 15:44:08;200;37070;https://borgerforslag.dk/se-og-stoet-forslag/?Id=FT-13172;c:\Users\olive\OneDrive - Københavns Universitet\KUonedriveOW\9. Semester\Intro to Social Data Science\EXAM PROJECT
20240818153203;2024-08-18 15:44:10;200;37284;https://borgerforslag.dk/se-og-stoet-forslag/?Id=FT-13181;c:\Users\olive\OneDrive - Københavns Universitet\KUonedriveOW\9. Semester\Intro to Social Data Science\EXAM PROJECT
20240818153203;2024-08-18 15:44:12;200;37671;https://borgerforslag.dk/se-og-stoet-forslag/?Id=FT-13258;c:\Users\olive\OneDrive - Københavns Universitet\KUonedriveOW\9. Semester\Intro to Social Data Science\EXAM PROJECT
20240818153203;2024-08-18 15:44:13;200;39395;https://borgerforslag.dk/se-og-stoet-forslag/?Id=FT-12991;c:\Users\olive\OneDrive - Københavns Universitet\KUonedriveOW\9. Semester\Intro to Social Data Science\EXAM PROJECT
20240818153203;2024-08-18 15:44:15;200;42171;https://borgerforslag.dk/se-og-stoet-forslag/?Id=FT-13242;c:\Users\olive\OneDrive - Københavns Universitet\KUonedriveOW\9. Semester\Intro to Social Data Science\EXAM PROJECT
20240818153203;2024-08-18 15:44:16;200;37616;https://borgerforslag.dk/se-og-stoet-forslag/?Id=FT-13254;c:\Users\olive\OneDrive - Københavns Universitet\KUonedriveOW\9. Semester\Intro to Social Data Science\EXAM PROJECT
20240818153203;2024-08-18 15:44:18;200;35717;https://borgerforslag.dk/se-og-stoet-forslag/?Id=FT-13207;c:\Users\olive\OneDrive - Københavns Universitet\KUonedriveOW\9. Semester\Intro to Social Data Science\EXAM PROJECT
20240818153203;2024-08-18 15:44:20;200;35179;https://borgerforslag.dk/se-og-stoet-forslag/?Id=FT-13213;c:\Users\olive\OneDrive - Københavns Universitet\KUonedriveOW\9. Semester\Intro to Social Data Science\EXAM PROJECT
20240818153203;2024-08-18 15:44:21;200;35671;https://borgerforslag.dk/se-og-stoet-forslag/?Id=FT-13212;c:\Users\olive\OneDrive - Københavns Universitet\KUonedriveOW\9. Semester\Intro to Social Data Science\EXAM PROJECT
20240818153203;2024-08-18 15:44:23;200;35610;https://borgerforslag.dk/se-og-stoet-forslag/?Id=FT-13086;c:\Users\olive\OneDrive - Københavns Universitet\KUonedriveOW\9. Semester\Intro to Social Data Science\EXAM PROJECT
20240818153203;2024-08-18 15:44:25;200;40341;https://borgerforslag.dk/se-og-stoet-forslag/?Id=FT-12975;c:\Users\olive\OneDrive - Københavns Universitet\KUonedriveOW\9. Semester\Intro to Social Data Science\EXAM PROJECT
20240818153203;2024-08-18 15:44:27;200;37553;https://borgerforslag.dk/se-og-stoet-forslag/?Id=FT-13169;c:\Users\olive\OneDrive - Københavns Universitet\KUonedriveOW\9. Semester\Intro to Social Data Science\EXAM PROJECT
20240818153203;2024-08-18 15:44:29;200;38479;https://borgerforslag.dk/se-og-stoet-forslag/?Id=FT-13024;c:\Users\olive\OneDrive - Københavns Universitet\KUonedriveOW\9. Semester\Intro to Social Data Science\EXAM PROJECT
20240818153203;2024-08-18 15:44:31;200;35958;https://borgerforslag.dk/se-og-stoet-forslag/?Id=FT-13140;c:\Users\olive\OneDrive - Københavns Universitet\KUonedriveOW\9. Semester\Intro to Social Data Science\EXAM PROJECT
20240818153203;2024-08-18 15:44:32;200;36279;https://borgerforslag.dk/se-og-stoet-forslag/?Id=FT-13080;c:\Users\olive\OneDrive - Københavns Universitet\KUonedriveOW\9. Semester\Intro to Social Data Science\EXAM PROJECT
20240818153203;2024-08-18 15:44:34;200;35611;https://borgerforslag.dk/se-og-stoet-forslag/?Id=FT-12926;c:\Users\olive\OneDrive - Københavns Universitet\KUonedriveOW\9. Semester\Intro to Social Data Science\EXAM PROJECT
20240818153203;2024-08-18 15:44:36;200;38861;https://borgerforslag.dk/se-og-stoet-forslag/?Id=FT-12945;c:\Users\olive\OneDrive - Københavns Universitet\KUonedriveOW\9. Semester\Intro to Social Data Science\EXAM PROJECT
20240818153203;2024-08-18 15:44:38;200;36027;https://borgerforslag.dk/se-og-stoet-forslag/?Id=FT-13102;c:\Users\olive\OneDrive - Københavns Universitet\KUonedriveOW\9. Semester\Intro to Social Data Science\EXAM PROJECT
20240818153203;2024-08-18 15:44:40;200;35269;https://borgerforslag.dk/se-og-stoet-forslag/?Id=FT-13087;c:\Users\olive\OneDrive - Københavns Universitet\KUonedriveOW\9. Semester\Intro to Social Data Science\EXAM PROJECT
20240818153203;2024-08-18 15:44:42;200;39912;https://borgerforslag.dk/se-og-stoet-forslag/?Id=FT-12981;c:\Users\olive\OneDrive - Københavns Universitet\KUonedriveOW\9. Semester\Intro to Social Data Science\EXAM PROJECT
20240818153203;2024-08-18 15:44:43;200;36510;https://borgerforslag.dk/se-og-stoet-forslag/?Id=FT-12913;c:\Users\olive\OneDrive - Københavns Universitet\KUonedriveOW\9. Semester\Intro to Social Data Science\EXAM PROJECT
20240818153203;2024-08-18 15:44:45;200;37539;https://borgerforslag.dk/se-og-stoet-forslag/?Id=FT-12980;c:\Users\olive\OneDrive - Københavns Universitet\KUonedriveOW\9. Semester\Intro to Social Data Science\EXAM PROJECT
20240818153203;2024-08-18 15:44:47;200;37648;https://borgerforslag.dk/se-og-stoet-forslag/?Id=FT-12942;c:\Users\olive\OneDrive - Københavns Universitet\KUonedriveOW\9. Semester\Intro to Social Data Science\EXAM PROJECT
20240818153203;2024-08-18 15:44:49;200;35662;https://borgerforslag.dk/se-og-stoet-forslag/?Id=FT-12837;c:\Users\olive\OneDrive - Københavns Universitet\KUonedriveOW\9. Semester\Intro to Social Data Science\EXAM PROJECT
20240818153203;2024-08-18 15:44:50;200;45803;https://borgerforslag.dk/se-og-stoet-forslag/?Id=FT-12661;c:\Users\olive\OneDrive - Københavns Universitet\KUonedriveOW\9. Semester\Intro to Social Data Science\EXAM PROJECT
20240818153203;2024-08-18 15:44:52;200;40068;https://borgerforslag.dk/se-og-stoet-forslag/?Id=FT-12817;c:\Users\olive\OneDrive - Københavns Universitet\KUonedriveOW\9. Semester\Intro to Social Data Science\EXAM PROJECT
20240818153203;2024-08-18 15:44:54;200;36053;https://borgerforslag.dk/se-og-stoet-forslag/?Id=FT-12852;c:\Users\olive\OneDrive - Københavns Universitet\KUonedriveOW\9. Semester\Intro to Social Data Science\EXAM PROJECT
20240818153203;2024-08-18 15:44:56;200;38220;https://borgerforslag.dk/se-og-stoet-forslag/?Id=FT-12588;c:\Users\olive\OneDrive - Københavns Universitet\KUonedriveOW\9. Semester\Intro to Social Data Science\EXAM PROJECT
20240818153203;2024-08-18 15:44:58;200;36444;https://borgerforslag.dk/se-og-stoet-forslag/?Id=FT-12731;c:\Users\olive\OneDrive - Københavns Universitet\KUonedriveOW\9. Semester\Intro to Social Data Science\EXAM PROJECT
20240818153203;2024-08-18 15:45:00;200;42915;https://borgerforslag.dk/se-og-stoet-forslag/?Id=FT-12710;c:\Users\olive\OneDrive - Københavns Universitet\KUonedriveOW\9. Semester\Intro to Social Data Science\EXAM PROJECT
20240818153203;2024-08-18 15:45:02;200;44075;https://borgerforslag.dk/se-og-stoet-forslag/?Id=FT-12713;c:\Users\olive\OneDrive - Københavns Universitet\KUonedriveOW\9. Semester\Intro to Social Data Science\EXAM PROJECT
20240818153203;2024-08-18 15:45:03;200;36138;https://borgerforslag.dk/se-og-stoet-forslag/?Id=FT-12789;c:\Users\olive\OneDrive - Københavns Universitet\KUonedriveOW\9. Semester\Intro to Social Data Science\EXAM PROJECT
20240818153203;2024-08-18 15:45:05;200;43060;https://borgerforslag.dk/se-og-stoet-forslag/?Id=FT-12826;c:\Users\olive\OneDrive - Københavns Universitet\KUonedriveOW\9. Semester\Intro to Social Data Science\EXAM PROJECT
20240818153203;2024-08-18 15:45:07;200;41854;https://borgerforslag.dk/se-og-stoet-forslag/?Id=FT-12650;c:\Users\olive\OneDrive - Københavns Universitet\KUonedriveOW\9. Semester\Intro to Social Data Science\EXAM PROJECT
20240818153203;2024-08-18 15:45:09;200;35883;https://borgerforslag.dk/se-og-stoet-forslag/?Id=FT-12781;c:\Users\olive\OneDrive - Københavns Universitet\KUonedriveOW\9. Semester\Intro to Social Data Science\EXAM PROJECT
20240818153203;2024-08-18 15:45:11;200;36788;https://borgerforslag.dk/se-og-stoet-forslag/?Id=FT-12827;c:\Users\olive\OneDrive - Københavns Universitet\KUonedriveOW\9. Semester\Intro to Social Data Science\EXAM PROJECT
20240818153203;2024-08-18 15:45:13;200;42071;https://borgerforslag.dk/se-og-stoet-forslag/?Id=FT-12751;c:\Users\olive\OneDrive - Københavns Universitet\KUonedriveOW\9. Semester\Intro to Social Data Science\EXAM PROJECT
20240818153203;2024-08-18 15:45:14;200;36246;https://borgerforslag.dk/se-og-stoet-forslag/?Id=FT-12671;c:\Users\olive\OneDrive - Københavns Universitet\KUonedriveOW\9. Semester\Intro to Social Data Science\EXAM PROJECT
20240818153203;2024-08-18 15:45:16;200;37883;https://borgerforslag.dk/se-og-stoet-forslag/?Id=FT-12755;c:\Users\olive\OneDrive - Københavns Universitet\KUonedriveOW\9. Semester\Intro to Social Data Science\EXAM PROJECT
20240818153203;2024-08-18 15:45:18;200;36148;https://borgerforslag.dk/se-og-stoet-forslag/?Id=FT-12507;c:\Users\olive\OneDrive - Københavns Universitet\KUonedriveOW\9. Semester\Intro to Social Data Science\EXAM PROJECT
20240818153203;2024-08-18 15:45:20;200;38379;https://borgerforslag.dk/se-og-stoet-forslag/?Id=FT-12722;c:\Users\olive\OneDrive - Københavns Universitet\KUonedriveOW\9. Semester\Intro to Social Data Science\EXAM PROJECT
20240818153203;2024-08-18 15:45:22;200;38142;https://borgerforslag.dk/se-og-stoet-forslag/?Id=FT-12756;c:\Users\olive\OneDrive - Københavns Universitet\KUonedriveOW\9. Semester\Intro to Social Data Science\EXAM PROJECT
20240818153203;2024-08-18 15:45:23;200;39975;https://borgerforslag.dk/se-og-stoet-forslag/?Id=FT-12735;c:\Users\olive\OneDrive - Københavns Universitet\KUonedriveOW\9. Semester\Intro to Social Data Science\EXAM PROJECT
20240818153203;2024-08-18 15:45:25;200;38365;https://borgerforslag.dk/se-og-stoet-forslag/?Id=FT-12459;c:\Users\olive\OneDrive - Københavns Universitet\KUonedriveOW\9. Semester\Intro to Social Data Science\EXAM PROJECT
20240818153203;2024-08-18 15:45:27;200;37610;https://borgerforslag.dk/se-og-stoet-forslag/?Id=FT-12734;c:\Users\olive\OneDrive - Københavns Universitet\KUonedriveOW\9. Semester\Intro to Social Data Science\EXAM PROJECT
20240818153203;2024-08-18 15:45:29;200;35664;https://borgerforslag.dk/se-og-stoet-forslag/?Id=FT-12766;c:\Users\olive\OneDrive - Københavns Universitet\KUonedriveOW\9. Semester\Intro to Social Data Science\EXAM PROJECT
20240818153203;2024-08-18 15:45:30;200;36263;https://borgerforslag.dk/se-og-stoet-forslag/?Id=FT-12653;c:\Users\olive\OneDrive - Københavns Universitet\KUonedriveOW\9. Semester\Intro to Social Data Science\EXAM PROJECT
20240818153203;2024-08-18 15:45:32;200;36675;https://borgerforslag.dk/se-og-stoet-forslag/?Id=FT-12681;c:\Users\olive\OneDrive - Københavns Universitet\KUonedriveOW\9. Semester\Intro to Social Data Science\EXAM PROJECT
20240818153203;2024-08-18 15:45:34;200;37630;https://borgerforslag.dk/se-og-stoet-forslag/?Id=FT-12674;c:\Users\olive\OneDrive - Københavns Universitet\KUonedriveOW\9. Semester\Intro to Social Data Science\EXAM PROJECT
20240818153203;2024-08-18 15:45:36;200;39523;https://borgerforslag.dk/se-og-stoet-forslag/?Id=FT-12545;c:\Users\olive\OneDrive - Københavns Universitet\KUonedriveOW\9. Semester\Intro to Social Data Science\EXAM PROJECT
20240818153203;2024-08-18 15:45:37;200;45449;https://borgerforslag.dk/se-og-stoet-forslag/?Id=FT-12531;c:\Users\olive\OneDrive - Københavns Universitet\KUonedriveOW\9. Semester\Intro to Social Data Science\EXAM PROJECT
20240818153203;2024-08-18 15:45:39;200;42425;https://borgerforslag.dk/se-og-stoet-forslag/?Id=FT-12505;c:\Users\olive\OneDrive - Københavns Universitet\KUonedriveOW\9. Semester\Intro to Social Data Science\EXAM PROJECT
20240818153203;2024-08-18 15:45:41;200;36043;https://borgerforslag.dk/se-og-stoet-forslag/?Id=FT-12621;c:\Users\olive\OneDrive - Københavns Universitet\KUonedriveOW\9. Semester\Intro to Social Data Science\EXAM PROJECT
20240818153203;2024-08-18 15:45:43;200;40417;https://borgerforslag.dk/se-og-stoet-forslag/?Id=FT-12488;c:\Users\olive\OneDrive - Københavns Universitet\KUonedriveOW\9. Semester\Intro to Social Data Science\EXAM PROJECT
20240818153203;2024-08-18 15:45:46;200;35967;https://borgerforslag.dk/se-og-stoet-forslag/?Id=FT-12563;c:\Users\olive\OneDrive - Københavns Universitet\KUonedriveOW\9. Semester\Intro to Social Data Science\EXAM PROJECT
20240818153203;2024-08-18 15:45:48;200;37462;https://borgerforslag.dk/se-og-stoet-forslag/?Id=FT-12573;c:\Users\olive\OneDrive - Københavns Universitet\KUonedriveOW\9. Semester\Intro to Social Data Science\EXAM PROJECT
20240818153203;2024-08-18 15:45:50;200;37171;https://borgerforslag.dk/se-og-stoet-forslag/?Id=FT-12433;c:\Users\olive\OneDrive - Københavns Universitet\KUonedriveOW\9. Semester\Intro to Social Data Science\EXAM PROJECT
20240818153203;2024-08-18 15:45:52;200;38247;https://borgerforslag.dk/se-og-stoet-forslag/?Id=FT-12466;c:\Users\olive\OneDrive - Københavns Universitet\KUonedriveOW\9. Semester\Intro to Social Data Science\EXAM PROJECT
20240818153203;2024-08-18 15:45:54;200;35415;https://borgerforslag.dk/se-og-stoet-forslag/?Id=FT-12477;c:\Users\olive\OneDrive - Københavns Universitet\KUonedriveOW\9. Semester\Intro to Social Data Science\EXAM PROJECT
20240818153203;2024-08-18 15:45:55;200;35628;https://borgerforslag.dk/se-og-stoet-forslag/?Id=FT-12483;c:\Users\olive\OneDrive - Københavns Universitet\KUonedriveOW\9. Semester\Intro to Social Data Science\EXAM PROJECT
20240818153203;2024-08-18 15:45:57;200;41604;https://borgerforslag.dk/se-og-stoet-forslag/?Id=FT-12321;c:\Users\olive\OneDrive - Københavns Universitet\KUonedriveOW\9. Semester\Intro to Social Data Science\EXAM PROJECT
20240818153203;2024-08-18 15:45:59;200;37733;https://borgerforslag.dk/se-og-stoet-forslag/?Id=FT-12452;c:\Users\olive\OneDrive - Københavns Universitet\KUonedriveOW\9. Semester\Intro to Social Data Science\EXAM PROJECT
20240818153203;2024-08-18 15:46:00;200;37464;https://borgerforslag.dk/se-og-stoet-forslag/?Id=FT-12444;c:\Users\olive\OneDrive - Københavns Universitet\KUonedriveOW\9. Semester\Intro to Social Data Science\EXAM PROJECT
20240818153203;2024-08-18 15:46:01;200;39398;https://borgerforslag.dk/se-og-stoet-forslag/?Id=FT-12445;c:\Users\olive\OneDrive - Københavns Universitet\KUonedriveOW\9. Semester\Intro to Social Data Science\EXAM PROJECT
20240818153203;2024-08-18 15:46:04;200;35716;https://borgerforslag.dk/se-og-stoet-forslag/?Id=FT-12439;c:\Users\olive\OneDrive - Københavns Universitet\KUonedriveOW\9. Semester\Intro to Social Data Science\EXAM PROJECT
20240818153203;2024-08-18 15:46:05;200;35191;https://borgerforslag.dk/se-og-stoet-forslag/?Id=FT-12432;c:\Users\olive\OneDrive - Københavns Universitet\KUonedriveOW\9. Semester\Intro to Social Data Science\EXAM PROJECT
20240818153203;2024-08-18 15:46:07;200;35976;https://borgerforslag.dk/se-og-stoet-forslag/?Id=FT-12325;c:\Users\olive\OneDrive - Københavns Universitet\KUonedriveOW\9. Semester\Intro to Social Data Science\EXAM PROJECT
20240818153203;2024-08-18 15:46:09;200;35002;https://borgerforslag.dk/se-og-stoet-forslag/?Id=FT-12390;c:\Users\olive\OneDrive - Københavns Universitet\KUonedriveOW\9. Semester\Intro to Social Data Science\EXAM PROJECT
20240818153203;2024-08-18 15:46:11;200;38125;https://borgerforslag.dk/se-og-stoet-forslag/?Id=FT-12235;c:\Users\olive\OneDrive - Københavns Universitet\KUonedriveOW\9. Semester\Intro to Social Data Science\EXAM PROJECT
20240818153203;2024-08-18 15:46:12;200;35820;https://borgerforslag.dk/se-og-stoet-forslag/?Id=FT-12381;c:\Users\olive\OneDrive - Københavns Universitet\KUonedriveOW\9. Semester\Intro to Social Data Science\EXAM PROJECT
20240818153203;2024-08-18 15:46:14;200;37315;https://borgerforslag.dk/se-og-stoet-forslag/?Id=FT-12261;c:\Users\olive\OneDrive - Københavns Universitet\KUonedriveOW\9. Semester\Intro to Social Data Science\EXAM PROJECT
20240818153203;2024-08-18 15:46:16;200;39389;https://borgerforslag.dk/se-og-stoet-forslag/?Id=FT-12380;c:\Users\olive\OneDrive - Københavns Universitet\KUonedriveOW\9. Semester\Intro to Social Data Science\EXAM PROJECT
20240818153203;2024-08-18 15:46:17;200;36632;https://borgerforslag.dk/se-og-stoet-forslag/?Id=FT-12318;c:\Users\olive\OneDrive - Københavns Universitet\KUonedriveOW\9. Semester\Intro to Social Data Science\EXAM PROJECT
20240818153203;2024-08-18 15:46:19;200;39836;https://borgerforslag.dk/se-og-stoet-forslag/?Id=FT-12317;c:\Users\olive\OneDrive - Københavns Universitet\KUonedriveOW\9. Semester\Intro to Social Data Science\EXAM PROJECT
20240818153203;2024-08-18 15:46:21;200;35986;https://borgerforslag.dk/se-og-stoet-forslag/?Id=FT-12308;c:\Users\olive\OneDrive - Københavns Universitet\KUonedriveOW\9. Semester\Intro to Social Data Science\EXAM PROJECT
20240818153203;2024-08-18 15:46:23;200;42580;https://borgerforslag.dk/se-og-stoet-forslag/?Id=FT-12301;c:\Users\olive\OneDrive - Københavns Universitet\KUonedriveOW\9. Semester\Intro to Social Data Science\EXAM PROJECT
20240818153203;2024-08-18 15:46:24;200;43643;https://borgerforslag.dk/se-og-stoet-forslag/?Id=FT-12161;c:\Users\olive\OneDrive - Københavns Universitet\KUonedriveOW\9. Semester\Intro to Social Data Science\EXAM PROJECT
20240818153203;2024-08-18 15:46:27;200;38500;https://borgerforslag.dk/se-og-stoet-forslag/?Id=FT-12271;c:\Users\olive\OneDrive - Københavns Universitet\KUonedriveOW\9. Semester\Intro to Social Data Science\EXAM PROJECT
20240818153203;2024-08-18 15:46:28;200;35345;https://borgerforslag.dk/se-og-stoet-forslag/?Id=FT-12275;c:\Users\olive\OneDrive - Københavns Universitet\KUonedriveOW\9. Semester\Intro to Social Data Science\EXAM PROJECT
20240818153203;2024-08-18 15:46:30;200;39023;https://borgerforslag.dk/se-og-stoet-forslag/?Id=FT-12258;c:\Users\olive\OneDrive - Københavns Universitet\KUonedriveOW\9. Semester\Intro to Social Data Science\EXAM PROJECT
20240818153203;2024-08-18 15:46:31;200;42496;https://borgerforslag.dk/se-og-stoet-forslag/?Id=FT-12205;c:\Users\olive\OneDrive - Københavns Universitet\KUonedriveOW\9. Semester\Intro to Social Data Science\EXAM PROJECT
20240818153203;2024-08-18 15:46:33;200;37058;https://borgerforslag.dk/se-og-stoet-forslag/?Id=FT-12173;c:\Users\olive\OneDrive - Københavns Universitet\KUonedriveOW\9. Semester\Intro to Social Data Science\EXAM PROJECT
20240818153203;2024-08-18 15:46:35;200;38196;https://borgerforslag.dk/se-og-stoet-forslag/?Id=FT-12210;c:\Users\olive\OneDrive - Københavns Universitet\KUonedriveOW\9. Semester\Intro to Social Data Science\EXAM PROJECT
20240818153203;2024-08-18 15:46:37;200;36774;https://borgerforslag.dk/se-og-stoet-forslag/?Id=FT-12078;c:\Users\olive\OneDrive - Københavns Universitet\KUonedriveOW\9. Semester\Intro to Social Data Science\EXAM PROJECT
20240818153203;2024-08-18 15:46:39;200;37619;https://borgerforslag.dk/se-og-stoet-forslag/?Id=FT-12195;c:\Users\olive\OneDrive - Københavns Universitet\KUonedriveOW\9. Semester\Intro to Social Data Science\EXAM PROJECT
20240818153203;2024-08-18 15:46:41;200;42300;https://borgerforslag.dk/se-og-stoet-forslag/?Id=FT-12194;c:\Users\olive\OneDrive - Københavns Universitet\KUonedriveOW\9. Semester\Intro to Social Data Science\EXAM PROJECT
20240818153203;2024-08-18 15:46:42;200;36635;https://borgerforslag.dk/se-og-stoet-forslag/?Id=FT-12033;c:\Users\olive\OneDrive - Københavns Universitet\KUonedriveOW\9. Semester\Intro to Social Data Science\EXAM PROJECT
20240818153203;2024-08-18 15:46:44;200;37155;https://borgerforslag.dk/se-og-stoet-forslag/?Id=FT-12172;c:\Users\olive\OneDrive - Københavns Universitet\KUonedriveOW\9. Semester\Intro to Social Data Science\EXAM PROJECT
20240818153203;2024-08-18 15:46:46;200;36477;https://borgerforslag.dk/se-og-stoet-forslag/?Id=FT-12064;c:\Users\olive\OneDrive - Københavns Universitet\KUonedriveOW\9. Semester\Intro to Social Data Science\EXAM PROJECT
20240818153203;2024-08-18 15:46:48;200;39461;https://borgerforslag.dk/se-og-stoet-forslag/?Id=FT-12144;c:\Users\olive\OneDrive - Københavns Universitet\KUonedriveOW\9. Semester\Intro to Social Data Science\EXAM PROJECT
20240818153203;2024-08-18 15:46:49;200;36066;https://borgerforslag.dk/se-og-stoet-forslag/?Id=FT-12112;c:\Users\olive\OneDrive - Københavns Universitet\KUonedriveOW\9. Semester\Intro to Social Data Science\EXAM PROJECT
20240818153203;2024-08-18 15:46:50;200;39745;https://borgerforslag.dk/se-og-stoet-forslag/?Id=FT-11994;c:\Users\olive\OneDrive - Københavns Universitet\KUonedriveOW\9. Semester\Intro to Social Data Science\EXAM PROJECT
20240818153203;2024-08-18 15:46:52;200;36951;https://borgerforslag.dk/se-og-stoet-forslag/?Id=FT-11990;c:\Users\olive\OneDrive - Københavns Universitet\KUonedriveOW\9. Semester\Intro to Social Data Science\EXAM PROJECT
20240818153203;2024-08-18 15:46:54;200;36097;https://borgerforslag.dk/se-og-stoet-forslag/?Id=FT-11954;c:\Users\olive\OneDrive - Københavns Universitet\KUonedriveOW\9. Semester\Intro to Social Data Science\EXAM PROJECT
20240818153203;2024-08-18 15:46:56;200;35484;https://borgerforslag.dk/se-og-stoet-forslag/?Id=FT-12025;c:\Users\olive\OneDrive - Københavns Universitet\KUonedriveOW\9. Semester\Intro to Social Data Science\EXAM PROJECT
20240818153203;2024-08-18 15:46:58;200;45114;https://borgerforslag.dk/se-og-stoet-forslag/?Id=FT-11915;c:\Users\olive\OneDrive - Københavns Universitet\KUonedriveOW\9. Semester\Intro to Social Data Science\EXAM PROJECT
20240818153203;2024-08-18 15:47:00;200;35877;https://borgerforslag.dk/se-og-stoet-forslag/?Id=FT-11928;c:\Users\olive\OneDrive - Københavns Universitet\KUonedriveOW\9. Semester\Intro to Social Data Science\EXAM PROJECT
20240818153203;2024-08-18 15:47:01;200;36700;https://borgerforslag.dk/se-og-stoet-forslag/?Id=FT-11902;c:\Users\olive\OneDrive - Københavns Universitet\KUonedriveOW\9. Semester\Intro to Social Data Science\EXAM PROJECT
20240818153203;2024-08-18 15:47:03;200;38367;https://borgerforslag.dk/se-og-stoet-forslag/?Id=FT-11958;c:\Users\olive\OneDrive - Københavns Universitet\KUonedriveOW\9. Semester\Intro to Social Data Science\EXAM PROJECT
20240818153203;2024-08-18 15:47:05;200;37634;https://borgerforslag.dk/se-og-stoet-forslag/?Id=FT-11949;c:\Users\olive\OneDrive - Københavns Universitet\KUonedriveOW\9. Semester\Intro to Social Data Science\EXAM PROJECT
20240818153203;2024-08-18 15:47:07;200;37824;https://borgerforslag.dk/se-og-stoet-forslag/?Id=FT-11824;c:\Users\olive\OneDrive - Københavns Universitet\KUonedriveOW\9. Semester\Intro to Social Data Science\EXAM PROJECT
20240818153203;2024-08-18 15:47:09;200;37859;https://borgerforslag.dk/se-og-stoet-forslag/?Id=FT-11894;c:\Users\olive\OneDrive - Københavns Universitet\KUonedriveOW\9. Semester\Intro to Social Data Science\EXAM PROJECT
20240818153203;2024-08-18 15:47:10;200;37366;https://borgerforslag.dk/se-og-stoet-forslag/?Id=FT-11855;c:\Users\olive\OneDrive - Københavns Universitet\KUonedriveOW\9. Semester\Intro to Social Data Science\EXAM PROJECT
20240818153203;2024-08-18 15:47:12;200;37570;https://borgerforslag.dk/se-og-stoet-forslag/?Id=FT-11798;c:\Users\olive\OneDrive - Københavns Universitet\KUonedriveOW\9. Semester\Intro to Social Data Science\EXAM PROJECT
20240818153203;2024-08-18 15:47:14;200;38234;https://borgerforslag.dk/se-og-stoet-forslag/?Id=FT-11864;c:\Users\olive\OneDrive - Københavns Universitet\KUonedriveOW\9. Semester\Intro to Social Data Science\EXAM PROJECT
20240818153203;2024-08-18 15:47:16;200;38423;https://borgerforslag.dk/se-og-stoet-forslag/?Id=FT-11738;c:\Users\olive\OneDrive - Københavns Universitet\KUonedriveOW\9. Semester\Intro to Social Data Science\EXAM PROJECT
20240818153203;2024-08-18 15:47:18;200;38256;https://borgerforslag.dk/se-og-stoet-forslag/?Id=FT-11801;c:\Users\olive\OneDrive - Københavns Universitet\KUonedriveOW\9. Semester\Intro to Social Data Science\EXAM PROJECT
20240818153203;2024-08-18 15:47:20;200;48571;https://borgerforslag.dk/se-og-stoet-forslag/?Id=FT-11693;c:\Users\olive\OneDrive - Københavns Universitet\KUonedriveOW\9. Semester\Intro to Social Data Science\EXAM PROJECT
20240818153203;2024-08-18 15:47:22;200;50470;https://borgerforslag.dk/se-og-stoet-forslag/?Id=FT-11451;c:\Users\olive\OneDrive - Københavns Universitet\KUonedriveOW\9. Semester\Intro to Social Data Science\EXAM PROJECT
20240818153203;2024-08-18 15:47:25;200;36437;https://borgerforslag.dk/se-og-stoet-forslag/?Id=FT-11808;c:\Users\olive\OneDrive - Københavns Universitet\KUonedriveOW\9. Semester\Intro to Social Data Science\EXAM PROJECT
20240818153203;2024-08-18 15:47:26;200;39355;https://borgerforslag.dk/se-og-stoet-forslag/?Id=FT-11742;c:\Users\olive\OneDrive - Københavns Universitet\KUonedriveOW\9. Semester\Intro to Social Data Science\EXAM PROJECT
20240818153203;2024-08-18 15:47:28;200;39130;https://borgerforslag.dk/se-og-stoet-forslag/?Id=FT-11739;c:\Users\olive\OneDrive - Københavns Universitet\KUonedriveOW\9. Semester\Intro to Social Data Science\EXAM PROJECT
20240818153203;2024-08-18 15:47:29;200;36085;https://borgerforslag.dk/se-og-stoet-forslag/?Id=FT-11847;c:\Users\olive\OneDrive - Københavns Universitet\KUonedriveOW\9. Semester\Intro to Social Data Science\EXAM PROJECT
20240818153203;2024-08-18 15:47:32;200;35649;https://borgerforslag.dk/se-og-stoet-forslag/?Id=FT-11851;c:\Users\olive\OneDrive - Københavns Universitet\KUonedriveOW\9. Semester\Intro to Social Data Science\EXAM PROJECT
20240818153203;2024-08-18 15:47:34;200;45362;https://borgerforslag.dk/se-og-stoet-forslag/?Id=FT-11761;c:\Users\olive\OneDrive - Københavns Universitet\KUonedriveOW\9. Semester\Intro to Social Data Science\EXAM PROJECT
20240818153203;2024-08-18 15:47:35;200;37291;https://borgerforslag.dk/se-og-stoet-forslag/?Id=FT-11696;c:\Users\olive\OneDrive - Københavns Universitet\KUonedriveOW\9. Semester\Intro to Social Data Science\EXAM PROJECT
20240818153203;2024-08-18 15:47:37;200;37710;https://borgerforslag.dk/se-og-stoet-forslag/?Id=FT-11809;c:\Users\olive\OneDrive - Københavns Universitet\KUonedriveOW\9. Semester\Intro to Social Data Science\EXAM PROJECT
20240818153203;2024-08-18 15:47:39;200;36753;https://borgerforslag.dk/se-og-stoet-forslag/?Id=FT-11663;c:\Users\olive\OneDrive - Københavns Universitet\KUonedriveOW\9. Semester\Intro to Social Data Science\EXAM PROJECT
20240818153203;2024-08-18 15:47:41;200;39350;https://borgerforslag.dk/se-og-stoet-forslag/?Id=FT-11655;c:\Users\olive\OneDrive - Københavns Universitet\KUonedriveOW\9. Semester\Intro to Social Data Science\EXAM PROJECT
20240818153203;2024-08-18 15:47:42;200;36069;https://borgerforslag.dk/se-og-stoet-forslag/?Id=FT-11658;c:\Users\olive\OneDrive - Københavns Universitet\KUonedriveOW\9. Semester\Intro to Social Data Science\EXAM PROJECT
20240818153203;2024-08-18 15:47:44;200;36364;https://borgerforslag.dk/se-og-stoet-forslag/?Id=FT-11780;c:\Users\olive\OneDrive - Københavns Universitet\KUonedriveOW\9. Semester\Intro to Social Data Science\EXAM PROJECT
20240818153203;2024-08-18 15:47:46;200;37443;https://borgerforslag.dk/se-og-stoet-forslag/?Id=FT-11727;c:\Users\olive\OneDrive - Københavns Universitet\KUonedriveOW\9. Semester\Intro to Social Data Science\EXAM PROJECT
20240818153203;2024-08-18 15:47:48;200;38522;https://borgerforslag.dk/se-og-stoet-forslag/?Id=FT-11732;c:\Users\olive\OneDrive - Københavns Universitet\KUonedriveOW\9. Semester\Intro to Social Data Science\EXAM PROJECT
20240818153203;2024-08-18 15:47:50;200;39449;https://borgerforslag.dk/se-og-stoet-forslag/?Id=FT-11604;c:\Users\olive\OneDrive - Københavns Universitet\KUonedriveOW\9. Semester\Intro to Social Data Science\EXAM PROJECT
20240818153203;2024-08-18 15:47:52;200;35759;https://borgerforslag.dk/se-og-stoet-forslag/?Id=FT-11746;c:\Users\olive\OneDrive - Københavns Universitet\KUonedriveOW\9. Semester\Intro to Social Data Science\EXAM PROJECT
20240818153203;2024-08-18 15:47:54;200;44152;https://borgerforslag.dk/se-og-stoet-forslag/?Id=FT-11649;c:\Users\olive\OneDrive - Københavns Universitet\KUonedriveOW\9. Semester\Intro to Social Data Science\EXAM PROJECT
20240818153203;2024-08-18 15:47:56;200;40385;https://borgerforslag.dk/se-og-stoet-forslag/?Id=FT-11628;c:\Users\olive\OneDrive - Københavns Universitet\KUonedriveOW\9. Semester\Intro to Social Data Science\EXAM PROJECT
20240818153203;2024-08-18 15:47:58;200;41698;https://borgerforslag.dk/se-og-stoet-forslag/?Id=FT-11620;c:\Users\olive\OneDrive - Københavns Universitet\KUonedriveOW\9. Semester\Intro to Social Data Science\EXAM PROJECT
20240818153203;2024-08-18 15:48:00;200;36799;https://borgerforslag.dk/se-og-stoet-forslag/?Id=FT-11615;c:\Users\olive\OneDrive - Københavns Universitet\KUonedriveOW\9. Semester\Intro to Social Data Science\EXAM PROJECT
20240818153203;2024-08-18 15:48:02;200;36445;https://borgerforslag.dk/se-og-stoet-forslag/?Id=FT-11606;c:\Users\olive\OneDrive - Københavns Universitet\KUonedriveOW\9. Semester\Intro to Social Data Science\EXAM PROJECT
20240818153203;2024-08-18 15:48:03;200;39894;https://borgerforslag.dk/se-og-stoet-forslag/?Id=FT-11456;c:\Users\olive\OneDrive - Københavns Universitet\KUonedriveOW\9. Semester\Intro to Social Data Science\EXAM PROJECT
20240818153203;2024-08-18 15:48:05;200;34936;https://borgerforslag.dk/se-og-stoet-forslag/?Id=FT-11586;c:\Users\olive\OneDrive - Københavns Universitet\KUonedriveOW\9. Semester\Intro to Social Data Science\EXAM PROJECT
20240818153203;2024-08-18 15:48:07;200;39322;https://borgerforslag.dk/se-og-stoet-forslag/?Id=FT-11400;c:\Users\olive\OneDrive - Københavns Universitet\KUonedriveOW\9. Semester\Intro to Social Data Science\EXAM PROJECT
20240818153203;2024-08-18 15:48:09;200;37396;https://borgerforslag.dk/se-og-stoet-forslag/?Id=FT-11381;c:\Users\olive\OneDrive - Københavns Universitet\KUonedriveOW\9. Semester\Intro to Social Data Science\EXAM PROJECT
20240818153203;2024-08-18 15:48:10;200;36267;https://borgerforslag.dk/se-og-stoet-forslag/?Id=FT-11480;c:\Users\olive\OneDrive - Københavns Universitet\KUonedriveOW\9. Semester\Intro to Social Data Science\EXAM PROJECT
20240818153203;2024-08-18 15:48:12;200;39135;https://borgerforslag.dk/se-og-stoet-forslag/?Id=FT-11467;c:\Users\olive\OneDrive - Københavns Universitet\KUonedriveOW\9. Semester\Intro to Social Data Science\EXAM PROJECT
20240818153203;2024-08-18 15:48:14;200;38263;https://borgerforslag.dk/se-og-stoet-forslag/?Id=FT-11393;c:\Users\olive\OneDrive - Københavns Universitet\KUonedriveOW\9. Semester\Intro to Social Data Science\EXAM PROJECT
20240818153203;2024-08-18 15:48:16;200;36823;https://borgerforslag.dk/se-og-stoet-forslag/?Id=FT-11440;c:\Users\olive\OneDrive - Københavns Universitet\KUonedriveOW\9. Semester\Intro to Social Data Science\EXAM PROJECT
20240818153203;2024-08-18 15:48:17;200;42322;https://borgerforslag.dk/se-og-stoet-forslag/?Id=FT-11378;c:\Users\olive\OneDrive - Københavns Universitet\KUonedriveOW\9. Semester\Intro to Social Data Science\EXAM PROJECT
20240818153203;2024-08-18 15:48:19;200;36672;https://borgerforslag.dk/se-og-stoet-forslag/?Id=FT-11331;c:\Users\olive\OneDrive - Københavns Universitet\KUonedriveOW\9. Semester\Intro to Social Data Science\EXAM PROJECT
20240818153203;2024-08-18 15:48:21;200;43245;https://borgerforslag.dk/se-og-stoet-forslag/?Id=FT-11332;c:\Users\olive\OneDrive - Københavns Universitet\KUonedriveOW\9. Semester\Intro to Social Data Science\EXAM PROJECT
20240818153203;2024-08-18 15:48:23;200;39423;https://borgerforslag.dk/se-og-stoet-forslag/?Id=FT-11433;c:\Users\olive\OneDrive - Københavns Universitet\KUonedriveOW\9. Semester\Intro to Social Data Science\EXAM PROJECT
20240818153203;2024-08-18 15:48:24;200;40907;https://borgerforslag.dk/se-og-stoet-forslag/?Id=FT-11387;c:\Users\olive\OneDrive - Københavns Universitet\KUonedriveOW\9. Semester\Intro to Social Data Science\EXAM PROJECT
20240818153203;2024-08-18 15:48:25;200;36526;https://borgerforslag.dk/se-og-stoet-forslag/?Id=FT-11424;c:\Users\olive\OneDrive - Københavns Universitet\KUonedriveOW\9. Semester\Intro to Social Data Science\EXAM PROJECT
20240818153203;2024-08-18 15:48:27;200;42592;https://borgerforslag.dk/se-og-stoet-forslag/?Id=FT-11255;c:\Users\olive\OneDrive - Københavns Universitet\KUonedriveOW\9. Semester\Intro to Social Data Science\EXAM PROJECT
20240818153203;2024-08-18 15:48:29;200;36520;https://borgerforslag.dk/se-og-stoet-forslag/?Id=FT-11290;c:\Users\olive\OneDrive - Københavns Universitet\KUonedriveOW\9. Semester\Intro to Social Data Science\EXAM PROJECT
20240818153203;2024-08-18 15:48:31;200;37729;https://borgerforslag.dk/se-og-stoet-forslag/?Id=FT-11316;c:\Users\olive\OneDrive - Københavns Universitet\KUonedriveOW\9. Semester\Intro to Social Data Science\EXAM PROJECT
20240818153203;2024-08-18 15:48:33;200;41620;https://borgerforslag.dk/se-og-stoet-forslag/?Id=FT-11310;c:\Users\olive\OneDrive - Københavns Universitet\KUonedriveOW\9. Semester\Intro to Social Data Science\EXAM PROJECT
20240818153203;2024-08-18 15:48:35;200;37295;https://borgerforslag.dk/se-og-stoet-forslag/?Id=FT-11327;c:\Users\olive\OneDrive - Københavns Universitet\KUonedriveOW\9. Semester\Intro to Social Data Science\EXAM PROJECT
20240818153203;2024-08-18 15:48:36;200;35713;https://borgerforslag.dk/se-og-stoet-forslag/?Id=FT-11280;c:\Users\olive\OneDrive - Københavns Universitet\KUonedriveOW\9. Semester\Intro to Social Data Science\EXAM PROJECT
20240818153203;2024-08-18 15:48:38;200;43201;https://borgerforslag.dk/se-og-stoet-forslag/?Id=FT-11207;c:\Users\olive\OneDrive - Københavns Universitet\KUonedriveOW\9. Semester\Intro to Social Data Science\EXAM PROJECT
20240818153203;2024-08-18 15:48:40;200;38654;https://borgerforslag.dk/se-og-stoet-forslag/?Id=FT-11201;c:\Users\olive\OneDrive - Københavns Universitet\KUonedriveOW\9. Semester\Intro to Social Data Science\EXAM PROJECT
20240818153203;2024-08-18 15:48:41;200;37778;https://borgerforslag.dk/se-og-stoet-forslag/?Id=FT-11134;c:\Users\olive\OneDrive - Københavns Universitet\KUonedriveOW\9. Semester\Intro to Social Data Science\EXAM PROJECT
20240818153203;2024-08-18 15:48:42;200;35800;https://borgerforslag.dk/se-og-stoet-forslag/?Id=FT-11256;c:\Users\olive\OneDrive - Københavns Universitet\KUonedriveOW\9. Semester\Intro to Social Data Science\EXAM PROJECT
20240818153203;2024-08-18 15:48:45;200;36483;https://borgerforslag.dk/se-og-stoet-forslag/?Id=FT-11184;c:\Users\olive\OneDrive - Københavns Universitet\KUonedriveOW\9. Semester\Intro to Social Data Science\EXAM PROJECT
20240818153203;2024-08-18 15:48:46;200;50058;https://borgerforslag.dk/se-og-stoet-forslag/?Id=FT-11149;c:\Users\olive\OneDrive - Københavns Universitet\KUonedriveOW\9. Semester\Intro to Social Data Science\EXAM PROJECT
20240818153203;2024-08-18 15:48:48;200;50482;https://borgerforslag.dk/se-og-stoet-forslag/?Id=FT-11147;c:\Users\olive\OneDrive - Københavns Universitet\KUonedriveOW\9. Semester\Intro to Social Data Science\EXAM PROJECT
20240818153203;2024-08-18 15:48:50;200;50077;https://borgerforslag.dk/se-og-stoet-forslag/?Id=FT-11150;c:\Users\olive\OneDrive - Københavns Universitet\KUonedriveOW\9. Semester\Intro to Social Data Science\EXAM PROJECT
20240818153203;2024-08-18 15:48:52;200;36294;https://borgerforslag.dk/se-og-stoet-forslag/?Id=FT-11168;c:\Users\olive\OneDrive - Københavns Universitet\KUonedriveOW\9. Semester\Intro to Social Data Science\EXAM PROJECT
20240818153203;2024-08-18 15:48:54;200;39063;https://borgerforslag.dk/se-og-stoet-forslag/?Id=FT-11135;c:\Users\olive\OneDrive - Københavns Universitet\KUonedriveOW\9. Semester\Intro to Social Data Science\EXAM PROJECT
20240818153203;2024-08-18 15:48:55;200;35843;https://borgerforslag.dk/se-og-stoet-forslag/?Id=FT-11210;c:\Users\olive\OneDrive - Københavns Universitet\KUonedriveOW\9. Semester\Intro to Social Data Science\EXAM PROJECT
20240818153203;2024-08-18 15:48:57;200;36072;https://borgerforslag.dk/se-og-stoet-forslag/?Id=FT-11104;c:\Users\olive\OneDrive - Københavns Universitet\KUonedriveOW\9. Semester\Intro to Social Data Science\EXAM PROJECT
20240818153203;2024-08-18 15:48:59;200;37134;https://borgerforslag.dk/se-og-stoet-forslag/?Id=FT-11115;c:\Users\olive\OneDrive - Københavns Universitet\KUonedriveOW\9. Semester\Intro to Social Data Science\EXAM PROJECT
20240818153203;2024-08-18 15:49:00;200;37137;https://borgerforslag.dk/se-og-stoet-forslag/?Id=FT-11231;c:\Users\olive\OneDrive - Københavns Universitet\KUonedriveOW\9. Semester\Intro to Social Data Science\EXAM PROJECT
20240818153203;2024-08-18 15:49:02;200;37063;https://borgerforslag.dk/se-og-stoet-forslag/?Id=FT-11176;c:\Users\olive\OneDrive - Københavns Universitet\KUonedriveOW\9. Semester\Intro to Social Data Science\EXAM PROJECT
20240818153203;2024-08-18 15:49:04;200;38544;https://borgerforslag.dk/se-og-stoet-forslag/?Id=FT-11090;c:\Users\olive\OneDrive - Københavns Universitet\KUonedriveOW\9. Semester\Intro to Social Data Science\EXAM PROJECT
20240818153203;2024-08-18 15:49:06;200;39060;https://borgerforslag.dk/se-og-stoet-forslag/?Id=FT-11016;c:\Users\olive\OneDrive - Københavns Universitet\KUonedriveOW\9. Semester\Intro to Social Data Science\EXAM PROJECT
20240818153203;2024-08-18 15:49:08;200;36721;https://borgerforslag.dk/se-og-stoet-forslag/?Id=FT-11059;c:\Users\olive\OneDrive - Københavns Universitet\KUonedriveOW\9. Semester\Intro to Social Data Science\EXAM PROJECT
20240818153203;2024-08-18 15:49:10;200;38598;https://borgerforslag.dk/se-og-stoet-forslag/?Id=FT-11137;c:\Users\olive\OneDrive - Københavns Universitet\KUonedriveOW\9. Semester\Intro to Social Data Science\EXAM PROJECT
20240818153203;2024-08-18 15:49:12;200;35936;https://borgerforslag.dk/se-og-stoet-forslag/?Id=FT-11139;c:\Users\olive\OneDrive - Københavns Universitet\KUonedriveOW\9. Semester\Intro to Social Data Science\EXAM PROJECT
20240818153203;2024-08-18 15:49:14;200;37588;https://borgerforslag.dk/se-og-stoet-forslag/?Id=FT-11112;c:\Users\olive\OneDrive - Københavns Universitet\KUonedriveOW\9. Semester\Intro to Social Data Science\EXAM PROJECT
20240818153203;2024-08-18 15:49:15;200;35221;https://borgerforslag.dk/se-og-stoet-forslag/?Id=FT-11096;c:\Users\olive\OneDrive - Københavns Universitet\KUonedriveOW\9. Semester\Intro to Social Data Science\EXAM PROJECT
20240818153203;2024-08-18 15:49:17;200;36276;https://borgerforslag.dk/se-og-stoet-forslag/?Id=FT-10972;c:\Users\olive\OneDrive - Københavns Universitet\KUonedriveOW\9. Semester\Intro to Social Data Science\EXAM PROJECT
20240818153203;2024-08-18 15:49:18;200;37247;https://borgerforslag.dk/se-og-stoet-forslag/?Id=FT-11157;c:\Users\olive\OneDrive - Københavns Universitet\KUonedriveOW\9. Semester\Intro to Social Data Science\EXAM PROJECT
20240818153203;2024-08-18 15:49:21;200;35512;https://borgerforslag.dk/se-og-stoet-forslag/?Id=FT-11123;c:\Users\olive\OneDrive - Københavns Universitet\KUonedriveOW\9. Semester\Intro to Social Data Science\EXAM PROJECT
20240818153203;2024-08-18 15:49:22;200;36173;https://borgerforslag.dk/se-og-stoet-forslag/?Id=FT-10973;c:\Users\olive\OneDrive - Københavns Universitet\KUonedriveOW\9. Semester\Intro to Social Data Science\EXAM PROJECT
20240818153203;2024-08-18 15:49:24;200;41449;https://borgerforslag.dk/se-og-stoet-forslag/?Id=FT-11078;c:\Users\olive\OneDrive - Københavns Universitet\KUonedriveOW\9. Semester\Intro to Social Data Science\EXAM PROJECT
20240818153203;2024-08-18 15:49:25;200;37121;https://borgerforslag.dk/se-og-stoet-forslag/?Id=FT-10802;c:\Users\olive\OneDrive - Københavns Universitet\KUonedriveOW\9. Semester\Intro to Social Data Science\EXAM PROJECT
20240818153203;2024-08-18 15:49:28;200;36112;https://borgerforslag.dk/se-og-stoet-forslag/?Id=FT-10934;c:\Users\olive\OneDrive - Københavns Universitet\KUonedriveOW\9. Semester\Intro to Social Data Science\EXAM PROJECT
20240818153203;2024-08-18 15:49:30;200;36289;https://borgerforslag.dk/se-og-stoet-forslag/?Id=FT-10913;c:\Users\olive\OneDrive - Københavns Universitet\KUonedriveOW\9. Semester\Intro to Social Data Science\EXAM PROJECT
20240818153203;2024-08-18 15:49:32;200;37142;https://borgerforslag.dk/se-og-stoet-forslag/?Id=FT-11110;c:\Users\olive\OneDrive - Københavns Universitet\KUonedriveOW\9. Semester\Intro to Social Data Science\EXAM PROJECT
20240818153203;2024-08-18 15:49:33;200;38231;https://borgerforslag.dk/se-og-stoet-forslag/?Id=FT-10994;c:\Users\olive\OneDrive - Københavns Universitet\KUonedriveOW\9. Semester\Intro to Social Data Science\EXAM PROJECT
20240818153203;2024-08-18 15:49:35;200;34792;https://borgerforslag.dk/se-og-stoet-forslag/?Id=FT-11043;c:\Users\olive\OneDrive - Københavns Universitet\KUonedriveOW\9. Semester\Intro to Social Data Science\EXAM PROJECT
20240818153203;2024-08-18 15:49:37;200;37460;https://borgerforslag.dk/se-og-stoet-forslag/?Id=FT-11025;c:\Users\olive\OneDrive - Københavns Universitet\KUonedriveOW\9. Semester\Intro to Social Data Science\EXAM PROJECT
20240818153203;2024-08-18 15:49:38;200;36466;https://borgerforslag.dk/se-og-stoet-forslag/?Id=FT-10893;c:\Users\olive\OneDrive - Københavns Universitet\KUonedriveOW\9. Semester\Intro to Social Data Science\EXAM PROJECT
20240818153203;2024-08-18 15:49:41;200;35771;https://borgerforslag.dk/se-og-stoet-forslag/?Id=FT-10959;c:\Users\olive\OneDrive - Københavns Universitet\KUonedriveOW\9. Semester\Intro to Social Data Science\EXAM PROJECT
20240818153203;2024-08-18 15:49:43;200;35656;https://borgerforslag.dk/se-og-stoet-forslag/?Id=FT-10935;c:\Users\olive\OneDrive - Københavns Universitet\KUonedriveOW\9. Semester\Intro to Social Data Science\EXAM PROJECT
20240818153203;2024-08-18 15:49:45;200;35287;https://borgerforslag.dk/se-og-stoet-forslag/?Id=FT-10859;c:\Users\olive\OneDrive - Københavns Universitet\KUonedriveOW\9. Semester\Intro to Social Data Science\EXAM PROJECT
20240818153203;2024-08-18 15:49:47;200;35405;https://borgerforslag.dk/se-og-stoet-forslag/?Id=FT-10970;c:\Users\olive\OneDrive - Københavns Universitet\KUonedriveOW\9. Semester\Intro to Social Data Science\EXAM PROJECT
20240818153203;2024-08-18 15:49:49;200;35578;https://borgerforslag.dk/se-og-stoet-forslag/?Id=FT-10984;c:\Users\olive\OneDrive - Københavns Universitet\KUonedriveOW\9. Semester\Intro to Social Data Science\EXAM PROJECT
20240818153203;2024-08-18 15:49:51;200;36285;https://borgerforslag.dk/se-og-stoet-forslag/?Id=FT-10872;c:\Users\olive\OneDrive - Københavns Universitet\KUonedriveOW\9. Semester\Intro to Social Data Science\EXAM PROJECT
20240818153203;2024-08-18 15:49:53;200;35587;https://borgerforslag.dk/se-og-stoet-forslag/?Id=FT-10672;c:\Users\olive\OneDrive - Københavns Universitet\KUonedriveOW\9. Semester\Intro to Social Data Science\EXAM PROJECT
20240818153203;2024-08-18 15:49:54;200;35710;https://borgerforslag.dk/se-og-stoet-forslag/?Id=FT-10931;c:\Users\olive\OneDrive - Københavns Universitet\KUonedriveOW\9. Semester\Intro to Social Data Science\EXAM PROJECT
20240818153203;2024-08-18 15:49:56;200;37245;https://borgerforslag.dk/se-og-stoet-forslag/?Id=FT-10807;c:\Users\olive\OneDrive - Københavns Universitet\KUonedriveOW\9. Semester\Intro to Social Data Science\EXAM PROJECT
20240818153203;2024-08-18 15:49:58;200;36702;https://borgerforslag.dk/se-og-stoet-forslag/?Id=FT-10962;c:\Users\olive\OneDrive - Københavns Universitet\KUonedriveOW\9. Semester\Intro to Social Data Science\EXAM PROJECT
20240818153203;2024-08-18 15:50:00;200;36046;https://borgerforslag.dk/se-og-stoet-forslag/?Id=FT-10801;c:\Users\olive\OneDrive - Københavns Universitet\KUonedriveOW\9. Semester\Intro to Social Data Science\EXAM PROJECT
20240818153203;2024-08-18 15:50:03;200;46740;https://borgerforslag.dk/se-og-stoet-forslag/?Id=FT-10609;c:\Users\olive\OneDrive - Københavns Universitet\KUonedriveOW\9. Semester\Intro to Social Data Science\EXAM PROJECT
20240818153203;2024-08-18 15:50:05;200;37800;https://borgerforslag.dk/se-og-stoet-forslag/?Id=FT-10888;c:\Users\olive\OneDrive - Københavns Universitet\KUonedriveOW\9. Semester\Intro to Social Data Science\EXAM PROJECT
20240818153203;2024-08-18 15:50:06;200;37593;https://borgerforslag.dk/se-og-stoet-forslag/?Id=FT-10936;c:\Users\olive\OneDrive - Københavns Universitet\KUonedriveOW\9. Semester\Intro to Social Data Science\EXAM PROJECT
20240818153203;2024-08-18 15:50:08;200;36264;https://borgerforslag.dk/se-og-stoet-forslag/?Id=FT-10839;c:\Users\olive\OneDrive - Københavns Universitet\KUonedriveOW\9. Semester\Intro to Social Data Science\EXAM PROJECT
20240818153203;2024-08-18 15:50:09;200;38393;https://borgerforslag.dk/se-og-stoet-forslag/?Id=FT-10909;c:\Users\olive\OneDrive - Københavns Universitet\KUonedriveOW\9. Semester\Intro to Social Data Science\EXAM PROJECT
20240818153203;2024-08-18 15:50:11;200;37666;https://borgerforslag.dk/se-og-stoet-forslag/?Id=FT-10554;c:\Users\olive\OneDrive - Københavns Universitet\KUonedriveOW\9. Semester\Intro to Social Data Science\EXAM PROJECT
20240818153203;2024-08-18 15:50:13;200;37484;https://borgerforslag.dk/se-og-stoet-forslag/?Id=FT-10622;c:\Users\olive\OneDrive - Københavns Universitet\KUonedriveOW\9. Semester\Intro to Social Data Science\EXAM PROJECT
20240818153203;2024-08-18 15:50:14;200;37619;https://borgerforslag.dk/se-og-stoet-forslag/?Id=FT-10885;c:\Users\olive\OneDrive - Københavns Universitet\KUonedriveOW\9. Semester\Intro to Social Data Science\EXAM PROJECT
20240818153203;2024-08-18 15:50:17;200;35241;https://borgerforslag.dk/se-og-stoet-forslag/?Id=FT-10900;c:\Users\olive\OneDrive - Københavns Universitet\KUonedriveOW\9. Semester\Intro to Social Data Science\EXAM PROJECT
20240818153203;2024-08-18 15:50:18;200;34898;https://borgerforslag.dk/se-og-stoet-forslag/?Id=FT-10899;c:\Users\olive\OneDrive - Københavns Universitet\KUonedriveOW\9. Semester\Intro to Social Data Science\EXAM PROJECT
20240818153203;2024-08-18 15:50:19;200;38504;https://borgerforslag.dk/se-og-stoet-forslag/?Id=FT-10887;c:\Users\olive\OneDrive - Københavns Universitet\KUonedriveOW\9. Semester\Intro to Social Data Science\EXAM PROJECT
20240818153203;2024-08-18 15:50:21;200;37602;https://borgerforslag.dk/se-og-stoet-forslag/?Id=FT-10845;c:\Users\olive\OneDrive - Københavns Universitet\KUonedriveOW\9. Semester\Intro to Social Data Science\EXAM PROJECT
20240818153203;2024-08-18 15:50:23;200;41653;https://borgerforslag.dk/se-og-stoet-forslag/?Id=FT-10218;c:\Users\olive\OneDrive - Københavns Universitet\KUonedriveOW\9. Semester\Intro to Social Data Science\EXAM PROJECT
20240818153203;2024-08-18 15:50:25;200;34820;https://borgerforslag.dk/se-og-stoet-forslag/?Id=FT-10828;c:\Users\olive\OneDrive - Københavns Universitet\KUonedriveOW\9. Semester\Intro to Social Data Science\EXAM PROJECT
20240818153203;2024-08-18 15:50:27;200;35451;https://borgerforslag.dk/se-og-stoet-forslag/?Id=FT-10869;c:\Users\olive\OneDrive - Københavns Universitet\KUonedriveOW\9. Semester\Intro to Social Data Science\EXAM PROJECT
20240818153203;2024-08-18 15:50:29;200;41856;https://borgerforslag.dk/se-og-stoet-forslag/?Id=FT-10856;c:\Users\olive\OneDrive - Københavns Universitet\KUonedriveOW\9. Semester\Intro to Social Data Science\EXAM PROJECT
20240818153203;2024-08-18 15:50:31;200;36081;https://borgerforslag.dk/se-og-stoet-forslag/?Id=FT-10846;c:\Users\olive\OneDrive - Københavns Universitet\KUonedriveOW\9. Semester\Intro to Social Data Science\EXAM PROJECT
20240818153203;2024-08-18 15:50:33;200;46490;https://borgerforslag.dk/se-og-stoet-forslag/?Id=FT-10805;c:\Users\olive\OneDrive - Københavns Universitet\KUonedriveOW\9. Semester\Intro to Social Data Science\EXAM PROJECT
20240818153203;2024-08-18 15:50:34;200;37344;https://borgerforslag.dk/se-og-stoet-forslag/?Id=FT-10795;c:\Users\olive\OneDrive - Københavns Universitet\KUonedriveOW\9. Semester\Intro to Social Data Science\EXAM PROJECT
20240818153203;2024-08-18 15:50:36;200;35568;https://borgerforslag.dk/se-og-stoet-forslag/?Id=FT-10496;c:\Users\olive\OneDrive - Københavns Universitet\KUonedriveOW\9. Semester\Intro to Social Data Science\EXAM PROJECT
20240818153203;2024-08-18 15:50:37;200;36883;https://borgerforslag.dk/se-og-stoet-forslag/?Id=FT-10505;c:\Users\olive\OneDrive - Københavns Universitet\KUonedriveOW\9. Semester\Intro to Social Data Science\EXAM PROJECT
20240818153203;2024-08-18 15:50:40;200;35791;https://borgerforslag.dk/se-og-stoet-forslag/?Id=FT-10649;c:\Users\olive\OneDrive - Københavns Universitet\KUonedriveOW\9. Semester\Intro to Social Data Science\EXAM PROJECT
20240818153203;2024-08-18 15:50:42;200;37557;https://borgerforslag.dk/se-og-stoet-forslag/?Id=FT-10490;c:\Users\olive\OneDrive - Københavns Universitet\KUonedriveOW\9. Semester\Intro to Social Data Science\EXAM PROJECT
20240818153203;2024-08-18 15:50:44;200;35512;https://borgerforslag.dk/se-og-stoet-forslag/?Id=FT-10469;c:\Users\olive\OneDrive - Københavns Universitet\KUonedriveOW\9. Semester\Intro to Social Data Science\EXAM PROJECT
20240818153203;2024-08-18 15:50:46;200;39803;https://borgerforslag.dk/se-og-stoet-forslag/?Id=FT-10472;c:\Users\olive\OneDrive - Københavns Universitet\KUonedriveOW\9. Semester\Intro to Social Data Science\EXAM PROJECT
20240818153203;2024-08-18 15:50:48;200;36944;https://borgerforslag.dk/se-og-stoet-forslag/?Id=FT-10608;c:\Users\olive\OneDrive - Københavns Universitet\KUonedriveOW\9. Semester\Intro to Social Data Science\EXAM PROJECT
20240818153203;2024-08-18 15:50:49;200;35606;https://borgerforslag.dk/se-og-stoet-forslag/?Id=FT-10717;c:\Users\olive\OneDrive - Københavns Universitet\KUonedriveOW\9. Semester\Intro to Social Data Science\EXAM PROJECT
20240818153203;2024-08-18 15:50:50;200;36308;https://borgerforslag.dk/se-og-stoet-forslag/?Id=FT-10495;c:\Users\olive\OneDrive - Københavns Universitet\KUonedriveOW\9. Semester\Intro to Social Data Science\EXAM PROJECT
20240818153203;2024-08-18 15:50:52;200;35242;https://borgerforslag.dk/se-og-stoet-forslag/?Id=FT-10626;c:\Users\olive\OneDrive - Københavns Universitet\KUonedriveOW\9. Semester\Intro to Social Data Science\EXAM PROJECT
20240818153203;2024-08-18 15:50:53;200;36920;https://borgerforslag.dk/se-og-stoet-forslag/?Id=FT-10562;c:\Users\olive\OneDrive - Københavns Universitet\KUonedriveOW\9. Semester\Intro to Social Data Science\EXAM PROJECT
20240818153203;2024-08-18 15:50:55;200;35559;https://borgerforslag.dk/se-og-stoet-forslag/?Id=FT-10616;c:\Users\olive\OneDrive - Københavns Universitet\KUonedriveOW\9. Semester\Intro to Social Data Science\EXAM PROJECT
20240818153203;2024-08-18 15:50:56;200;35835;https://borgerforslag.dk/se-og-stoet-forslag/?Id=FT-10540;c:\Users\olive\OneDrive - Københavns Universitet\KUonedriveOW\9. Semester\Intro to Social Data Science\EXAM PROJECT
20240818153203;2024-08-18 15:50:58;200;38802;https://borgerforslag.dk/se-og-stoet-forslag/?Id=FT-10400;c:\Users\olive\OneDrive - Københavns Universitet\KUonedriveOW\9. Semester\Intro to Social Data Science\EXAM PROJECT
20240818153203;2024-08-18 15:50:59;200;37156;https://borgerforslag.dk/se-og-stoet-forslag/?Id=FT-10303;c:\Users\olive\OneDrive - Københavns Universitet\KUonedriveOW\9. Semester\Intro to Social Data Science\EXAM PROJECT
20240818153203;2024-08-18 15:51:00;200;35938;https://borgerforslag.dk/se-og-stoet-forslag/?Id=FT-10358;c:\Users\olive\OneDrive - Københavns Universitet\KUonedriveOW\9. Semester\Intro to Social Data Science\EXAM PROJECT
20240818153203;2024-08-18 15:51:02;200;36214;https://borgerforslag.dk/se-og-stoet-forslag/?Id=FT-10348;c:\Users\olive\OneDrive - Københavns Universitet\KUonedriveOW\9. Semester\Intro to Social Data Science\EXAM PROJECT
20240818153203;2024-08-18 15:51:04;200;36100;https://borgerforslag.dk/se-og-stoet-forslag/?Id=FT-10432;c:\Users\olive\OneDrive - Københavns Universitet\KUonedriveOW\9. Semester\Intro to Social Data Science\EXAM PROJECT
20240818153203;2024-08-18 15:51:06;200;38544;https://borgerforslag.dk/se-og-stoet-forslag/?Id=FT-10250;c:\Users\olive\OneDrive - Københavns Universitet\KUonedriveOW\9. Semester\Intro to Social Data Science\EXAM PROJECT
20240818153203;2024-08-18 15:51:08;200;38616;https://borgerforslag.dk/se-og-stoet-forslag/?Id=FT-10315;c:\Users\olive\OneDrive - Københavns Universitet\KUonedriveOW\9. Semester\Intro to Social Data Science\EXAM PROJECT
20240818153203;2024-08-18 15:51:09;200;42312;https://borgerforslag.dk/se-og-stoet-forslag/?Id=FT-10537;c:\Users\olive\OneDrive - Københavns Universitet\KUonedriveOW\9. Semester\Intro to Social Data Science\EXAM PROJECT
20240818153203;2024-08-18 15:51:11;200;35803;https://borgerforslag.dk/se-og-stoet-forslag/?Id=FT-10498;c:\Users\olive\OneDrive - Københavns Universitet\KUonedriveOW\9. Semester\Intro to Social Data Science\EXAM PROJECT
20240818153203;2024-08-18 15:51:13;200;41437;https://borgerforslag.dk/se-og-stoet-forslag/?Id=FT-10310;c:\Users\olive\OneDrive - Københavns Universitet\KUonedriveOW\9. Semester\Intro to Social Data Science\EXAM PROJECT
20240818153203;2024-08-18 15:51:15;200;38257;https://borgerforslag.dk/se-og-stoet-forslag/?Id=FT-10262;c:\Users\olive\OneDrive - Københavns Universitet\KUonedriveOW\9. Semester\Intro to Social Data Science\EXAM PROJECT
20240818153203;2024-08-18 15:51:16;200;35592;https://borgerforslag.dk/se-og-stoet-forslag/?Id=FT-10517;c:\Users\olive\OneDrive - Københavns Universitet\KUonedriveOW\9. Semester\Intro to Social Data Science\EXAM PROJECT
20240818153203;2024-08-18 15:51:18;200;37434;https://borgerforslag.dk/se-og-stoet-forslag/?Id=FT-10522;c:\Users\olive\OneDrive - Københavns Universitet\KUonedriveOW\9. Semester\Intro to Social Data Science\EXAM PROJECT
20240818153203;2024-08-18 15:51:20;200;36378;https://borgerforslag.dk/se-og-stoet-forslag/?Id=FT-10512;c:\Users\olive\OneDrive - Københavns Universitet\KUonedriveOW\9. Semester\Intro to Social Data Science\EXAM PROJECT
20240818153203;2024-08-18 15:51:22;200;36159;https://borgerforslag.dk/se-og-stoet-forslag/?Id=FT-10372;c:\Users\olive\OneDrive - Københavns Universitet\KUonedriveOW\9. Semester\Intro to Social Data Science\EXAM PROJECT
20240818153203;2024-08-18 15:51:23;200;42504;https://borgerforslag.dk/se-og-stoet-forslag/?Id=FT-10406;c:\Users\olive\OneDrive - Københavns Universitet\KUonedriveOW\9. Semester\Intro to Social Data Science\EXAM PROJECT
20240818153203;2024-08-18 15:51:24;200;35489;https://borgerforslag.dk/se-og-stoet-forslag/?Id=FT-10511;c:\Users\olive\OneDrive - Københavns Universitet\KUonedriveOW\9. Semester\Intro to Social Data Science\EXAM PROJECT
20240818153203;2024-08-18 15:51:26;200;39450;https://borgerforslag.dk/se-og-stoet-forslag/?Id=FT-10403;c:\Users\olive\OneDrive - Københavns Universitet\KUonedriveOW\9. Semester\Intro to Social Data Science\EXAM PROJECT
20240818153203;2024-08-18 15:51:28;200;37983;https://borgerforslag.dk/se-og-stoet-forslag/?Id=FT-10266;c:\Users\olive\OneDrive - Københavns Universitet\KUonedriveOW\9. Semester\Intro to Social Data Science\EXAM PROJECT
20240818153203;2024-08-18 15:51:30;200;41934;https://borgerforslag.dk/se-og-stoet-forslag/?Id=FT-10263;c:\Users\olive\OneDrive - Københavns Universitet\KUonedriveOW\9. Semester\Intro to Social Data Science\EXAM PROJECT
20240818153203;2024-08-18 15:51:32;200;35263;https://borgerforslag.dk/se-og-stoet-forslag/?Id=FT-10492;c:\Users\olive\OneDrive - Københavns Universitet\KUonedriveOW\9. Semester\Intro to Social Data Science\EXAM PROJECT
20240818153203;2024-08-18 15:51:33;200;40643;https://borgerforslag.dk/se-og-stoet-forslag/?Id=FT-10170;c:\Users\olive\OneDrive - Københavns Universitet\KUonedriveOW\9. Semester\Intro to Social Data Science\EXAM PROJECT
20240818153203;2024-08-18 15:51:36;200;45250;https://borgerforslag.dk/se-og-stoet-forslag/?Id=FT-10412;c:\Users\olive\OneDrive - Københavns Universitet\KUonedriveOW\9. Semester\Intro to Social Data Science\EXAM PROJECT
20240818153203;2024-08-18 15:51:37;200;36919;https://borgerforslag.dk/se-og-stoet-forslag/?Id=FT-10455;c:\Users\olive\OneDrive - Københavns Universitet\KUonedriveOW\9. Semester\Intro to Social Data Science\EXAM PROJECT
20240818153203;2024-08-18 15:51:39;200;35453;https://borgerforslag.dk/se-og-stoet-forslag/?Id=FT-10457;c:\Users\olive\OneDrive - Københavns Universitet\KUonedriveOW\9. Semester\Intro to Social Data Science\EXAM PROJECT
20240818153203;2024-08-18 15:51:40;200;36427;https://borgerforslag.dk/se-og-stoet-forslag/?Id=FT-10438;c:\Users\olive\OneDrive - Københavns Universitet\KUonedriveOW\9. Semester\Intro to Social Data Science\EXAM PROJECT
20240818153203;2024-08-18 15:51:42;200;36393;https://borgerforslag.dk/se-og-stoet-forslag/?Id=FT-10423;c:\Users\olive\OneDrive - Københavns Universitet\KUonedriveOW\9. Semester\Intro to Social Data Science\EXAM PROJECT
20240818153203;2024-08-18 15:51:44;200;37651;https://borgerforslag.dk/se-og-stoet-forslag/?Id=FT-10206;c:\Users\olive\OneDrive - Københavns Universitet\KUonedriveOW\9. Semester\Intro to Social Data Science\EXAM PROJECT
20240818153203;2024-08-18 15:51:46;200;43374;https://borgerforslag.dk/se-og-stoet-forslag/?Id=FT-10230;c:\Users\olive\OneDrive - Københavns Universitet\KUonedriveOW\9. Semester\Intro to Social Data Science\EXAM PROJECT
20240818153203;2024-08-18 15:51:48;200;37453;https://borgerforslag.dk/se-og-stoet-forslag/?Id=FT-10223;c:\Users\olive\OneDrive - Københavns Universitet\KUonedriveOW\9. Semester\Intro to Social Data Science\EXAM PROJECT
20240818153203;2024-08-18 15:51:50;200;36523;https://borgerforslag.dk/se-og-stoet-forslag/?Id=FT-10414;c:\Users\olive\OneDrive - Københavns Universitet\KUonedriveOW\9. Semester\Intro to Social Data Science\EXAM PROJECT
20240818153203;2024-08-18 15:51:52;200;35554;https://borgerforslag.dk/se-og-stoet-forslag/?Id=FT-10399;c:\Users\olive\OneDrive - Københavns Universitet\KUonedriveOW\9. Semester\Intro to Social Data Science\EXAM PROJECT
20240818153203;2024-08-18 15:51:53;200;38377;https://borgerforslag.dk/se-og-stoet-forslag/?Id=FT-09820;c:\Users\olive\OneDrive - Københavns Universitet\KUonedriveOW\9. Semester\Intro to Social Data Science\EXAM PROJECT
20240818153203;2024-08-18 15:51:55;200;35977;https://borgerforslag.dk/se-og-stoet-forslag/?Id=FT-10378;c:\Users\olive\OneDrive - Københavns Universitet\KUonedriveOW\9. Semester\Intro to Social Data Science\EXAM PROJECT
20240818153203;2024-08-18 15:51:57;200;40590;https://borgerforslag.dk/se-og-stoet-forslag/?Id=FT-10362;c:\Users\olive\OneDrive - Københavns Universitet\KUonedriveOW\9. Semester\Intro to Social Data Science\EXAM PROJECT
20240818153203;2024-08-18 15:51:59;200;36488;https://borgerforslag.dk/se-og-stoet-forslag/?Id=FT-10146;c:\Users\olive\OneDrive - Københavns Universitet\KUonedriveOW\9. Semester\Intro to Social Data Science\EXAM PROJECT
20240818153203;2024-08-18 15:52:01;200;35873;https://borgerforslag.dk/se-og-stoet-forslag/?Id=FT-10339;c:\Users\olive\OneDrive - Københavns Universitet\KUonedriveOW\9. Semester\Intro to Social Data Science\EXAM PROJECT
20240818153203;2024-08-18 15:52:02;200;36313;https://borgerforslag.dk/se-og-stoet-forslag/?Id=FT-10326;c:\Users\olive\OneDrive - Københavns Universitet\KUonedriveOW\9. Semester\Intro to Social Data Science\EXAM PROJECT
20240818153203;2024-08-18 15:52:04;200;35896;https://borgerforslag.dk/se-og-stoet-forslag/?Id=FT-10321;c:\Users\olive\OneDrive - Københavns Universitet\KUonedriveOW\9. Semester\Intro to Social Data Science\EXAM PROJECT
20240818153203;2024-08-18 15:52:06;200;35094;https://borgerforslag.dk/se-og-stoet-forslag/?Id=FT-10304;c:\Users\olive\OneDrive - Københavns Universitet\KUonedriveOW\9. Semester\Intro to Social Data Science\EXAM PROJECT
20240818153203;2024-08-18 15:52:07;200;36198;https://borgerforslag.dk/se-og-stoet-forslag/?Id=FT-10288;c:\Users\olive\OneDrive - Københavns Universitet\KUonedriveOW\9. Semester\Intro to Social Data Science\EXAM PROJECT
20240818153203;2024-08-18 15:52:09;200;35893;https://borgerforslag.dk/se-og-stoet-forslag/?Id=FT-10171;c:\Users\olive\OneDrive - Københavns Universitet\KUonedriveOW\9. Semester\Intro to Social Data Science\EXAM PROJECT
20240818153203;2024-08-18 15:52:10;200;44607;https://borgerforslag.dk/se-og-stoet-forslag/?Id=FT-09977;c:\Users\olive\OneDrive - Københavns Universitet\KUonedriveOW\9. Semester\Intro to Social Data Science\EXAM PROJECT
20240818153203;2024-08-18 15:52:12;200;35230;https://borgerforslag.dk/se-og-stoet-forslag/?Id=FT-10271;c:\Users\olive\OneDrive - Københavns Universitet\KUonedriveOW\9. Semester\Intro to Social Data Science\EXAM PROJECT
20240818153203;2024-08-18 15:52:13;200;36476;https://borgerforslag.dk/se-og-stoet-forslag/?Id=FT-10060;c:\Users\olive\OneDrive - Københavns Universitet\KUonedriveOW\9. Semester\Intro to Social Data Science\EXAM PROJECT
20240818153203;2024-08-18 15:52:15;200;37918;https://borgerforslag.dk/se-og-stoet-forslag/?Id=FT-10056;c:\Users\olive\OneDrive - Københavns Universitet\KUonedriveOW\9. Semester\Intro to Social Data Science\EXAM PROJECT
20240818153203;2024-08-18 15:52:16;200;36265;https://borgerforslag.dk/se-og-stoet-forslag/?Id=FT-10028;c:\Users\olive\OneDrive - Københavns Universitet\KUonedriveOW\9. Semester\Intro to Social Data Science\EXAM PROJECT
20240818153203;2024-08-18 15:52:18;200;36428;https://borgerforslag.dk/se-og-stoet-forslag/?Id=FT-10039;c:\Users\olive\OneDrive - Københavns Universitet\KUonedriveOW\9. Semester\Intro to Social Data Science\EXAM PROJECT
20240818153203;2024-08-18 15:52:19;200;37604;https://borgerforslag.dk/se-og-stoet-forslag/?Id=FT-10050;c:\Users\olive\OneDrive - Københavns Universitet\KUonedriveOW\9. Semester\Intro to Social Data Science\EXAM PROJECT
20240818153203;2024-08-18 15:52:21;200;36275;https://borgerforslag.dk/se-og-stoet-forslag/?Id=FT-10260;c:\Users\olive\OneDrive - Københavns Universitet\KUonedriveOW\9. Semester\Intro to Social Data Science\EXAM PROJECT
20240818153203;2024-08-18 15:52:24;200;38865;https://borgerforslag.dk/se-og-stoet-forslag/?Id=FT-10254;c:\Users\olive\OneDrive - Københavns Universitet\KUonedriveOW\9. Semester\Intro to Social Data Science\EXAM PROJECT
20240818153203;2024-08-18 15:52:25;200;37322;https://borgerforslag.dk/se-og-stoet-forslag/?Id=FT-10233;c:\Users\olive\OneDrive - Københavns Universitet\KUonedriveOW\9. Semester\Intro to Social Data Science\EXAM PROJECT
20240818153203;2024-08-18 15:52:26;200;35969;https://borgerforslag.dk/se-og-stoet-forslag/?Id=FT-10172;c:\Users\olive\OneDrive - Københavns Universitet\KUonedriveOW\9. Semester\Intro to Social Data Science\EXAM PROJECT
20240818153203;2024-08-18 15:52:28;200;34954;https://borgerforslag.dk/se-og-stoet-forslag/?Id=FT-10243;c:\Users\olive\OneDrive - Københavns Universitet\KUonedriveOW\9. Semester\Intro to Social Data Science\EXAM PROJECT
20240818153203;2024-08-18 15:52:30;200;36055;https://borgerforslag.dk/se-og-stoet-forslag/?Id=FT-10075;c:\Users\olive\OneDrive - Københavns Universitet\KUonedriveOW\9. Semester\Intro to Social Data Science\EXAM PROJECT
20240818153203;2024-08-18 15:52:32;200;36003;https://borgerforslag.dk/se-og-stoet-forslag/?Id=FT-10217;c:\Users\olive\OneDrive - Københavns Universitet\KUonedriveOW\9. Semester\Intro to Social Data Science\EXAM PROJECT
20240818153203;2024-08-18 15:52:34;200;36640;https://borgerforslag.dk/se-og-stoet-forslag/?Id=FT-10235;c:\Users\olive\OneDrive - Københavns Universitet\KUonedriveOW\9. Semester\Intro to Social Data Science\EXAM PROJECT
20240818153203;2024-08-18 15:52:36;200;35904;https://borgerforslag.dk/se-og-stoet-forslag/?Id=FT-10145;c:\Users\olive\OneDrive - Københavns Universitet\KUonedriveOW\9. Semester\Intro to Social Data Science\EXAM PROJECT
20240818153203;2024-08-18 15:52:37;200;36010;https://borgerforslag.dk/se-og-stoet-forslag/?Id=FT-10091;c:\Users\olive\OneDrive - Københavns Universitet\KUonedriveOW\9. Semester\Intro to Social Data Science\EXAM PROJECT
20240818153203;2024-08-18 15:52:39;200;39040;https://borgerforslag.dk/se-og-stoet-forslag/?Id=FT-09986;c:\Users\olive\OneDrive - Københavns Universitet\KUonedriveOW\9. Semester\Intro to Social Data Science\EXAM PROJECT
20240818153203;2024-08-18 15:52:41;200;35333;https://borgerforslag.dk/se-og-stoet-forslag/?Id=FT-10027;c:\Users\olive\OneDrive - Københavns Universitet\KUonedriveOW\9. Semester\Intro to Social Data Science\EXAM PROJECT
20240818153203;2024-08-18 15:52:43;200;39587;https://borgerforslag.dk/se-og-stoet-forslag/?Id=FT-10055;c:\Users\olive\OneDrive - Københavns Universitet\KUonedriveOW\9. Semester\Intro to Social Data Science\EXAM PROJECT
20240818153203;2024-08-18 15:52:45;200;38700;https://borgerforslag.dk/se-og-stoet-forslag/?Id=FT-09949;c:\Users\olive\OneDrive - Københavns Universitet\KUonedriveOW\9. Semester\Intro to Social Data Science\EXAM PROJECT
20240818153203;2024-08-18 15:52:46;200;37918;https://borgerforslag.dk/se-og-stoet-forslag/?Id=FT-09895;c:\Users\olive\OneDrive - Københavns Universitet\KUonedriveOW\9. Semester\Intro to Social Data Science\EXAM PROJECT
20240818153203;2024-08-18 15:52:48;200;38990;https://borgerforslag.dk/se-og-stoet-forslag/?Id=FT-09848;c:\Users\olive\OneDrive - Københavns Universitet\KUonedriveOW\9. Semester\Intro to Social Data Science\EXAM PROJECT
20240818153203;2024-08-18 15:52:50;200;35556;https://borgerforslag.dk/se-og-stoet-forslag/?Id=FT-10042;c:\Users\olive\OneDrive - Københavns Universitet\KUonedriveOW\9. Semester\Intro to Social Data Science\EXAM PROJECT
20240818153203;2024-08-18 15:52:52;200;38108;https://borgerforslag.dk/se-og-stoet-forslag/?Id=FT-10015;c:\Users\olive\OneDrive - Københavns Universitet\KUonedriveOW\9. Semester\Intro to Social Data Science\EXAM PROJECT
20240818153203;2024-08-18 15:52:53;200;38004;https://borgerforslag.dk/se-og-stoet-forslag/?Id=FT-10035;c:\Users\olive\OneDrive - Københavns Universitet\KUonedriveOW\9. Semester\Intro to Social Data Science\EXAM PROJECT
20240818153203;2024-08-18 15:52:55;200;35782;https://borgerforslag.dk/se-og-stoet-forslag/?Id=FT-09983;c:\Users\olive\OneDrive - Københavns Universitet\KUonedriveOW\9. Semester\Intro to Social Data Science\EXAM PROJECT
20240818153203;2024-08-18 15:52:56;200;35843;https://borgerforslag.dk/se-og-stoet-forslag/?Id=FT-09973;c:\Users\olive\OneDrive - Københavns Universitet\KUonedriveOW\9. Semester\Intro to Social Data Science\EXAM PROJECT
20240818153203;2024-08-18 15:52:58;200;47436;https://borgerforslag.dk/se-og-stoet-forslag/?Id=FT-09902;c:\Users\olive\OneDrive - Københavns Universitet\KUonedriveOW\9. Semester\Intro to Social Data Science\EXAM PROJECT
20240818153203;2024-08-18 15:53:00;200;36178;https://borgerforslag.dk/se-og-stoet-forslag/?Id=FT-09976;c:\Users\olive\OneDrive - Københavns Universitet\KUonedriveOW\9. Semester\Intro to Social Data Science\EXAM PROJECT
20240818153203;2024-08-18 15:53:02;200;41771;https://borgerforslag.dk/se-og-stoet-forslag/?Id=FT-09897;c:\Users\olive\OneDrive - Københavns Universitet\KUonedriveOW\9. Semester\Intro to Social Data Science\EXAM PROJECT
20240818153203;2024-08-18 15:53:04;200;36906;https://borgerforslag.dk/se-og-stoet-forslag/?Id=FT-10005;c:\Users\olive\OneDrive - Københavns Universitet\KUonedriveOW\9. Semester\Intro to Social Data Science\EXAM PROJECT
20240818153203;2024-08-18 15:53:06;200;36342;https://borgerforslag.dk/se-og-stoet-forslag/?Id=FT-09981;c:\Users\olive\OneDrive - Københavns Universitet\KUonedriveOW\9. Semester\Intro to Social Data Science\EXAM PROJECT
20240818153203;2024-08-18 15:53:07;200;37778;https://borgerforslag.dk/se-og-stoet-forslag/?Id=FT-09919;c:\Users\olive\OneDrive - Københavns Universitet\KUonedriveOW\9. Semester\Intro to Social Data Science\EXAM PROJECT
20240818153203;2024-08-18 15:53:08;200;37996;https://borgerforslag.dk/se-og-stoet-forslag/?Id=FT-09959;c:\Users\olive\OneDrive - Københavns Universitet\KUonedriveOW\9. Semester\Intro to Social Data Science\EXAM PROJECT
20240818153203;2024-08-18 15:53:10;200;36600;https://borgerforslag.dk/se-og-stoet-forslag/?Id=FT-09796;c:\Users\olive\OneDrive - Københavns Universitet\KUonedriveOW\9. Semester\Intro to Social Data Science\EXAM PROJECT
20240818153203;2024-08-18 15:53:12;200;37175;https://borgerforslag.dk/se-og-stoet-forslag/?Id=FT-09945;c:\Users\olive\OneDrive - Københavns Universitet\KUonedriveOW\9. Semester\Intro to Social Data Science\EXAM PROJECT
20240818153203;2024-08-18 15:53:14;200;39098;https://borgerforslag.dk/se-og-stoet-forslag/?Id=FT-09921;c:\Users\olive\OneDrive - Københavns Universitet\KUonedriveOW\9. Semester\Intro to Social Data Science\EXAM PROJECT
20240818153203;2024-08-18 15:53:15;200;35459;https://borgerforslag.dk/se-og-stoet-forslag/?Id=FT-09887;c:\Users\olive\OneDrive - Københavns Universitet\KUonedriveOW\9. Semester\Intro to Social Data Science\EXAM PROJECT
20240818153203;2024-08-18 15:53:16;200;37142;https://borgerforslag.dk/se-og-stoet-forslag/?Id=FT-09877;c:\Users\olive\OneDrive - Københavns Universitet\KUonedriveOW\9. Semester\Intro to Social Data Science\EXAM PROJECT
20240818153203;2024-08-18 15:53:19;200;43627;https://borgerforslag.dk/se-og-stoet-forslag/?Id=FT-09851;c:\Users\olive\OneDrive - Københavns Universitet\KUonedriveOW\9. Semester\Intro to Social Data Science\EXAM PROJECT
20240818153203;2024-08-18 15:53:20;200;35289;https://borgerforslag.dk/se-og-stoet-forslag/?Id=FT-09896;c:\Users\olive\OneDrive - Københavns Universitet\KUonedriveOW\9. Semester\Intro to Social Data Science\EXAM PROJECT
20240818153203;2024-08-18 15:53:22;200;37270;https://borgerforslag.dk/se-og-stoet-forslag/?Id=FT-09705;c:\Users\olive\OneDrive - Københavns Universitet\KUonedriveOW\9. Semester\Intro to Social Data Science\EXAM PROJECT
20240818153203;2024-08-18 15:53:24;200;42723;https://borgerforslag.dk/se-og-stoet-forslag/?Id=FT-09813;c:\Users\olive\OneDrive - Københavns Universitet\KUonedriveOW\9. Semester\Intro to Social Data Science\EXAM PROJECT
20240818153203;2024-08-18 15:53:26;200;37379;https://borgerforslag.dk/se-og-stoet-forslag/?Id=FT-09812;c:\Users\olive\OneDrive - Københavns Universitet\KUonedriveOW\9. Semester\Intro to Social Data Science\EXAM PROJECT
20240818153203;2024-08-18 15:53:28;200;36373;https://borgerforslag.dk/se-og-stoet-forslag/?Id=FT-09542;c:\Users\olive\OneDrive - Københavns Universitet\KUonedriveOW\9. Semester\Intro to Social Data Science\EXAM PROJECT
20240818153203;2024-08-18 15:53:30;200;38572;https://borgerforslag.dk/se-og-stoet-forslag/?Id=FT-09740;c:\Users\olive\OneDrive - Københavns Universitet\KUonedriveOW\9. Semester\Intro to Social Data Science\EXAM PROJECT
20240818153203;2024-08-18 15:53:32;200;37295;https://borgerforslag.dk/se-og-stoet-forslag/?Id=FT-09739;c:\Users\olive\OneDrive - Københavns Universitet\KUonedriveOW\9. Semester\Intro to Social Data Science\EXAM PROJECT
20240818153203;2024-08-18 15:53:34;200;34880;https://borgerforslag.dk/se-og-stoet-forslag/?Id=FT-09774;c:\Users\olive\OneDrive - Københavns Universitet\KUonedriveOW\9. Semester\Intro to Social Data Science\EXAM PROJECT
20240818153203;2024-08-18 15:53:36;200;36853;https://borgerforslag.dk/se-og-stoet-forslag/?Id=FT-09753;c:\Users\olive\OneDrive - Københavns Universitet\KUonedriveOW\9. Semester\Intro to Social Data Science\EXAM PROJECT
20240818153203;2024-08-18 15:53:37;200;35356;https://borgerforslag.dk/se-og-stoet-forslag/?Id=FT-09755;c:\Users\olive\OneDrive - Københavns Universitet\KUonedriveOW\9. Semester\Intro to Social Data Science\EXAM PROJECT
20240818153203;2024-08-18 15:53:39;200;35816;https://borgerforslag.dk/se-og-stoet-forslag/?Id=FT-09750;c:\Users\olive\OneDrive - Københavns Universitet\KUonedriveOW\9. Semester\Intro to Social Data Science\EXAM PROJECT
20240818153203;2024-08-18 15:53:41;200;35020;https://borgerforslag.dk/se-og-stoet-forslag/?Id=FT-09749;c:\Users\olive\OneDrive - Københavns Universitet\KUonedriveOW\9. Semester\Intro to Social Data Science\EXAM PROJECT
20240818153203;2024-08-18 15:53:42;200;36685;https://borgerforslag.dk/se-og-stoet-forslag/?Id=FT-09605;c:\Users\olive\OneDrive - Københavns Universitet\KUonedriveOW\9. Semester\Intro to Social Data Science\EXAM PROJECT
20240818153203;2024-08-18 15:53:44;200;37816;https://borgerforslag.dk/se-og-stoet-forslag/?Id=FT-09703;c:\Users\olive\OneDrive - Københavns Universitet\KUonedriveOW\9. Semester\Intro to Social Data Science\EXAM PROJECT
20240818153203;2024-08-18 15:53:46;200;35625;https://borgerforslag.dk/se-og-stoet-forslag/?Id=FT-09675;c:\Users\olive\OneDrive - Københavns Universitet\KUonedriveOW\9. Semester\Intro to Social Data Science\EXAM PROJECT
20240818153203;2024-08-18 15:53:47;200;36053;https://borgerforslag.dk/se-og-stoet-forslag/?Id=FT-09647;c:\Users\olive\OneDrive - Københavns Universitet\KUonedriveOW\9. Semester\Intro to Social Data Science\EXAM PROJECT
20240818153203;2024-08-18 15:53:49;200;36539;https://borgerforslag.dk/se-og-stoet-forslag/?Id=FT-09423;c:\Users\olive\OneDrive - Københavns Universitet\KUonedriveOW\9. Semester\Intro to Social Data Science\EXAM PROJECT
20240818153203;2024-08-18 15:53:51;200;36142;https://borgerforslag.dk/se-og-stoet-forslag/?Id=FT-09576;c:\Users\olive\OneDrive - Københavns Universitet\KUonedriveOW\9. Semester\Intro to Social Data Science\EXAM PROJECT
20240818153203;2024-08-18 15:53:52;200;36805;https://borgerforslag.dk/se-og-stoet-forslag/?Id=FT-09552;c:\Users\olive\OneDrive - Københavns Universitet\KUonedriveOW\9. Semester\Intro to Social Data Science\EXAM PROJECT
20240818153203;2024-08-18 15:53:55;200;36633;https://borgerforslag.dk/se-og-stoet-forslag/?Id=FT-09534;c:\Users\olive\OneDrive - Københavns Universitet\KUonedriveOW\9. Semester\Intro to Social Data Science\EXAM PROJECT
20240818153203;2024-08-18 15:53:56;200;37982;https://borgerforslag.dk/se-og-stoet-forslag/?Id=FT-09553;c:\Users\olive\OneDrive - Københavns Universitet\KUonedriveOW\9. Semester\Intro to Social Data Science\EXAM PROJECT
20240818153203;2024-08-18 15:53:57;200;38119;https://borgerforslag.dk/se-og-stoet-forslag/?Id=FT-09476;c:\Users\olive\OneDrive - Københavns Universitet\KUonedriveOW\9. Semester\Intro to Social Data Science\EXAM PROJECT
20240818153203;2024-08-18 15:53:59;200;38142;https://borgerforslag.dk/se-og-stoet-forslag/?Id=FT-09523;c:\Users\olive\OneDrive - Københavns Universitet\KUonedriveOW\9. Semester\Intro to Social Data Science\EXAM PROJECT
20240818153203;2024-08-18 15:54:01;200;35929;https://borgerforslag.dk/se-og-stoet-forslag/?Id=FT-09516;c:\Users\olive\OneDrive - Københavns Universitet\KUonedriveOW\9. Semester\Intro to Social Data Science\EXAM PROJECT
20240818153203;2024-08-18 15:54:02;200;37930;https://borgerforslag.dk/se-og-stoet-forslag/?Id=FT-09471;c:\Users\olive\OneDrive - Københavns Universitet\KUonedriveOW\9. Semester\Intro to Social Data Science\EXAM PROJECT
20240818153203;2024-08-18 15:54:05;200;37229;https://borgerforslag.dk/se-og-stoet-forslag/?Id=FT-09496;c:\Users\olive\OneDrive - Københavns Universitet\KUonedriveOW\9. Semester\Intro to Social Data Science\EXAM PROJECT
20240818153203;2024-08-18 15:54:07;200;35713;https://borgerforslag.dk/se-og-stoet-forslag/?Id=FT-09482;c:\Users\olive\OneDrive - Københavns Universitet\KUonedriveOW\9. Semester\Intro to Social Data Science\EXAM PROJECT
20240818153203;2024-08-18 15:54:09;200;39172;https://borgerforslag.dk/se-og-stoet-forslag/?Id=FT-09426;c:\Users\olive\OneDrive - Københavns Universitet\KUonedriveOW\9. Semester\Intro to Social Data Science\EXAM PROJECT
20240818153203;2024-08-18 15:54:11;200;37537;https://borgerforslag.dk/se-og-stoet-forslag/?Id=FT-09449;c:\Users\olive\OneDrive - Københavns Universitet\KUonedriveOW\9. Semester\Intro to Social Data Science\EXAM PROJECT
20240818153203;2024-08-18 15:54:12;200;37124;https://borgerforslag.dk/se-og-stoet-forslag/?Id=FT-09361;c:\Users\olive\OneDrive - Københavns Universitet\KUonedriveOW\9. Semester\Intro to Social Data Science\EXAM PROJECT
20240818153203;2024-08-18 15:54:14;200;39630;https://borgerforslag.dk/se-og-stoet-forslag/?Id=FT-09312;c:\Users\olive\OneDrive - Københavns Universitet\KUonedriveOW\9. Semester\Intro to Social Data Science\EXAM PROJECT
20240818153203;2024-08-18 15:54:15;200;37665;https://borgerforslag.dk/se-og-stoet-forslag/?Id=FT-09353;c:\Users\olive\OneDrive - Københavns Universitet\KUonedriveOW\9. Semester\Intro to Social Data Science\EXAM PROJECT
20240818153203;2024-08-18 15:54:17;200;37834;https://borgerforslag.dk/se-og-stoet-forslag/?Id=FT-09333;c:\Users\olive\OneDrive - Københavns Universitet\KUonedriveOW\9. Semester\Intro to Social Data Science\EXAM PROJECT
20240818153203;2024-08-18 15:54:18;200;36649;https://borgerforslag.dk/se-og-stoet-forslag/?Id=FT-09326;c:\Users\olive\OneDrive - Københavns Universitet\KUonedriveOW\9. Semester\Intro to Social Data Science\EXAM PROJECT
20240818153203;2024-08-18 15:54:20;200;45086;https://borgerforslag.dk/se-og-stoet-forslag/?Id=FT-09338;c:\Users\olive\OneDrive - Københavns Universitet\KUonedriveOW\9. Semester\Intro to Social Data Science\EXAM PROJECT
20240818153203;2024-08-18 15:54:21;200;37162;https://borgerforslag.dk/se-og-stoet-forslag/?Id=FT-09321;c:\Users\olive\OneDrive - Københavns Universitet\KUonedriveOW\9. Semester\Intro to Social Data Science\EXAM PROJECT
20240818153203;2024-08-18 15:54:23;200;37026;https://borgerforslag.dk/se-og-stoet-forslag/?Id=FT-09373;c:\Users\olive\OneDrive - Københavns Universitet\KUonedriveOW\9. Semester\Intro to Social Data Science\EXAM PROJECT
20240818153203;2024-08-18 15:54:25;200;35761;https://borgerforslag.dk/se-og-stoet-forslag/?Id=FT-09359;c:\Users\olive\OneDrive - Københavns Universitet\KUonedriveOW\9. Semester\Intro to Social Data Science\EXAM PROJECT
20240818153203;2024-08-18 15:54:27;200;35992;https://borgerforslag.dk/se-og-stoet-forslag/?Id=FT-09356;c:\Users\olive\OneDrive - Københavns Universitet\KUonedriveOW\9. Semester\Intro to Social Data Science\EXAM PROJECT
20240818153203;2024-08-18 15:54:29;200;36698;https://borgerforslag.dk/se-og-stoet-forslag/?Id=FT-09219;c:\Users\olive\OneDrive - Københavns Universitet\KUonedriveOW\9. Semester\Intro to Social Data Science\EXAM PROJECT
20240818153203;2024-08-18 15:54:30;200;47367;https://borgerforslag.dk/se-og-stoet-forslag/?Id=FT-09135;c:\Users\olive\OneDrive - Københavns Universitet\KUonedriveOW\9. Semester\Intro to Social Data Science\EXAM PROJECT
20240818153203;2024-08-18 15:54:32;200;37723;https://borgerforslag.dk/se-og-stoet-forslag/?Id=FT-09159;c:\Users\olive\OneDrive - Københavns Universitet\KUonedriveOW\9. Semester\Intro to Social Data Science\EXAM PROJECT
20240818153203;2024-08-18 15:54:33;200;37688;https://borgerforslag.dk/se-og-stoet-forslag/?Id=FT-09175;c:\Users\olive\OneDrive - Københavns Universitet\KUonedriveOW\9. Semester\Intro to Social Data Science\EXAM PROJECT
20240818153203;2024-08-18 15:54:35;200;35327;https://borgerforslag.dk/se-og-stoet-forslag/?Id=FT-09268;c:\Users\olive\OneDrive - Københavns Universitet\KUonedriveOW\9. Semester\Intro to Social Data Science\EXAM PROJECT
20240818153203;2024-08-18 15:54:36;200;36848;https://borgerforslag.dk/se-og-stoet-forslag/?Id=FT-09273;c:\Users\olive\OneDrive - Københavns Universitet\KUonedriveOW\9. Semester\Intro to Social Data Science\EXAM PROJECT
20240818153203;2024-08-18 15:54:38;200;43964;https://borgerforslag.dk/se-og-stoet-forslag/?Id=FT-09253;c:\Users\olive\OneDrive - Københavns Universitet\KUonedriveOW\9. Semester\Intro to Social Data Science\EXAM PROJECT
20240818153203;2024-08-18 15:54:40;200;42800;https://borgerforslag.dk/se-og-stoet-forslag/?Id=FT-09140;c:\Users\olive\OneDrive - Københavns Universitet\KUonedriveOW\9. Semester\Intro to Social Data Science\EXAM PROJECT
20240818153203;2024-08-18 15:54:42;200;37591;https://borgerforslag.dk/se-og-stoet-forslag/?Id=FT-09142;c:\Users\olive\OneDrive - Københavns Universitet\KUonedriveOW\9. Semester\Intro to Social Data Science\EXAM PROJECT
20240818153203;2024-08-18 15:54:44;200;35550;https://borgerforslag.dk/se-og-stoet-forslag/?Id=FT-09195;c:\Users\olive\OneDrive - Københavns Universitet\KUonedriveOW\9. Semester\Intro to Social Data Science\EXAM PROJECT
20240818153203;2024-08-18 15:54:46;200;36105;https://borgerforslag.dk/se-og-stoet-forslag/?Id=FT-09213;c:\Users\olive\OneDrive - Københavns Universitet\KUonedriveOW\9. Semester\Intro to Social Data Science\EXAM PROJECT
20240818153203;2024-08-18 15:54:47;200;35484;https://borgerforslag.dk/se-og-stoet-forslag/?Id=FT-09172;c:\Users\olive\OneDrive - Københavns Universitet\KUonedriveOW\9. Semester\Intro to Social Data Science\EXAM PROJECT
20240818153203;2024-08-18 15:54:49;200;39410;https://borgerforslag.dk/se-og-stoet-forslag/?Id=FT-09125;c:\Users\olive\OneDrive - Københavns Universitet\KUonedriveOW\9. Semester\Intro to Social Data Science\EXAM PROJECT
20240818153203;2024-08-18 15:54:50;200;40188;https://borgerforslag.dk/se-og-stoet-forslag/?Id=FT-09161;c:\Users\olive\OneDrive - Københavns Universitet\KUonedriveOW\9. Semester\Intro to Social Data Science\EXAM PROJECT
20240818153203;2024-08-18 15:54:51;200;47237;https://borgerforslag.dk/se-og-stoet-forslag/?Id=FT-09126;c:\Users\olive\OneDrive - Københavns Universitet\KUonedriveOW\9. Semester\Intro to Social Data Science\EXAM PROJECT
20240818153203;2024-08-18 15:54:53;200;42234;https://borgerforslag.dk/se-og-stoet-forslag/?Id=FT-09049;c:\Users\olive\OneDrive - Københavns Universitet\KUonedriveOW\9. Semester\Intro to Social Data Science\EXAM PROJECT
20240818153203;2024-08-18 15:54:55;200;39686;https://borgerforslag.dk/se-og-stoet-forslag/?Id=FT-09030;c:\Users\olive\OneDrive - Københavns Universitet\KUonedriveOW\9. Semester\Intro to Social Data Science\EXAM PROJECT
20240818153203;2024-08-18 15:54:57;200;35671;https://borgerforslag.dk/se-og-stoet-forslag/?Id=FT-09112;c:\Users\olive\OneDrive - Københavns Universitet\KUonedriveOW\9. Semester\Intro to Social Data Science\EXAM PROJECT
20240818153203;2024-08-18 15:54:59;200;37345;https://borgerforslag.dk/se-og-stoet-forslag/?Id=FT-08955;c:\Users\olive\OneDrive - Københavns Universitet\KUonedriveOW\9. Semester\Intro to Social Data Science\EXAM PROJECT
20240818153203;2024-08-18 15:55:01;200;47214;https://borgerforslag.dk/se-og-stoet-forslag/?Id=FT-09016;c:\Users\olive\OneDrive - Københavns Universitet\KUonedriveOW\9. Semester\Intro to Social Data Science\EXAM PROJECT
20240818153203;2024-08-18 15:55:03;200;36764;https://borgerforslag.dk/se-og-stoet-forslag/?Id=FT-08964;c:\Users\olive\OneDrive - Københavns Universitet\KUonedriveOW\9. Semester\Intro to Social Data Science\EXAM PROJECT
20240818153203;2024-08-18 15:55:05;200;38485;https://borgerforslag.dk/se-og-stoet-forslag/?Id=FT-09007;c:\Users\olive\OneDrive - Københavns Universitet\KUonedriveOW\9. Semester\Intro to Social Data Science\EXAM PROJECT
20240818153203;2024-08-18 15:55:07;200;37865;https://borgerforslag.dk/se-og-stoet-forslag/?Id=FT-08937;c:\Users\olive\OneDrive - Københavns Universitet\KUonedriveOW\9. Semester\Intro to Social Data Science\EXAM PROJECT
20240818153203;2024-08-18 15:55:09;200;36204;https://borgerforslag.dk/se-og-stoet-forslag/?Id=FT-08994;c:\Users\olive\OneDrive - Københavns Universitet\KUonedriveOW\9. Semester\Intro to Social Data Science\EXAM PROJECT
20240818153203;2024-08-18 15:55:10;200;38454;https://borgerforslag.dk/se-og-stoet-forslag/?Id=FT-08971;c:\Users\olive\OneDrive - Københavns Universitet\KUonedriveOW\9. Semester\Intro to Social Data Science\EXAM PROJECT
20240818153203;2024-08-18 15:55:13;200;44051;https://borgerforslag.dk/se-og-stoet-forslag/?Id=FT-08949;c:\Users\olive\OneDrive - Københavns Universitet\KUonedriveOW\9. Semester\Intro to Social Data Science\EXAM PROJECT
20240818153203;2024-08-18 15:55:14;200;50701;https://borgerforslag.dk/se-og-stoet-forslag/?Id=FT-08929;c:\Users\olive\OneDrive - Københavns Universitet\KUonedriveOW\9. Semester\Intro to Social Data Science\EXAM PROJECT
20240818153203;2024-08-18 15:55:16;200;38313;https://borgerforslag.dk/se-og-stoet-forslag/?Id=FT-08889;c:\Users\olive\OneDrive - Københavns Universitet\KUonedriveOW\9. Semester\Intro to Social Data Science\EXAM PROJECT
20240818153203;2024-08-18 15:55:18;200;39513;https://borgerforslag.dk/se-og-stoet-forslag/?Id=FT-08943;c:\Users\olive\OneDrive - Københavns Universitet\KUonedriveOW\9. Semester\Intro to Social Data Science\EXAM PROJECT
20240818153203;2024-08-18 15:55:20;200;38974;https://borgerforslag.dk/se-og-stoet-forslag/?Id=FT-08888;c:\Users\olive\OneDrive - Københavns Universitet\KUonedriveOW\9. Semester\Intro to Social Data Science\EXAM PROJECT
20240818153203;2024-08-18 15:55:22;200;38427;https://borgerforslag.dk/se-og-stoet-forslag/?Id=FT-08852;c:\Users\olive\OneDrive - Københavns Universitet\KUonedriveOW\9. Semester\Intro to Social Data Science\EXAM PROJECT
20240818153203;2024-08-18 15:55:24;200;36564;https://borgerforslag.dk/se-og-stoet-forslag/?Id=FT-08850;c:\Users\olive\OneDrive - Københavns Universitet\KUonedriveOW\9. Semester\Intro to Social Data Science\EXAM PROJECT
20240818153203;2024-08-18 15:55:26;200;36081;https://borgerforslag.dk/se-og-stoet-forslag/?Id=FT-08814;c:\Users\olive\OneDrive - Københavns Universitet\KUonedriveOW\9. Semester\Intro to Social Data Science\EXAM PROJECT
20240818153203;2024-08-18 15:55:28;200;36955;https://borgerforslag.dk/se-og-stoet-forslag/?Id=FT-08822;c:\Users\olive\OneDrive - Københavns Universitet\KUonedriveOW\9. Semester\Intro to Social Data Science\EXAM PROJECT
20240818153203;2024-08-18 15:55:29;200;38809;https://borgerforslag.dk/se-og-stoet-forslag/?Id=FT-08886;c:\Users\olive\OneDrive - Københavns Universitet\KUonedriveOW\9. Semester\Intro to Social Data Science\EXAM PROJECT
20240818153203;2024-08-18 15:55:31;200;36632;https://borgerforslag.dk/se-og-stoet-forslag/?Id=FT-08859;c:\Users\olive\OneDrive - Københavns Universitet\KUonedriveOW\9. Semester\Intro to Social Data Science\EXAM PROJECT
20240818153203;2024-08-18 15:55:33;200;35708;https://borgerforslag.dk/se-og-stoet-forslag/?Id=FT-08872;c:\Users\olive\OneDrive - Københavns Universitet\KUonedriveOW\9. Semester\Intro to Social Data Science\EXAM PROJECT
20240818153203;2024-08-18 15:55:34;200;43023;https://borgerforslag.dk/se-og-stoet-forslag/?Id=FT-08807;c:\Users\olive\OneDrive - Københavns Universitet\KUonedriveOW\9. Semester\Intro to Social Data Science\EXAM PROJECT
20240818153203;2024-08-18 15:55:36;200;44908;https://borgerforslag.dk/se-og-stoet-forslag/?Id=FT-08848;c:\Users\olive\OneDrive - Københavns Universitet\KUonedriveOW\9. Semester\Intro to Social Data Science\EXAM PROJECT
20240818153203;2024-08-18 15:55:38;200;38022;https://borgerforslag.dk/se-og-stoet-forslag/?Id=FT-08810;c:\Users\olive\OneDrive - Københavns Universitet\KUonedriveOW\9. Semester\Intro to Social Data Science\EXAM PROJECT
20240818153203;2024-08-18 15:55:39;200;38917;https://borgerforslag.dk/se-og-stoet-forslag/?Id=FT-08818;c:\Users\olive\OneDrive - Københavns Universitet\KUonedriveOW\9. Semester\Intro to Social Data Science\EXAM PROJECT
20240818153203;2024-08-18 15:55:40;200;46118;https://borgerforslag.dk/se-og-stoet-forslag/?Id=FT-08630;c:\Users\olive\OneDrive - Københavns Universitet\KUonedriveOW\9. Semester\Intro to Social Data Science\EXAM PROJECT
20240818153203;2024-08-18 15:55:42;200;46372;https://borgerforslag.dk/se-og-stoet-forslag/?Id=FT-08629;c:\Users\olive\OneDrive - Københavns Universitet\KUonedriveOW\9. Semester\Intro to Social Data Science\EXAM PROJECT
20240818153203;2024-08-18 15:55:44;200;42858;https://borgerforslag.dk/se-og-stoet-forslag/?Id=FT-08631;c:\Users\olive\OneDrive - Københavns Universitet\KUonedriveOW\9. Semester\Intro to Social Data Science\EXAM PROJECT
20240818153203;2024-08-18 15:55:45;200;49140;https://borgerforslag.dk/se-og-stoet-forslag/?Id=FT-08619;c:\Users\olive\OneDrive - Københavns Universitet\KUonedriveOW\9. Semester\Intro to Social Data Science\EXAM PROJECT
20240818153203;2024-08-18 15:55:47;200;40797;https://borgerforslag.dk/se-og-stoet-forslag/?Id=FT-08811;c:\Users\olive\OneDrive - Københavns Universitet\KUonedriveOW\9. Semester\Intro to Social Data Science\EXAM PROJECT
20240818153203;2024-08-18 15:55:49;200;38282;https://borgerforslag.dk/se-og-stoet-forslag/?Id=FT-08750;c:\Users\olive\OneDrive - Københavns Universitet\KUonedriveOW\9. Semester\Intro to Social Data Science\EXAM PROJECT
20240818153203;2024-08-18 15:55:51;200;38556;https://borgerforslag.dk/se-og-stoet-forslag/?Id=FT-08772;c:\Users\olive\OneDrive - Københavns Universitet\KUonedriveOW\9. Semester\Intro to Social Data Science\EXAM PROJECT
20240818153203;2024-08-18 15:55:53;200;35807;https://borgerforslag.dk/se-og-stoet-forslag/?Id=FT-08764;c:\Users\olive\OneDrive - Københavns Universitet\KUonedriveOW\9. Semester\Intro to Social Data Science\EXAM PROJECT
20240818153203;2024-08-18 15:55:55;200;35950;https://borgerforslag.dk/se-og-stoet-forslag/?Id=FT-08762;c:\Users\olive\OneDrive - Københavns Universitet\KUonedriveOW\9. Semester\Intro to Social Data Science\EXAM PROJECT
20240818153203;2024-08-18 15:55:57;200;36658;https://borgerforslag.dk/se-og-stoet-forslag/?Id=FT-08792;c:\Users\olive\OneDrive - Københavns Universitet\KUonedriveOW\9. Semester\Intro to Social Data Science\EXAM PROJECT
20240818153203;2024-08-18 15:55:58;200;36048;https://borgerforslag.dk/se-og-stoet-forslag/?Id=FT-08782;c:\Users\olive\OneDrive - Københavns Universitet\KUonedriveOW\9. Semester\Intro to Social Data Science\EXAM PROJECT
20240818153203;2024-08-18 15:56:00;200;37088;https://borgerforslag.dk/se-og-stoet-forslag/?Id=FT-08677;c:\Users\olive\OneDrive - Københavns Universitet\KUonedriveOW\9. Semester\Intro to Social Data Science\EXAM PROJECT
20240818153203;2024-08-18 15:56:02;200;45250;https://borgerforslag.dk/se-og-stoet-forslag/?Id=FT-08681;c:\Users\olive\OneDrive - Københavns Universitet\KUonedriveOW\9. Semester\Intro to Social Data Science\EXAM PROJECT
20240818153203;2024-08-18 15:56:03;200;39442;https://borgerforslag.dk/se-og-stoet-forslag/?Id=FT-08593;c:\Users\olive\OneDrive - Københavns Universitet\KUonedriveOW\9. Semester\Intro to Social Data Science\EXAM PROJECT
20240818153203;2024-08-18 15:56:05;200;46066;https://borgerforslag.dk/se-og-stoet-forslag/?Id=FT-08577;c:\Users\olive\OneDrive - Københavns Universitet\KUonedriveOW\9. Semester\Intro to Social Data Science\EXAM PROJECT
20240818153203;2024-08-18 15:56:07;200;40078;https://borgerforslag.dk/se-og-stoet-forslag/?Id=FT-08755;c:\Users\olive\OneDrive - Københavns Universitet\KUonedriveOW\9. Semester\Intro to Social Data Science\EXAM PROJECT
20240818153203;2024-08-18 15:56:09;200;50882;https://borgerforslag.dk/se-og-stoet-forslag/?Id=FT-08582;c:\Users\olive\OneDrive - Københavns Universitet\KUonedriveOW\9. Semester\Intro to Social Data Science\EXAM PROJECT
20240818153203;2024-08-18 15:56:10;200;42060;https://borgerforslag.dk/se-og-stoet-forslag/?Id=FT-08632;c:\Users\olive\OneDrive - Københavns Universitet\KUonedriveOW\9. Semester\Intro to Social Data Science\EXAM PROJECT
20240818153203;2024-08-18 15:56:12;200;36664;https://borgerforslag.dk/se-og-stoet-forslag/?Id=FT-08717;c:\Users\olive\OneDrive - Københavns Universitet\KUonedriveOW\9. Semester\Intro to Social Data Science\EXAM PROJECT
20240818153203;2024-08-18 15:56:14;200;36553;https://borgerforslag.dk/se-og-stoet-forslag/?Id=FT-08723;c:\Users\olive\OneDrive - Københavns Universitet\KUonedriveOW\9. Semester\Intro to Social Data Science\EXAM PROJECT
20240818153203;2024-08-18 15:56:16;200;40059;https://borgerforslag.dk/se-og-stoet-forslag/?Id=FT-08597;c:\Users\olive\OneDrive - Københavns Universitet\KUonedriveOW\9. Semester\Intro to Social Data Science\EXAM PROJECT
20240818153203;2024-08-18 15:56:18;200;40497;https://borgerforslag.dk/se-og-stoet-forslag/?Id=FT-08586;c:\Users\olive\OneDrive - Københavns Universitet\KUonedriveOW\9. Semester\Intro to Social Data Science\EXAM PROJECT
20240818153203;2024-08-18 15:56:19;200;36598;https://borgerforslag.dk/se-og-stoet-forslag/?Id=FT-08644;c:\Users\olive\OneDrive - Københavns Universitet\KUonedriveOW\9. Semester\Intro to Social Data Science\EXAM PROJECT
20240818153203;2024-08-18 15:56:21;200;37162;https://borgerforslag.dk/se-og-stoet-forslag/?Id=FT-08674;c:\Users\olive\OneDrive - Københavns Universitet\KUonedriveOW\9. Semester\Intro to Social Data Science\EXAM PROJECT
20240818153203;2024-08-18 15:56:23;200;46586;https://borgerforslag.dk/se-og-stoet-forslag/?Id=FT-08521;c:\Users\olive\OneDrive - Københavns Universitet\KUonedriveOW\9. Semester\Intro to Social Data Science\EXAM PROJECT
20240818153203;2024-08-18 15:56:24;200;35890;https://borgerforslag.dk/se-og-stoet-forslag/?Id=FT-08639;c:\Users\olive\OneDrive - Københavns Universitet\KUonedriveOW\9. Semester\Intro to Social Data Science\EXAM PROJECT
20240818153203;2024-08-18 15:56:26;200;38954;https://borgerforslag.dk/se-og-stoet-forslag/?Id=FT-08641;c:\Users\olive\OneDrive - Københavns Universitet\KUonedriveOW\9. Semester\Intro to Social Data Science\EXAM PROJECT
20240818153203;2024-08-18 15:56:27;200;39768;https://borgerforslag.dk/se-og-stoet-forslag/?Id=FT-08669;c:\Users\olive\OneDrive - Københavns Universitet\KUonedriveOW\9. Semester\Intro to Social Data Science\EXAM PROJECT
20240818153203;2024-08-18 15:56:29;200;38651;https://borgerforslag.dk/se-og-stoet-forslag/?Id=FT-08575;c:\Users\olive\OneDrive - Københavns Universitet\KUonedriveOW\9. Semester\Intro to Social Data Science\EXAM PROJECT
20240818153203;2024-08-18 15:56:30;200;42247;https://borgerforslag.dk/se-og-stoet-forslag/?Id=FT-08620;c:\Users\olive\OneDrive - Københavns Universitet\KUonedriveOW\9. Semester\Intro to Social Data Science\EXAM PROJECT
20240818153203;2024-08-18 15:56:32;200;39381;https://borgerforslag.dk/se-og-stoet-forslag/?Id=FT-08603;c:\Users\olive\OneDrive - Københavns Universitet\KUonedriveOW\9. Semester\Intro to Social Data Science\EXAM PROJECT
20240818153203;2024-08-18 15:56:34;200;39449;https://borgerforslag.dk/se-og-stoet-forslag/?Id=FT-08604;c:\Users\olive\OneDrive - Københavns Universitet\KUonedriveOW\9. Semester\Intro to Social Data Science\EXAM PROJECT
20240818153203;2024-08-18 15:56:35;200;38526;https://borgerforslag.dk/se-og-stoet-forslag/?Id=FT-08601;c:\Users\olive\OneDrive - Københavns Universitet\KUonedriveOW\9. Semester\Intro to Social Data Science\EXAM PROJECT
20240818153203;2024-08-18 15:56:38;200;39131;https://borgerforslag.dk/se-og-stoet-forslag/?Id=FT-08599;c:\Users\olive\OneDrive - Københavns Universitet\KUonedriveOW\9. Semester\Intro to Social Data Science\EXAM PROJECT
20240818153203;2024-08-18 15:56:40;200;39626;https://borgerforslag.dk/se-og-stoet-forslag/?Id=FT-08590;c:\Users\olive\OneDrive - Københavns Universitet\KUonedriveOW\9. Semester\Intro to Social Data Science\EXAM PROJECT
20240818153203;2024-08-18 15:56:42;200;40099;https://borgerforslag.dk/se-og-stoet-forslag/?Id=FT-08587;c:\Users\olive\OneDrive - Københavns Universitet\KUonedriveOW\9. Semester\Intro to Social Data Science\EXAM PROJECT
20240818153203;2024-08-18 15:56:44;200;42242;https://borgerforslag.dk/se-og-stoet-forslag/?Id=FT-08609;c:\Users\olive\OneDrive - Københavns Universitet\KUonedriveOW\9. Semester\Intro to Social Data Science\EXAM PROJECT
20240818153203;2024-08-18 15:56:46;200;41260;https://borgerforslag.dk/se-og-stoet-forslag/?Id=FT-08606;c:\Users\olive\OneDrive - Københavns Universitet\KUonedriveOW\9. Semester\Intro to Social Data Science\EXAM PROJECT
20240818153203;2024-08-18 15:56:48;200;40354;https://borgerforslag.dk/se-og-stoet-forslag/?Id=FT-08598;c:\Users\olive\OneDrive - Københavns Universitet\KUonedriveOW\9. Semester\Intro to Social Data Science\EXAM PROJECT
20240818153203;2024-08-18 15:56:50;200;40936;https://borgerforslag.dk/se-og-stoet-forslag/?Id=FT-08621;c:\Users\olive\OneDrive - Københavns Universitet\KUonedriveOW\9. Semester\Intro to Social Data Science\EXAM PROJECT
20240818153203;2024-08-18 15:56:51;200;41696;https://borgerforslag.dk/se-og-stoet-forslag/?Id=FT-08616;c:\Users\olive\OneDrive - Københavns Universitet\KUonedriveOW\9. Semester\Intro to Social Data Science\EXAM PROJECT
20240818153203;2024-08-18 15:56:53;200;40445;https://borgerforslag.dk/se-og-stoet-forslag/?Id=FT-08625;c:\Users\olive\OneDrive - Københavns Universitet\KUonedriveOW\9. Semester\Intro to Social Data Science\EXAM PROJECT
20240818153203;2024-08-18 15:56:54;200;36348;https://borgerforslag.dk/se-og-stoet-forslag/?Id=FT-08476;c:\Users\olive\OneDrive - Københavns Universitet\KUonedriveOW\9. Semester\Intro to Social Data Science\EXAM PROJECT
20240818153203;2024-08-18 15:56:57;200;46023;https://borgerforslag.dk/se-og-stoet-forslag/?Id=FT-08545;c:\Users\olive\OneDrive - Københavns Universitet\KUonedriveOW\9. Semester\Intro to Social Data Science\EXAM PROJECT
20240818153203;2024-08-18 15:56:59;200;42317;https://borgerforslag.dk/se-og-stoet-forslag/?Id=FT-08570;c:\Users\olive\OneDrive - Københavns Universitet\KUonedriveOW\9. Semester\Intro to Social Data Science\EXAM PROJECT
20240818153203;2024-08-18 15:57:00;200;41482;https://borgerforslag.dk/se-og-stoet-forslag/?Id=FT-08506;c:\Users\olive\OneDrive - Københavns Universitet\KUonedriveOW\9. Semester\Intro to Social Data Science\EXAM PROJECT
20240818153203;2024-08-18 15:57:03;200;38146;https://borgerforslag.dk/se-og-stoet-forslag/?Id=FT-08507;c:\Users\olive\OneDrive - Københavns Universitet\KUonedriveOW\9. Semester\Intro to Social Data Science\EXAM PROJECT
20240818153203;2024-08-18 15:57:05;200;35803;https://borgerforslag.dk/se-og-stoet-forslag/?Id=FT-08311;c:\Users\olive\OneDrive - Københavns Universitet\KUonedriveOW\9. Semester\Intro to Social Data Science\EXAM PROJECT
20240818153203;2024-08-18 15:57:06;200;37150;https://borgerforslag.dk/se-og-stoet-forslag/?Id=FT-08502;c:\Users\olive\OneDrive - Københavns Universitet\KUonedriveOW\9. Semester\Intro to Social Data Science\EXAM PROJECT
20240818153203;2024-08-18 15:57:08;200;40742;https://borgerforslag.dk/se-og-stoet-forslag/?Id=FT-08494;c:\Users\olive\OneDrive - Københavns Universitet\KUonedriveOW\9. Semester\Intro to Social Data Science\EXAM PROJECT
20240818153203;2024-08-18 15:57:10;200;40184;https://borgerforslag.dk/se-og-stoet-forslag/?Id=FT-08485;c:\Users\olive\OneDrive - Københavns Universitet\KUonedriveOW\9. Semester\Intro to Social Data Science\EXAM PROJECT
20240818153203;2024-08-18 15:57:12;200;42688;https://borgerforslag.dk/se-og-stoet-forslag/?Id=FT-08484;c:\Users\olive\OneDrive - Københavns Universitet\KUonedriveOW\9. Semester\Intro to Social Data Science\EXAM PROJECT
20240818153203;2024-08-18 15:57:14;200;36194;https://borgerforslag.dk/se-og-stoet-forslag/?Id=FT-08471;c:\Users\olive\OneDrive - Københavns Universitet\KUonedriveOW\9. Semester\Intro to Social Data Science\EXAM PROJECT
20240818153203;2024-08-18 15:57:15;200;39912;https://borgerforslag.dk/se-og-stoet-forslag/?Id=FT-08460;c:\Users\olive\OneDrive - Københavns Universitet\KUonedriveOW\9. Semester\Intro to Social Data Science\EXAM PROJECT
20240818153203;2024-08-18 15:57:17;200;35885;https://borgerforslag.dk/se-og-stoet-forslag/?Id=FT-08466;c:\Users\olive\OneDrive - Københavns Universitet\KUonedriveOW\9. Semester\Intro to Social Data Science\EXAM PROJECT
20240818153203;2024-08-18 15:57:18;200;41032;https://borgerforslag.dk/se-og-stoet-forslag/?Id=FT-08542;c:\Users\olive\OneDrive - Københavns Universitet\KUonedriveOW\9. Semester\Intro to Social Data Science\EXAM PROJECT
20240818153203;2024-08-18 15:57:20;200;40554;https://borgerforslag.dk/se-og-stoet-forslag/?Id=FT-08451;c:\Users\olive\OneDrive - Københavns Universitet\KUonedriveOW\9. Semester\Intro to Social Data Science\EXAM PROJECT
20240818153203;2024-08-18 15:57:22;200;40219;https://borgerforslag.dk/se-og-stoet-forslag/?Id=FT-08517;c:\Users\olive\OneDrive - Københavns Universitet\KUonedriveOW\9. Semester\Intro to Social Data Science\EXAM PROJECT
20240818153203;2024-08-18 15:57:24;200;35446;https://borgerforslag.dk/se-og-stoet-forslag/?Id=FT-08478;c:\Users\olive\OneDrive - Københavns Universitet\KUonedriveOW\9. Semester\Intro to Social Data Science\EXAM PROJECT
20240818153203;2024-08-18 15:57:26;200;37063;https://borgerforslag.dk/se-og-stoet-forslag/?Id=FT-08520;c:\Users\olive\OneDrive - Københavns Universitet\KUonedriveOW\9. Semester\Intro to Social Data Science\EXAM PROJECT
20240818153203;2024-08-18 15:57:27;200;36438;https://borgerforslag.dk/se-og-stoet-forslag/?Id=FT-08463;c:\Users\olive\OneDrive - Københavns Universitet\KUonedriveOW\9. Semester\Intro to Social Data Science\EXAM PROJECT
20240818153203;2024-08-18 15:57:29;200;37963;https://borgerforslag.dk/se-og-stoet-forslag/?Id=FT-08421;c:\Users\olive\OneDrive - Københavns Universitet\KUonedriveOW\9. Semester\Intro to Social Data Science\EXAM PROJECT
20240818153203;2024-08-18 15:57:31;200;37763;https://borgerforslag.dk/se-og-stoet-forslag/?Id=FT-08491;c:\Users\olive\OneDrive - Københavns Universitet\KUonedriveOW\9. Semester\Intro to Social Data Science\EXAM PROJECT
20240818153203;2024-08-18 15:57:32;200;35874;https://borgerforslag.dk/se-og-stoet-forslag/?Id=FT-08409;c:\Users\olive\OneDrive - Københavns Universitet\KUonedriveOW\9. Semester\Intro to Social Data Science\EXAM PROJECT
20240818153203;2024-08-18 15:57:34;200;36882;https://borgerforslag.dk/se-og-stoet-forslag/?Id=FT-08387;c:\Users\olive\OneDrive - Københavns Universitet\KUonedriveOW\9. Semester\Intro to Social Data Science\EXAM PROJECT
20240818153203;2024-08-18 15:57:35;200;50097;https://borgerforslag.dk/se-og-stoet-forslag/?Id=FT-08462;c:\Users\olive\OneDrive - Københavns Universitet\KUonedriveOW\9. Semester\Intro to Social Data Science\EXAM PROJECT
20240818153203;2024-08-18 15:57:37;200;40894;https://borgerforslag.dk/se-og-stoet-forslag/?Id=FT-08304;c:\Users\olive\OneDrive - Københavns Universitet\KUonedriveOW\9. Semester\Intro to Social Data Science\EXAM PROJECT
20240818153203;2024-08-18 15:57:38;200;37152;https://borgerforslag.dk/se-og-stoet-forslag/?Id=FT-08319;c:\Users\olive\OneDrive - Københavns Universitet\KUonedriveOW\9. Semester\Intro to Social Data Science\EXAM PROJECT
20240818153203;2024-08-18 15:57:40;200;35409;https://borgerforslag.dk/se-og-stoet-forslag/?Id=FT-08340;c:\Users\olive\OneDrive - Københavns Universitet\KUonedriveOW\9. Semester\Intro to Social Data Science\EXAM PROJECT
20240818153203;2024-08-18 15:57:41;200;35593;https://borgerforslag.dk/se-og-stoet-forslag/?Id=FT-08408;c:\Users\olive\OneDrive - Københavns Universitet\KUonedriveOW\9. Semester\Intro to Social Data Science\EXAM PROJECT
20240818153203;2024-08-18 15:57:42;200;36107;https://borgerforslag.dk/se-og-stoet-forslag/?Id=FT-08415;c:\Users\olive\OneDrive - Københavns Universitet\KUonedriveOW\9. Semester\Intro to Social Data Science\EXAM PROJECT
20240818153203;2024-08-18 15:57:44;200;41984;https://borgerforslag.dk/se-og-stoet-forslag/?Id=FT-08396;c:\Users\olive\OneDrive - Københavns Universitet\KUonedriveOW\9. Semester\Intro to Social Data Science\EXAM PROJECT
20240818153203;2024-08-18 15:57:45;200;38051;https://borgerforslag.dk/se-og-stoet-forslag/?Id=FT-08313;c:\Users\olive\OneDrive - Københavns Universitet\KUonedriveOW\9. Semester\Intro to Social Data Science\EXAM PROJECT
20240818153203;2024-08-18 15:57:48;200;38478;https://borgerforslag.dk/se-og-stoet-forslag/?Id=FT-08294;c:\Users\olive\OneDrive - Københavns Universitet\KUonedriveOW\9. Semester\Intro to Social Data Science\EXAM PROJECT
20240818153203;2024-08-18 15:57:49;200;36571;https://borgerforslag.dk/se-og-stoet-forslag/?Id=FT-08380;c:\Users\olive\OneDrive - Københavns Universitet\KUonedriveOW\9. Semester\Intro to Social Data Science\EXAM PROJECT
20240818153203;2024-08-18 15:57:51;200;36315;https://borgerforslag.dk/se-og-stoet-forslag/?Id=FT-08219;c:\Users\olive\OneDrive - Københavns Universitet\KUonedriveOW\9. Semester\Intro to Social Data Science\EXAM PROJECT
20240818153203;2024-08-18 15:57:53;200;36269;https://borgerforslag.dk/se-og-stoet-forslag/?Id=FT-08376;c:\Users\olive\OneDrive - Københavns Universitet\KUonedriveOW\9. Semester\Intro to Social Data Science\EXAM PROJECT
20240818153203;2024-08-18 15:57:55;200;37079;https://borgerforslag.dk/se-og-stoet-forslag/?Id=FT-08295;c:\Users\olive\OneDrive - Københavns Universitet\KUonedriveOW\9. Semester\Intro to Social Data Science\EXAM PROJECT
20240818153203;2024-08-18 15:57:57;200;35325;https://borgerforslag.dk/se-og-stoet-forslag/?Id=FT-08312;c:\Users\olive\OneDrive - Københavns Universitet\KUonedriveOW\9. Semester\Intro to Social Data Science\EXAM PROJECT
20240818153203;2024-08-18 15:57:59;200;47357;https://borgerforslag.dk/se-og-stoet-forslag/?Id=FT-08287;c:\Users\olive\OneDrive - Københavns Universitet\KUonedriveOW\9. Semester\Intro to Social Data Science\EXAM PROJECT
20240818153203;2024-08-18 15:58:00;200;35810;https://borgerforslag.dk/se-og-stoet-forslag/?Id=FT-08277;c:\Users\olive\OneDrive - Københavns Universitet\KUonedriveOW\9. Semester\Intro to Social Data Science\EXAM PROJECT
20240818153203;2024-08-18 15:58:01;200;35815;https://borgerforslag.dk/se-og-stoet-forslag/?Id=FT-08273;c:\Users\olive\OneDrive - Københavns Universitet\KUonedriveOW\9. Semester\Intro to Social Data Science\EXAM PROJECT
20240818153203;2024-08-18 15:58:03;200;37628;https://borgerforslag.dk/se-og-stoet-forslag/?Id=FT-08259;c:\Users\olive\OneDrive - Københavns Universitet\KUonedriveOW\9. Semester\Intro to Social Data Science\EXAM PROJECT
20240818153203;2024-08-18 15:58:04;200;35570;https://borgerforslag.dk/se-og-stoet-forslag/?Id=FT-08129;c:\Users\olive\OneDrive - Københavns Universitet\KUonedriveOW\9. Semester\Intro to Social Data Science\EXAM PROJECT
20240818153203;2024-08-18 15:58:06;200;35720;https://borgerforslag.dk/se-og-stoet-forslag/?Id=FT-08171;c:\Users\olive\OneDrive - Københavns Universitet\KUonedriveOW\9. Semester\Intro to Social Data Science\EXAM PROJECT
20240818153203;2024-08-18 15:58:08;200;37928;https://borgerforslag.dk/se-og-stoet-forslag/?Id=FT-08063;c:\Users\olive\OneDrive - Københavns Universitet\KUonedriveOW\9. Semester\Intro to Social Data Science\EXAM PROJECT
20240818153203;2024-08-18 15:58:09;200;41541;https://borgerforslag.dk/se-og-stoet-forslag/?Id=FT-08136;c:\Users\olive\OneDrive - Københavns Universitet\KUonedriveOW\9. Semester\Intro to Social Data Science\EXAM PROJECT
20240818153203;2024-08-18 15:58:11;200;35508;https://borgerforslag.dk/se-og-stoet-forslag/?Id=FT-08156;c:\Users\olive\OneDrive - Københavns Universitet\KUonedriveOW\9. Semester\Intro to Social Data Science\EXAM PROJECT
20240818153203;2024-08-18 15:58:13;200;38044;https://borgerforslag.dk/se-og-stoet-forslag/?Id=FT-07749;c:\Users\olive\OneDrive - Københavns Universitet\KUonedriveOW\9. Semester\Intro to Social Data Science\EXAM PROJECT
20240818153203;2024-08-18 15:58:14;200;37315;https://borgerforslag.dk/se-og-stoet-forslag/?Id=FT-08174;c:\Users\olive\OneDrive - Københavns Universitet\KUonedriveOW\9. Semester\Intro to Social Data Science\EXAM PROJECT
20240818153203;2024-08-18 15:58:16;200;37183;https://borgerforslag.dk/se-og-stoet-forslag/?Id=FT-08152;c:\Users\olive\OneDrive - Københavns Universitet\KUonedriveOW\9. Semester\Intro to Social Data Science\EXAM PROJECT
20240818153203;2024-08-18 15:58:17;200;36718;https://borgerforslag.dk/se-og-stoet-forslag/?Id=FT-08145;c:\Users\olive\OneDrive - Københavns Universitet\KUonedriveOW\9. Semester\Intro to Social Data Science\EXAM PROJECT
20240818153203;2024-08-18 15:58:19;200;41525;https://borgerforslag.dk/se-og-stoet-forslag/?Id=FT-08134;c:\Users\olive\OneDrive - Københavns Universitet\KUonedriveOW\9. Semester\Intro to Social Data Science\EXAM PROJECT
20240818153203;2024-08-18 15:58:21;200;35549;https://borgerforslag.dk/se-og-stoet-forslag/?Id=FT-08082;c:\Users\olive\OneDrive - Københavns Universitet\KUonedriveOW\9. Semester\Intro to Social Data Science\EXAM PROJECT
20240818153203;2024-08-18 15:58:22;200;46255;https://borgerforslag.dk/se-og-stoet-forslag/?Id=FT-08006;c:\Users\olive\OneDrive - Københavns Universitet\KUonedriveOW\9. Semester\Intro to Social Data Science\EXAM PROJECT
20240818153203;2024-08-18 15:58:24;200;37826;https://borgerforslag.dk/se-og-stoet-forslag/?Id=FT-07912;c:\Users\olive\OneDrive - Københavns Universitet\KUonedriveOW\9. Semester\Intro to Social Data Science\EXAM PROJECT
20240818153203;2024-08-18 15:58:25;200;37438;https://borgerforslag.dk/se-og-stoet-forslag/?Id=FT-07689;c:\Users\olive\OneDrive - Københavns Universitet\KUonedriveOW\9. Semester\Intro to Social Data Science\EXAM PROJECT
20240818153203;2024-08-18 15:58:26;200;43161;https://borgerforslag.dk/se-og-stoet-forslag/?Id=FT-08131;c:\Users\olive\OneDrive - Københavns Universitet\KUonedriveOW\9. Semester\Intro to Social Data Science\EXAM PROJECT
20240818153203;2024-08-18 15:58:28;200;37343;https://borgerforslag.dk/se-og-stoet-forslag/?Id=FT-08120;c:\Users\olive\OneDrive - Københavns Universitet\KUonedriveOW\9. Semester\Intro to Social Data Science\EXAM PROJECT
20240818153203;2024-08-18 15:58:30;200;36521;https://borgerforslag.dk/se-og-stoet-forslag/?Id=FT-08106;c:\Users\olive\OneDrive - Københavns Universitet\KUonedriveOW\9. Semester\Intro to Social Data Science\EXAM PROJECT
20240818153203;2024-08-18 15:58:32;200;38395;https://borgerforslag.dk/se-og-stoet-forslag/?Id=FT-07975;c:\Users\olive\OneDrive - Københavns Universitet\KUonedriveOW\9. Semester\Intro to Social Data Science\EXAM PROJECT
20240818153203;2024-08-18 15:58:34;200;40363;https://borgerforslag.dk/se-og-stoet-forslag/?Id=FT-08040;c:\Users\olive\OneDrive - Københavns Universitet\KUonedriveOW\9. Semester\Intro to Social Data Science\EXAM PROJECT
20240818153203;2024-08-18 15:58:35;200;36782;https://borgerforslag.dk/se-og-stoet-forslag/?Id=FT-08064;c:\Users\olive\OneDrive - Københavns Universitet\KUonedriveOW\9. Semester\Intro to Social Data Science\EXAM PROJECT
20240818153203;2024-08-18 15:58:37;200;36705;https://borgerforslag.dk/se-og-stoet-forslag/?Id=FT-07909;c:\Users\olive\OneDrive - Københavns Universitet\KUonedriveOW\9. Semester\Intro to Social Data Science\EXAM PROJECT
20240818153203;2024-08-18 15:58:39;200;36267;https://borgerforslag.dk/se-og-stoet-forslag/?Id=FT-07907;c:\Users\olive\OneDrive - Københavns Universitet\KUonedriveOW\9. Semester\Intro to Social Data Science\EXAM PROJECT
20240818153203;2024-08-18 15:58:41;200;36369;https://borgerforslag.dk/se-og-stoet-forslag/?Id=FT-08065;c:\Users\olive\OneDrive - Københavns Universitet\KUonedriveOW\9. Semester\Intro to Social Data Science\EXAM PROJECT
20240818153203;2024-08-18 15:58:43;200;36611;https://borgerforslag.dk/se-og-stoet-forslag/?Id=FT-07741;c:\Users\olive\OneDrive - Københavns Universitet\KUonedriveOW\9. Semester\Intro to Social Data Science\EXAM PROJECT
20240818153203;2024-08-18 15:58:45;200;38267;https://borgerforslag.dk/se-og-stoet-forslag/?Id=FT-07835;c:\Users\olive\OneDrive - Københavns Universitet\KUonedriveOW\9. Semester\Intro to Social Data Science\EXAM PROJECT
20240818153203;2024-08-18 15:58:46;200;35423;https://borgerforslag.dk/se-og-stoet-forslag/?Id=FT-07730;c:\Users\olive\OneDrive - Københavns Universitet\KUonedriveOW\9. Semester\Intro to Social Data Science\EXAM PROJECT
20240818153203;2024-08-18 15:58:48;200;35280;https://borgerforslag.dk/se-og-stoet-forslag/?Id=FT-08011;c:\Users\olive\OneDrive - Københavns Universitet\KUonedriveOW\9. Semester\Intro to Social Data Science\EXAM PROJECT
20240818153203;2024-08-18 15:58:50;200;36584;https://borgerforslag.dk/se-og-stoet-forslag/?Id=FT-08000;c:\Users\olive\OneDrive - Københavns Universitet\KUonedriveOW\9. Semester\Intro to Social Data Science\EXAM PROJECT
20240818153203;2024-08-18 15:58:51;200;37673;https://borgerforslag.dk/se-og-stoet-forslag/?Id=FT-07805;c:\Users\olive\OneDrive - Københavns Universitet\KUonedriveOW\9. Semester\Intro to Social Data Science\EXAM PROJECT
20240818153203;2024-08-18 15:58:53;200;37464;https://borgerforslag.dk/se-og-stoet-forslag/?Id=FT-07742;c:\Users\olive\OneDrive - Københavns Universitet\KUonedriveOW\9. Semester\Intro to Social Data Science\EXAM PROJECT
20240818153203;2024-08-18 15:58:54;200;35822;https://borgerforslag.dk/se-og-stoet-forslag/?Id=FT-07752;c:\Users\olive\OneDrive - Københavns Universitet\KUonedriveOW\9. Semester\Intro to Social Data Science\EXAM PROJECT
20240818153203;2024-08-18 15:58:55;200;35423;https://borgerforslag.dk/se-og-stoet-forslag/?Id=FT-07993;c:\Users\olive\OneDrive - Københavns Universitet\KUonedriveOW\9. Semester\Intro to Social Data Science\EXAM PROJECT
20240818153203;2024-08-18 15:58:57;200;35359;https://borgerforslag.dk/se-og-stoet-forslag/?Id=FT-07838;c:\Users\olive\OneDrive - Københavns Universitet\KUonedriveOW\9. Semester\Intro to Social Data Science\EXAM PROJECT
20240818153203;2024-08-18 15:58:59;200;36423;https://borgerforslag.dk/se-og-stoet-forslag/?Id=FT-07983;c:\Users\olive\OneDrive - Københavns Universitet\KUonedriveOW\9. Semester\Intro to Social Data Science\EXAM PROJECT
20240818153203;2024-08-18 15:59:01;200;37786;https://borgerforslag.dk/se-og-stoet-forslag/?Id=FT-07969;c:\Users\olive\OneDrive - Københavns Universitet\KUonedriveOW\9. Semester\Intro to Social Data Science\EXAM PROJECT
20240818153203;2024-08-18 15:59:03;200;36451;https://borgerforslag.dk/se-og-stoet-forslag/?Id=FT-07968;c:\Users\olive\OneDrive - Københavns Universitet\KUonedriveOW\9. Semester\Intro to Social Data Science\EXAM PROJECT
20240818153203;2024-08-18 15:59:05;200;38290;https://borgerforslag.dk/se-og-stoet-forslag/?Id=FT-07924;c:\Users\olive\OneDrive - Københavns Universitet\KUonedriveOW\9. Semester\Intro to Social Data Science\EXAM PROJECT
20240818153203;2024-08-18 15:59:06;200;36869;https://borgerforslag.dk/se-og-stoet-forslag/?Id=FT-07956;c:\Users\olive\OneDrive - Københavns Universitet\KUonedriveOW\9. Semester\Intro to Social Data Science\EXAM PROJECT
20240818153203;2024-08-18 15:59:08;200;39710;https://borgerforslag.dk/se-og-stoet-forslag/?Id=FT-07943;c:\Users\olive\OneDrive - Københavns Universitet\KUonedriveOW\9. Semester\Intro to Social Data Science\EXAM PROJECT
20240818153203;2024-08-18 15:59:10;200;35880;https://borgerforslag.dk/se-og-stoet-forslag/?Id=FT-07919;c:\Users\olive\OneDrive - Københavns Universitet\KUonedriveOW\9. Semester\Intro to Social Data Science\EXAM PROJECT
20240818153203;2024-08-18 15:59:12;200;38476;https://borgerforslag.dk/se-og-stoet-forslag/?Id=FT-07709;c:\Users\olive\OneDrive - Københavns Universitet\KUonedriveOW\9. Semester\Intro to Social Data Science\EXAM PROJECT
20240818153203;2024-08-18 15:59:13;200;36748;https://borgerforslag.dk/se-og-stoet-forslag/?Id=FT-07921;c:\Users\olive\OneDrive - Københavns Universitet\KUonedriveOW\9. Semester\Intro to Social Data Science\EXAM PROJECT
20240818153203;2024-08-18 15:59:15;200;36618;https://borgerforslag.dk/se-og-stoet-forslag/?Id=FT-07915;c:\Users\olive\OneDrive - Københavns Universitet\KUonedriveOW\9. Semester\Intro to Social Data Science\EXAM PROJECT
20240818153203;2024-08-18 15:59:17;200;39915;https://borgerforslag.dk/se-og-stoet-forslag/?Id=FT-07807;c:\Users\olive\OneDrive - Københavns Universitet\KUonedriveOW\9. Semester\Intro to Social Data Science\EXAM PROJECT
20240818153203;2024-08-18 15:59:19;200;35430;https://borgerforslag.dk/se-og-stoet-forslag/?Id=FT-07885;c:\Users\olive\OneDrive - Københavns Universitet\KUonedriveOW\9. Semester\Intro to Social Data Science\EXAM PROJECT
20240818153203;2024-08-18 15:59:21;200;42033;https://borgerforslag.dk/se-og-stoet-forslag/?Id=FT-07829;c:\Users\olive\OneDrive - Københavns Universitet\KUonedriveOW\9. Semester\Intro to Social Data Science\EXAM PROJECT
20240818153203;2024-08-18 15:59:23;200;35683;https://borgerforslag.dk/se-og-stoet-forslag/?Id=FT-07686;c:\Users\olive\OneDrive - Københavns Universitet\KUonedriveOW\9. Semester\Intro to Social Data Science\EXAM PROJECT
20240818153203;2024-08-18 15:59:25;200;37324;https://borgerforslag.dk/se-og-stoet-forslag/?Id=FT-07813;c:\Users\olive\OneDrive - Københavns Universitet\KUonedriveOW\9. Semester\Intro to Social Data Science\EXAM PROJECT
20240818153203;2024-08-18 15:59:27;200;36472;https://borgerforslag.dk/se-og-stoet-forslag/?Id=FT-07772;c:\Users\olive\OneDrive - Københavns Universitet\KUonedriveOW\9. Semester\Intro to Social Data Science\EXAM PROJECT
20240818153203;2024-08-18 15:59:29;200;41306;https://borgerforslag.dk/se-og-stoet-forslag/?Id=FT-07831;c:\Users\olive\OneDrive - Københavns Universitet\KUonedriveOW\9. Semester\Intro to Social Data Science\EXAM PROJECT
20240818153203;2024-08-18 15:59:31;200;37858;https://borgerforslag.dk/se-og-stoet-forslag/?Id=FT-07780;c:\Users\olive\OneDrive - Københavns Universitet\KUonedriveOW\9. Semester\Intro to Social Data Science\EXAM PROJECT
20240818153203;2024-08-18 15:59:32;200;37743;https://borgerforslag.dk/se-og-stoet-forslag/?Id=FT-07763;c:\Users\olive\OneDrive - Københavns Universitet\KUonedriveOW\9. Semester\Intro to Social Data Science\EXAM PROJECT
20240818153203;2024-08-18 15:59:34;200;38196;https://borgerforslag.dk/se-og-stoet-forslag/?Id=FT-07773;c:\Users\olive\OneDrive - Københavns Universitet\KUonedriveOW\9. Semester\Intro to Social Data Science\EXAM PROJECT
20240818153203;2024-08-18 15:59:37;200;37103;https://borgerforslag.dk/se-og-stoet-forslag/?Id=FT-07796;c:\Users\olive\OneDrive - Københavns Universitet\KUonedriveOW\9. Semester\Intro to Social Data Science\EXAM PROJECT
20240818153203;2024-08-18 15:59:38;200;35343;https://borgerforslag.dk/se-og-stoet-forslag/?Id=FT-07777;c:\Users\olive\OneDrive - Københavns Universitet\KUonedriveOW\9. Semester\Intro to Social Data Science\EXAM PROJECT
20240818153203;2024-08-18 15:59:40;200;38071;https://borgerforslag.dk/se-og-stoet-forslag/?Id=FT-07699;c:\Users\olive\OneDrive - Københavns Universitet\KUonedriveOW\9. Semester\Intro to Social Data Science\EXAM PROJECT
20240818153203;2024-08-18 15:59:42;200;38237;https://borgerforslag.dk/se-og-stoet-forslag/?Id=FT-07672;c:\Users\olive\OneDrive - Københavns Universitet\KUonedriveOW\9. Semester\Intro to Social Data Science\EXAM PROJECT
20240818153203;2024-08-18 15:59:43;200;39173;https://borgerforslag.dk/se-og-stoet-forslag/?Id=FT-07677;c:\Users\olive\OneDrive - Københavns Universitet\KUonedriveOW\9. Semester\Intro to Social Data Science\EXAM PROJECT
20240818153203;2024-08-18 15:59:45;200;36600;https://borgerforslag.dk/se-og-stoet-forslag/?Id=FT-07628;c:\Users\olive\OneDrive - Københavns Universitet\KUonedriveOW\9. Semester\Intro to Social Data Science\EXAM PROJECT
20240818153203;2024-08-18 15:59:47;200;35924;https://borgerforslag.dk/se-og-stoet-forslag/?Id=FT-07671;c:\Users\olive\OneDrive - Københavns Universitet\KUonedriveOW\9. Semester\Intro to Social Data Science\EXAM PROJECT
20240818153203;2024-08-18 15:59:49;200;34894;https://borgerforslag.dk/se-og-stoet-forslag/?Id=FT-07657;c:\Users\olive\OneDrive - Københavns Universitet\KUonedriveOW\9. Semester\Intro to Social Data Science\EXAM PROJECT
20240818153203;2024-08-18 15:59:50;200;35107;https://borgerforslag.dk/se-og-stoet-forslag/?Id=FT-07631;c:\Users\olive\OneDrive - Københavns Universitet\KUonedriveOW\9. Semester\Intro to Social Data Science\EXAM PROJECT
20240818153203;2024-08-18 15:59:52;200;39409;https://borgerforslag.dk/se-og-stoet-forslag/?Id=FT-07576;c:\Users\olive\OneDrive - Københavns Universitet\KUonedriveOW\9. Semester\Intro to Social Data Science\EXAM PROJECT
20240818153203;2024-08-18 15:59:54;200;42549;https://borgerforslag.dk/se-og-stoet-forslag/?Id=FT-07711;c:\Users\olive\OneDrive - Københavns Universitet\KUonedriveOW\9. Semester\Intro to Social Data Science\EXAM PROJECT
20240818153203;2024-08-18 15:59:56;200;39970;https://borgerforslag.dk/se-og-stoet-forslag/?Id=FT-07640;c:\Users\olive\OneDrive - Københavns Universitet\KUonedriveOW\9. Semester\Intro to Social Data Science\EXAM PROJECT
20240818153203;2024-08-18 15:59:58;200;37596;https://borgerforslag.dk/se-og-stoet-forslag/?Id=FT-07624;c:\Users\olive\OneDrive - Københavns Universitet\KUonedriveOW\9. Semester\Intro to Social Data Science\EXAM PROJECT
20240818153203;2024-08-18 15:59:59;200;37812;https://borgerforslag.dk/se-og-stoet-forslag/?Id=FT-07601;c:\Users\olive\OneDrive - Københavns Universitet\KUonedriveOW\9. Semester\Intro to Social Data Science\EXAM PROJECT
20240818153203;2024-08-18 16:00:02;200;35558;https://borgerforslag.dk/se-og-stoet-forslag/?Id=FT-07587;c:\Users\olive\OneDrive - Københavns Universitet\KUonedriveOW\9. Semester\Intro to Social Data Science\EXAM PROJECT
20240818153203;2024-08-18 16:00:03;200;36624;https://borgerforslag.dk/se-og-stoet-forslag/?Id=FT-07526;c:\Users\olive\OneDrive - Københavns Universitet\KUonedriveOW\9. Semester\Intro to Social Data Science\EXAM PROJECT
20240818153203;2024-08-18 16:00:05;200;39289;https://borgerforslag.dk/se-og-stoet-forslag/?Id=FT-07590;c:\Users\olive\OneDrive - Københavns Universitet\KUonedriveOW\9. Semester\Intro to Social Data Science\EXAM PROJECT
20240818153203;2024-08-18 16:00:07;200;40386;https://borgerforslag.dk/se-og-stoet-forslag/?Id=FT-07573;c:\Users\olive\OneDrive - Københavns Universitet\KUonedriveOW\9. Semester\Intro to Social Data Science\EXAM PROJECT
20240818153203;2024-08-18 16:00:09;200;38238;https://borgerforslag.dk/se-og-stoet-forslag/?Id=FT-07538;c:\Users\olive\OneDrive - Københavns Universitet\KUonedriveOW\9. Semester\Intro to Social Data Science\EXAM PROJECT
20240818153203;2024-08-18 16:00:10;200;41376;https://borgerforslag.dk/se-og-stoet-forslag/?Id=FT-07502;c:\Users\olive\OneDrive - Københavns Universitet\KUonedriveOW\9. Semester\Intro to Social Data Science\EXAM PROJECT
20240818153203;2024-08-18 16:00:11;200;45866;https://borgerforslag.dk/se-og-stoet-forslag/?Id=FT-07534;c:\Users\olive\OneDrive - Københavns Universitet\KUonedriveOW\9. Semester\Intro to Social Data Science\EXAM PROJECT
20240818153203;2024-08-18 16:00:13;200;40528;https://borgerforslag.dk/se-og-stoet-forslag/?Id=FT-07493;c:\Users\olive\OneDrive - Københavns Universitet\KUonedriveOW\9. Semester\Intro to Social Data Science\EXAM PROJECT
20240818153203;2024-08-18 16:00:15;200;37170;https://borgerforslag.dk/se-og-stoet-forslag/?Id=FT-07523;c:\Users\olive\OneDrive - Københavns Universitet\KUonedriveOW\9. Semester\Intro to Social Data Science\EXAM PROJECT
20240818153203;2024-08-18 16:00:16;200;35963;https://borgerforslag.dk/se-og-stoet-forslag/?Id=FT-07519;c:\Users\olive\OneDrive - Københavns Universitet\KUonedriveOW\9. Semester\Intro to Social Data Science\EXAM PROJECT
20240818153203;2024-08-18 16:00:18;200;37795;https://borgerforslag.dk/se-og-stoet-forslag/?Id=FT-07491;c:\Users\olive\OneDrive - Københavns Universitet\KUonedriveOW\9. Semester\Intro to Social Data Science\EXAM PROJECT
20240818153203;2024-08-18 16:00:20;200;36442;https://borgerforslag.dk/se-og-stoet-forslag/?Id=FT-07569;c:\Users\olive\OneDrive - Københavns Universitet\KUonedriveOW\9. Semester\Intro to Social Data Science\EXAM PROJECT
20240818153203;2024-08-18 16:00:21;200;35028;https://borgerforslag.dk/se-og-stoet-forslag/?Id=FT-07570;c:\Users\olive\OneDrive - Københavns Universitet\KUonedriveOW\9. Semester\Intro to Social Data Science\EXAM PROJECT
20240818153203;2024-08-18 16:00:23;200;35660;https://borgerforslag.dk/se-og-stoet-forslag/?Id=FT-07449;c:\Users\olive\OneDrive - Københavns Universitet\KUonedriveOW\9. Semester\Intro to Social Data Science\EXAM PROJECT
20240818153203;2024-08-18 16:00:24;200;41478;https://borgerforslag.dk/se-og-stoet-forslag/?Id=FT-07541;c:\Users\olive\OneDrive - Københavns Universitet\KUonedriveOW\9. Semester\Intro to Social Data Science\EXAM PROJECT
20240818153203;2024-08-18 16:00:26;200;36878;https://borgerforslag.dk/se-og-stoet-forslag/?Id=FT-07524;c:\Users\olive\OneDrive - Københavns Universitet\KUonedriveOW\9. Semester\Intro to Social Data Science\EXAM PROJECT
20240818153203;2024-08-18 16:00:28;200;36342;https://borgerforslag.dk/se-og-stoet-forslag/?Id=FT-07512;c:\Users\olive\OneDrive - Københavns Universitet\KUonedriveOW\9. Semester\Intro to Social Data Science\EXAM PROJECT
20240818153203;2024-08-18 16:00:30;200;37035;https://borgerforslag.dk/se-og-stoet-forslag/?Id=FT-07511;c:\Users\olive\OneDrive - Københavns Universitet\KUonedriveOW\9. Semester\Intro to Social Data Science\EXAM PROJECT
20240818153203;2024-08-18 16:00:31;200;35735;https://borgerforslag.dk/se-og-stoet-forslag/?Id=FT-07507;c:\Users\olive\OneDrive - Københavns Universitet\KUonedriveOW\9. Semester\Intro to Social Data Science\EXAM PROJECT
20240818153203;2024-08-18 16:00:33;200;46657;https://borgerforslag.dk/se-og-stoet-forslag/?Id=FT-07361;c:\Users\olive\OneDrive - Københavns Universitet\KUonedriveOW\9. Semester\Intro to Social Data Science\EXAM PROJECT
20240818153203;2024-08-18 16:00:35;200;42435;https://borgerforslag.dk/se-og-stoet-forslag/?Id=FT-07417;c:\Users\olive\OneDrive - Københavns Universitet\KUonedriveOW\9. Semester\Intro to Social Data Science\EXAM PROJECT
20240818153203;2024-08-18 16:00:37;200;46889;https://borgerforslag.dk/se-og-stoet-forslag/?Id=FT-07303;c:\Users\olive\OneDrive - Københavns Universitet\KUonedriveOW\9. Semester\Intro to Social Data Science\EXAM PROJECT
20240818153203;2024-08-18 16:00:38;200;41683;https://borgerforslag.dk/se-og-stoet-forslag/?Id=FT-07466;c:\Users\olive\OneDrive - Københavns Universitet\KUonedriveOW\9. Semester\Intro to Social Data Science\EXAM PROJECT
20240818153203;2024-08-18 16:00:40;200;42037;https://borgerforslag.dk/se-og-stoet-forslag/?Id=FT-07332;c:\Users\olive\OneDrive - Københavns Universitet\KUonedriveOW\9. Semester\Intro to Social Data Science\EXAM PROJECT
20240818153203;2024-08-18 16:00:41;200;35683;https://borgerforslag.dk/se-og-stoet-forslag/?Id=FT-07406;c:\Users\olive\OneDrive - Københavns Universitet\KUonedriveOW\9. Semester\Intro to Social Data Science\EXAM PROJECT
20240818153203;2024-08-18 16:00:43;200;37765;https://borgerforslag.dk/se-og-stoet-forslag/?Id=FT-07458;c:\Users\olive\OneDrive - Københavns Universitet\KUonedriveOW\9. Semester\Intro to Social Data Science\EXAM PROJECT
20240818153203;2024-08-18 16:00:45;200;36048;https://borgerforslag.dk/se-og-stoet-forslag/?Id=FT-07376;c:\Users\olive\OneDrive - Københavns Universitet\KUonedriveOW\9. Semester\Intro to Social Data Science\EXAM PROJECT
20240818153203;2024-08-18 16:00:46;200;36397;https://borgerforslag.dk/se-og-stoet-forslag/?Id=FT-07365;c:\Users\olive\OneDrive - Københavns Universitet\KUonedriveOW\9. Semester\Intro to Social Data Science\EXAM PROJECT
20240818153203;2024-08-18 16:00:48;200;38892;https://borgerforslag.dk/se-og-stoet-forslag/?Id=FT-07424;c:\Users\olive\OneDrive - Københavns Universitet\KUonedriveOW\9. Semester\Intro to Social Data Science\EXAM PROJECT
20240818153203;2024-08-18 16:00:50;200;34982;https://borgerforslag.dk/se-og-stoet-forslag/?Id=FT-07094;c:\Users\olive\OneDrive - Københavns Universitet\KUonedriveOW\9. Semester\Intro to Social Data Science\EXAM PROJECT
20240818153203;2024-08-18 16:00:51;200;39775;https://borgerforslag.dk/se-og-stoet-forslag/?Id=FT-07419;c:\Users\olive\OneDrive - Københavns Universitet\KUonedriveOW\9. Semester\Intro to Social Data Science\EXAM PROJECT
20240818153203;2024-08-18 16:00:53;200;36018;https://borgerforslag.dk/se-og-stoet-forslag/?Id=FT-07322;c:\Users\olive\OneDrive - Københavns Universitet\KUonedriveOW\9. Semester\Intro to Social Data Science\EXAM PROJECT
20240818153203;2024-08-18 16:00:55;200;38945;https://borgerforslag.dk/se-og-stoet-forslag/?Id=FT-07228;c:\Users\olive\OneDrive - Københavns Universitet\KUonedriveOW\9. Semester\Intro to Social Data Science\EXAM PROJECT
20240818153203;2024-08-18 16:00:56;200;41295;https://borgerforslag.dk/se-og-stoet-forslag/?Id=FT-07149;c:\Users\olive\OneDrive - Københavns Universitet\KUonedriveOW\9. Semester\Intro to Social Data Science\EXAM PROJECT
20240818153203;2024-08-18 16:00:58;200;35870;https://borgerforslag.dk/se-og-stoet-forslag/?Id=FT-07194;c:\Users\olive\OneDrive - Københavns Universitet\KUonedriveOW\9. Semester\Intro to Social Data Science\EXAM PROJECT
20240818153203;2024-08-18 16:00:59;200;38256;https://borgerforslag.dk/se-og-stoet-forslag/?Id=FT-07352;c:\Users\olive\OneDrive - Københavns Universitet\KUonedriveOW\9. Semester\Intro to Social Data Science\EXAM PROJECT
20240818153203;2024-08-18 16:01:01;200;36206;https://borgerforslag.dk/se-og-stoet-forslag/?Id=FT-07351;c:\Users\olive\OneDrive - Københavns Universitet\KUonedriveOW\9. Semester\Intro to Social Data Science\EXAM PROJECT
20240818153203;2024-08-18 16:01:02;200;35133;https://borgerforslag.dk/se-og-stoet-forslag/?Id=FT-07276;c:\Users\olive\OneDrive - Københavns Universitet\KUonedriveOW\9. Semester\Intro to Social Data Science\EXAM PROJECT
20240818153203;2024-08-18 16:01:05;200;37470;https://borgerforslag.dk/se-og-stoet-forslag/?Id=FT-07186;c:\Users\olive\OneDrive - Københavns Universitet\KUonedriveOW\9. Semester\Intro to Social Data Science\EXAM PROJECT
20240818153203;2024-08-18 16:01:07;200;37003;https://borgerforslag.dk/se-og-stoet-forslag/?Id=FT-07173;c:\Users\olive\OneDrive - Københavns Universitet\KUonedriveOW\9. Semester\Intro to Social Data Science\EXAM PROJECT
20240818153203;2024-08-18 16:01:09;200;37795;https://borgerforslag.dk/se-og-stoet-forslag/?Id=FT-07354;c:\Users\olive\OneDrive - Københavns Universitet\KUonedriveOW\9. Semester\Intro to Social Data Science\EXAM PROJECT
20240818153203;2024-08-18 16:01:11;200;36267;https://borgerforslag.dk/se-og-stoet-forslag/?Id=FT-07350;c:\Users\olive\OneDrive - Københavns Universitet\KUonedriveOW\9. Semester\Intro to Social Data Science\EXAM PROJECT
20240818153203;2024-08-18 16:01:13;200;37918;https://borgerforslag.dk/se-og-stoet-forslag/?Id=FT-07170;c:\Users\olive\OneDrive - Københavns Universitet\KUonedriveOW\9. Semester\Intro to Social Data Science\EXAM PROJECT
20240818153203;2024-08-18 16:01:14;200;36495;https://borgerforslag.dk/se-og-stoet-forslag/?Id=FT-07162;c:\Users\olive\OneDrive - Københavns Universitet\KUonedriveOW\9. Semester\Intro to Social Data Science\EXAM PROJECT
20240818153203;2024-08-18 16:01:15;200;36172;https://borgerforslag.dk/se-og-stoet-forslag/?Id=FT-07182;c:\Users\olive\OneDrive - Københavns Universitet\KUonedriveOW\9. Semester\Intro to Social Data Science\EXAM PROJECT
20240818153203;2024-08-18 16:01:18;200;42279;https://borgerforslag.dk/se-og-stoet-forslag/?Id=FT-07299;c:\Users\olive\OneDrive - Københavns Universitet\KUonedriveOW\9. Semester\Intro to Social Data Science\EXAM PROJECT
20240818153203;2024-08-18 16:01:20;200;47090;https://borgerforslag.dk/se-og-stoet-forslag/?Id=FT-07010;c:\Users\olive\OneDrive - Københavns Universitet\KUonedriveOW\9. Semester\Intro to Social Data Science\EXAM PROJECT
20240818153203;2024-08-18 16:01:22;200;42882;https://borgerforslag.dk/se-og-stoet-forslag/?Id=FT-06584;c:\Users\olive\OneDrive - Københavns Universitet\KUonedriveOW\9. Semester\Intro to Social Data Science\EXAM PROJECT
20240818153203;2024-08-18 16:01:23;200;45702;https://borgerforslag.dk/se-og-stoet-forslag/?Id=FT-07091;c:\Users\olive\OneDrive - Københavns Universitet\KUonedriveOW\9. Semester\Intro to Social Data Science\EXAM PROJECT
20240818153203;2024-08-18 16:01:25;200;36845;https://borgerforslag.dk/se-og-stoet-forslag/?Id=FT-07053;c:\Users\olive\OneDrive - Københavns Universitet\KUonedriveOW\9. Semester\Intro to Social Data Science\EXAM PROJECT
20240818153203;2024-08-18 16:01:26;200;36258;https://borgerforslag.dk/se-og-stoet-forslag/?Id=FT-07239;c:\Users\olive\OneDrive - Københavns Universitet\KUonedriveOW\9. Semester\Intro to Social Data Science\EXAM PROJECT
20240818153203;2024-08-18 16:01:28;200;47473;https://borgerforslag.dk/se-og-stoet-forslag/?Id=FT-07167;c:\Users\olive\OneDrive - Københavns Universitet\KUonedriveOW\9. Semester\Intro to Social Data Science\EXAM PROJECT
20240818153203;2024-08-18 16:01:29;200;36053;https://borgerforslag.dk/se-og-stoet-forslag/?Id=FT-07095;c:\Users\olive\OneDrive - Københavns Universitet\KUonedriveOW\9. Semester\Intro to Social Data Science\EXAM PROJECT
20240818153203;2024-08-18 16:01:31;200;36514;https://borgerforslag.dk/se-og-stoet-forslag/?Id=FT-07246;c:\Users\olive\OneDrive - Københavns Universitet\KUonedriveOW\9. Semester\Intro to Social Data Science\EXAM PROJECT
20240818153203;2024-08-18 16:01:33;200;41651;https://borgerforslag.dk/se-og-stoet-forslag/?Id=FT-07177;c:\Users\olive\OneDrive - Københavns Universitet\KUonedriveOW\9. Semester\Intro to Social Data Science\EXAM PROJECT
20240818153203;2024-08-18 16:01:35;200;38923;https://borgerforslag.dk/se-og-stoet-forslag/?Id=FT-07243;c:\Users\olive\OneDrive - Københavns Universitet\KUonedriveOW\9. Semester\Intro to Social Data Science\EXAM PROJECT
20240818153203;2024-08-18 16:01:36;200;34898;https://borgerforslag.dk/se-og-stoet-forslag/?Id=FT-07258;c:\Users\olive\OneDrive - Københavns Universitet\KUonedriveOW\9. Semester\Intro to Social Data Science\EXAM PROJECT
20240818153203;2024-08-18 16:01:38;200;36039;https://borgerforslag.dk/se-og-stoet-forslag/?Id=FT-07220;c:\Users\olive\OneDrive - Københavns Universitet\KUonedriveOW\9. Semester\Intro to Social Data Science\EXAM PROJECT
20240818153203;2024-08-18 16:01:40;200;35790;https://borgerforslag.dk/se-og-stoet-forslag/?Id=FT-06972;c:\Users\olive\OneDrive - Københavns Universitet\KUonedriveOW\9. Semester\Intro to Social Data Science\EXAM PROJECT
20240818153203;2024-08-18 16:01:42;200;39303;https://borgerforslag.dk/se-og-stoet-forslag/?Id=FT-06813;c:\Users\olive\OneDrive - Københavns Universitet\KUonedriveOW\9. Semester\Intro to Social Data Science\EXAM PROJECT
20240818153203;2024-08-18 16:01:43;200;35135;https://borgerforslag.dk/se-og-stoet-forslag/?Id=FT-06875;c:\Users\olive\OneDrive - Københavns Universitet\KUonedriveOW\9. Semester\Intro to Social Data Science\EXAM PROJECT
20240818153203;2024-08-18 16:01:46;200;40036;https://borgerforslag.dk/se-og-stoet-forslag/?Id=FT-07207;c:\Users\olive\OneDrive - Københavns Universitet\KUonedriveOW\9. Semester\Intro to Social Data Science\EXAM PROJECT
20240818153203;2024-08-18 16:01:48;200;35773;https://borgerforslag.dk/se-og-stoet-forslag/?Id=FT-07209;c:\Users\olive\OneDrive - Københavns Universitet\KUonedriveOW\9. Semester\Intro to Social Data Science\EXAM PROJECT
20240818153203;2024-08-18 16:01:50;200;35992;https://borgerforslag.dk/se-og-stoet-forslag/?Id=FT-07090;c:\Users\olive\OneDrive - Københavns Universitet\KUonedriveOW\9. Semester\Intro to Social Data Science\EXAM PROJECT
20240818153203;2024-08-18 16:01:51;200;36995;https://borgerforslag.dk/se-og-stoet-forslag/?Id=FT-06904;c:\Users\olive\OneDrive - Københavns Universitet\KUonedriveOW\9. Semester\Intro to Social Data Science\EXAM PROJECT
20240818153203;2024-08-18 16:01:53;200;37960;https://borgerforslag.dk/se-og-stoet-forslag/?Id=FT-06855;c:\Users\olive\OneDrive - Københavns Universitet\KUonedriveOW\9. Semester\Intro to Social Data Science\EXAM PROJECT
20240818153203;2024-08-18 16:01:55;200;43752;https://borgerforslag.dk/se-og-stoet-forslag/?Id=FT-07160;c:\Users\olive\OneDrive - Københavns Universitet\KUonedriveOW\9. Semester\Intro to Social Data Science\EXAM PROJECT
20240818153203;2024-08-18 16:01:57;200;36825;https://borgerforslag.dk/se-og-stoet-forslag/?Id=FT-06912;c:\Users\olive\OneDrive - Københavns Universitet\KUonedriveOW\9. Semester\Intro to Social Data Science\EXAM PROJECT
20240818153203;2024-08-18 16:01:58;200;38846;https://borgerforslag.dk/se-og-stoet-forslag/?Id=FT-07156;c:\Users\olive\OneDrive - Københavns Universitet\KUonedriveOW\9. Semester\Intro to Social Data Science\EXAM PROJECT
20240818153203;2024-08-18 16:02:00;200;36282;https://borgerforslag.dk/se-og-stoet-forslag/?Id=FT-06872;c:\Users\olive\OneDrive - Københavns Universitet\KUonedriveOW\9. Semester\Intro to Social Data Science\EXAM PROJECT
20240818153203;2024-08-18 16:02:02;200;36641;https://borgerforslag.dk/se-og-stoet-forslag/?Id=FT-06913;c:\Users\olive\OneDrive - Københavns Universitet\KUonedriveOW\9. Semester\Intro to Social Data Science\EXAM PROJECT
20240818153203;2024-08-18 16:02:03;200;36044;https://borgerforslag.dk/se-og-stoet-forslag/?Id=FT-07071;c:\Users\olive\OneDrive - Københavns Universitet\KUonedriveOW\9. Semester\Intro to Social Data Science\EXAM PROJECT
20240818153203;2024-08-18 16:02:05;200;37517;https://borgerforslag.dk/se-og-stoet-forslag/?Id=FT-07041;c:\Users\olive\OneDrive - Københavns Universitet\KUonedriveOW\9. Semester\Intro to Social Data Science\EXAM PROJECT
20240818153203;2024-08-18 16:02:06;200;39433;https://borgerforslag.dk/se-og-stoet-forslag/?Id=FT-06899;c:\Users\olive\OneDrive - Københavns Universitet\KUonedriveOW\9. Semester\Intro to Social Data Science\EXAM PROJECT
20240818153203;2024-08-18 16:02:08;200;38234;https://borgerforslag.dk/se-og-stoet-forslag/?Id=FT-06866;c:\Users\olive\OneDrive - Københavns Universitet\KUonedriveOW\9. Semester\Intro to Social Data Science\EXAM PROJECT
20240818153203;2024-08-18 16:02:10;200;38946;https://borgerforslag.dk/se-og-stoet-forslag/?Id=FT-06838;c:\Users\olive\OneDrive - Københavns Universitet\KUonedriveOW\9. Semester\Intro to Social Data Science\EXAM PROJECT
20240818153203;2024-08-18 16:02:12;200;37444;https://borgerforslag.dk/se-og-stoet-forslag/?Id=FT-07085;c:\Users\olive\OneDrive - Københavns Universitet\KUonedriveOW\9. Semester\Intro to Social Data Science\EXAM PROJECT
20240818153203;2024-08-18 16:02:14;200;37222;https://borgerforslag.dk/se-og-stoet-forslag/?Id=FT-06950;c:\Users\olive\OneDrive - Københavns Universitet\KUonedriveOW\9. Semester\Intro to Social Data Science\EXAM PROJECT
20240818153203;2024-08-18 16:02:16;200;35592;https://borgerforslag.dk/se-og-stoet-forslag/?Id=FT-06524;c:\Users\olive\OneDrive - Københavns Universitet\KUonedriveOW\9. Semester\Intro to Social Data Science\EXAM PROJECT
20240818153203;2024-08-18 16:02:18;200;42445;https://borgerforslag.dk/se-og-stoet-forslag/?Id=FT-06640;c:\Users\olive\OneDrive - Københavns Universitet\KUonedriveOW\9. Semester\Intro to Social Data Science\EXAM PROJECT
20240818153203;2024-08-18 16:02:20;200;36976;https://borgerforslag.dk/se-og-stoet-forslag/?Id=FT-06777;c:\Users\olive\OneDrive - Københavns Universitet\KUonedriveOW\9. Semester\Intro to Social Data Science\EXAM PROJECT
20240818153203;2024-08-18 16:02:22;200;40499;https://borgerforslag.dk/se-og-stoet-forslag/?Id=FT-06794;c:\Users\olive\OneDrive - Københavns Universitet\KUonedriveOW\9. Semester\Intro to Social Data Science\EXAM PROJECT
20240818153203;2024-08-18 16:02:23;200;38566;https://borgerforslag.dk/se-og-stoet-forslag/?Id=FT-06989;c:\Users\olive\OneDrive - Københavns Universitet\KUonedriveOW\9. Semester\Intro to Social Data Science\EXAM PROJECT
20240818153203;2024-08-18 16:02:25;200;36095;https://borgerforslag.dk/se-og-stoet-forslag/?Id=FT-07020;c:\Users\olive\OneDrive - Københavns Universitet\KUonedriveOW\9. Semester\Intro to Social Data Science\EXAM PROJECT
20240818153203;2024-08-18 16:02:26;200;36274;https://borgerforslag.dk/se-og-stoet-forslag/?Id=FT-07047;c:\Users\olive\OneDrive - Københavns Universitet\KUonedriveOW\9. Semester\Intro to Social Data Science\EXAM PROJECT
20240818153203;2024-08-18 16:02:28;200;36395;https://borgerforslag.dk/se-og-stoet-forslag/?Id=FT-06915;c:\Users\olive\OneDrive - Københavns Universitet\KUonedriveOW\9. Semester\Intro to Social Data Science\EXAM PROJECT
20240818153203;2024-08-18 16:02:30;200;36016;https://borgerforslag.dk/se-og-stoet-forslag/?Id=FT-07026;c:\Users\olive\OneDrive - Københavns Universitet\KUonedriveOW\9. Semester\Intro to Social Data Science\EXAM PROJECT
20240818153203;2024-08-18 16:02:32;200;37083;https://borgerforslag.dk/se-og-stoet-forslag/?Id=FT-06876;c:\Users\olive\OneDrive - Københavns Universitet\KUonedriveOW\9. Semester\Intro to Social Data Science\EXAM PROJECT
20240818153203;2024-08-18 16:02:34;200;40201;https://borgerforslag.dk/se-og-stoet-forslag/?Id=FT-06674;c:\Users\olive\OneDrive - Københavns Universitet\KUonedriveOW\9. Semester\Intro to Social Data Science\EXAM PROJECT
20240818153203;2024-08-18 16:02:36;200;36273;https://borgerforslag.dk/se-og-stoet-forslag/?Id=FT-06911;c:\Users\olive\OneDrive - Københavns Universitet\KUonedriveOW\9. Semester\Intro to Social Data Science\EXAM PROJECT
20240818153203;2024-08-18 16:02:37;200;45190;https://borgerforslag.dk/se-og-stoet-forslag/?Id=FT-06922;c:\Users\olive\OneDrive - Københavns Universitet\KUonedriveOW\9. Semester\Intro to Social Data Science\EXAM PROJECT
20240818153203;2024-08-18 16:02:39;200;36424;https://borgerforslag.dk/se-og-stoet-forslag/?Id=FT-06877;c:\Users\olive\OneDrive - Københavns Universitet\KUonedriveOW\9. Semester\Intro to Social Data Science\EXAM PROJECT
20240818153203;2024-08-18 16:02:41;200;37118;https://borgerforslag.dk/se-og-stoet-forslag/?Id=FT-06944;c:\Users\olive\OneDrive - Københavns Universitet\KUonedriveOW\9. Semester\Intro to Social Data Science\EXAM PROJECT
20240818153203;2024-08-18 16:02:43;200;37439;https://borgerforslag.dk/se-og-stoet-forslag/?Id=FT-06867;c:\Users\olive\OneDrive - Københavns Universitet\KUonedriveOW\9. Semester\Intro to Social Data Science\EXAM PROJECT
20240818153203;2024-08-18 16:02:44;200;35598;https://borgerforslag.dk/se-og-stoet-forslag/?Id=FT-06767;c:\Users\olive\OneDrive - Københavns Universitet\KUonedriveOW\9. Semester\Intro to Social Data Science\EXAM PROJECT
20240818153203;2024-08-18 16:02:46;200;37429;https://borgerforslag.dk/se-og-stoet-forslag/?Id=FT-06930;c:\Users\olive\OneDrive - Københavns Universitet\KUonedriveOW\9. Semester\Intro to Social Data Science\EXAM PROJECT
20240818153203;2024-08-18 16:02:48;200;35769;https://borgerforslag.dk/se-og-stoet-forslag/?Id=FT-06937;c:\Users\olive\OneDrive - Københavns Universitet\KUonedriveOW\9. Semester\Intro to Social Data Science\EXAM PROJECT
20240818153203;2024-08-18 16:02:49;200;35866;https://borgerforslag.dk/se-og-stoet-forslag/?Id=FT-06593;c:\Users\olive\OneDrive - Københavns Universitet\KUonedriveOW\9. Semester\Intro to Social Data Science\EXAM PROJECT
20240818153203;2024-08-18 16:02:50;200;36287;https://borgerforslag.dk/se-og-stoet-forslag/?Id=FT-06907;c:\Users\olive\OneDrive - Københavns Universitet\KUonedriveOW\9. Semester\Intro to Social Data Science\EXAM PROJECT
20240818153203;2024-08-18 16:02:52;200;37750;https://borgerforslag.dk/se-og-stoet-forslag/?Id=FT-06778;c:\Users\olive\OneDrive - Københavns Universitet\KUonedriveOW\9. Semester\Intro to Social Data Science\EXAM PROJECT
20240818153203;2024-08-18 16:02:54;200;48127;https://borgerforslag.dk/se-og-stoet-forslag/?Id=FT-06850;c:\Users\olive\OneDrive - Københavns Universitet\KUonedriveOW\9. Semester\Intro to Social Data Science\EXAM PROJECT
20240818153203;2024-08-18 16:02:56;200;36646;https://borgerforslag.dk/se-og-stoet-forslag/?Id=FT-06700;c:\Users\olive\OneDrive - Københavns Universitet\KUonedriveOW\9. Semester\Intro to Social Data Science\EXAM PROJECT
20240818153203;2024-08-18 16:02:58;200;36503;https://borgerforslag.dk/se-og-stoet-forslag/?Id=FT-06874;c:\Users\olive\OneDrive - Københavns Universitet\KUonedriveOW\9. Semester\Intro to Social Data Science\EXAM PROJECT
20240818153203;2024-08-18 16:02:59;200;37007;https://borgerforslag.dk/se-og-stoet-forslag/?Id=FT-06774;c:\Users\olive\OneDrive - Københavns Universitet\KUonedriveOW\9. Semester\Intro to Social Data Science\EXAM PROJECT
20240818153203;2024-08-18 16:03:01;200;38124;https://borgerforslag.dk/se-og-stoet-forslag/?Id=FT-06555;c:\Users\olive\OneDrive - Københavns Universitet\KUonedriveOW\9. Semester\Intro to Social Data Science\EXAM PROJECT
20240818153203;2024-08-18 16:03:03;200;37118;https://borgerforslag.dk/se-og-stoet-forslag/?Id=FT-06750;c:\Users\olive\OneDrive - Københavns Universitet\KUonedriveOW\9. Semester\Intro to Social Data Science\EXAM PROJECT
20240818153203;2024-08-18 16:03:04;200;36347;https://borgerforslag.dk/se-og-stoet-forslag/?Id=FT-06622;c:\Users\olive\OneDrive - Københavns Universitet\KUonedriveOW\9. Semester\Intro to Social Data Science\EXAM PROJECT
20240818153203;2024-08-18 16:03:06;200;36829;https://borgerforslag.dk/se-og-stoet-forslag/?Id=FT-06835;c:\Users\olive\OneDrive - Københavns Universitet\KUonedriveOW\9. Semester\Intro to Social Data Science\EXAM PROJECT
20240818153203;2024-08-18 16:03:08;200;36744;https://borgerforslag.dk/se-og-stoet-forslag/?Id=FT-06540;c:\Users\olive\OneDrive - Københavns Universitet\KUonedriveOW\9. Semester\Intro to Social Data Science\EXAM PROJECT
20240818153203;2024-08-18 16:03:10;200;38205;https://borgerforslag.dk/se-og-stoet-forslag/?Id=FT-06546;c:\Users\olive\OneDrive - Københavns Universitet\KUonedriveOW\9. Semester\Intro to Social Data Science\EXAM PROJECT
20240818153203;2024-08-18 16:03:11;200;37991;https://borgerforslag.dk/se-og-stoet-forslag/?Id=FT-06820;c:\Users\olive\OneDrive - Københavns Universitet\KUonedriveOW\9. Semester\Intro to Social Data Science\EXAM PROJECT
20240818153203;2024-08-18 16:03:13;200;35979;https://borgerforslag.dk/se-og-stoet-forslag/?Id=FT-06818;c:\Users\olive\OneDrive - Københavns Universitet\KUonedriveOW\9. Semester\Intro to Social Data Science\EXAM PROJECT
20240818153203;2024-08-18 16:03:15;200;35494;https://borgerforslag.dk/se-og-stoet-forslag/?Id=FT-06731;c:\Users\olive\OneDrive - Københavns Universitet\KUonedriveOW\9. Semester\Intro to Social Data Science\EXAM PROJECT
20240818153203;2024-08-18 16:03:17;200;36395;https://borgerforslag.dk/se-og-stoet-forslag/?Id=FT-06807;c:\Users\olive\OneDrive - Københavns Universitet\KUonedriveOW\9. Semester\Intro to Social Data Science\EXAM PROJECT
20240818153203;2024-08-18 16:03:18;200;37436;https://borgerforslag.dk/se-og-stoet-forslag/?Id=FT-06552;c:\Users\olive\OneDrive - Københavns Universitet\KUonedriveOW\9. Semester\Intro to Social Data Science\EXAM PROJECT
20240818153203;2024-08-18 16:03:20;200;40259;https://borgerforslag.dk/se-og-stoet-forslag/?Id=FT-06804;c:\Users\olive\OneDrive - Københavns Universitet\KUonedriveOW\9. Semester\Intro to Social Data Science\EXAM PROJECT
20240818153203;2024-08-18 16:03:22;200;38569;https://borgerforslag.dk/se-og-stoet-forslag/?Id=FT-06601;c:\Users\olive\OneDrive - Københavns Universitet\KUonedriveOW\9. Semester\Intro to Social Data Science\EXAM PROJECT
20240818153203;2024-08-18 16:03:23;200;37791;https://borgerforslag.dk/se-og-stoet-forslag/?Id=FT-06680;c:\Users\olive\OneDrive - Københavns Universitet\KUonedriveOW\9. Semester\Intro to Social Data Science\EXAM PROJECT
20240818153203;2024-08-18 16:03:25;200;38044;https://borgerforslag.dk/se-og-stoet-forslag/?Id=FT-06645;c:\Users\olive\OneDrive - Københavns Universitet\KUonedriveOW\9. Semester\Intro to Social Data Science\EXAM PROJECT
20240818153203;2024-08-18 16:03:26;200;39546;https://borgerforslag.dk/se-og-stoet-forslag/?Id=FT-06643;c:\Users\olive\OneDrive - Københavns Universitet\KUonedriveOW\9. Semester\Intro to Social Data Science\EXAM PROJECT
20240818153203;2024-08-18 16:03:28;200;35497;https://borgerforslag.dk/se-og-stoet-forslag/?Id=FT-06490;c:\Users\olive\OneDrive - Københavns Universitet\KUonedriveOW\9. Semester\Intro to Social Data Science\EXAM PROJECT
20240818153203;2024-08-18 16:03:30;200;35704;https://borgerforslag.dk/se-og-stoet-forslag/?Id=FT-06491;c:\Users\olive\OneDrive - Københavns Universitet\KUonedriveOW\9. Semester\Intro to Social Data Science\EXAM PROJECT
20240818153203;2024-08-18 16:03:32;200;37966;https://borgerforslag.dk/se-og-stoet-forslag/?Id=FT-06444;c:\Users\olive\OneDrive - Københavns Universitet\KUonedriveOW\9. Semester\Intro to Social Data Science\EXAM PROJECT
20240818153203;2024-08-18 16:03:33;200;39964;https://borgerforslag.dk/se-og-stoet-forslag/?Id=FT-06440;c:\Users\olive\OneDrive - Københavns Universitet\KUonedriveOW\9. Semester\Intro to Social Data Science\EXAM PROJECT
20240818153203;2024-08-18 16:03:35;200;36672;https://borgerforslag.dk/se-og-stoet-forslag/?Id=FT-06442;c:\Users\olive\OneDrive - Københavns Universitet\KUonedriveOW\9. Semester\Intro to Social Data Science\EXAM PROJECT
20240818153203;2024-08-18 16:03:37;200;36100;https://borgerforslag.dk/se-og-stoet-forslag/?Id=FT-06659;c:\Users\olive\OneDrive - Københavns Universitet\KUonedriveOW\9. Semester\Intro to Social Data Science\EXAM PROJECT
20240818153203;2024-08-18 16:03:39;200;35099;https://borgerforslag.dk/se-og-stoet-forslag/?Id=FT-06636;c:\Users\olive\OneDrive - Københavns Universitet\KUonedriveOW\9. Semester\Intro to Social Data Science\EXAM PROJECT
20240818153203;2024-08-18 16:03:40;200;36562;https://borgerforslag.dk/se-og-stoet-forslag/?Id=FT-06607;c:\Users\olive\OneDrive - Københavns Universitet\KUonedriveOW\9. Semester\Intro to Social Data Science\EXAM PROJECT
20240818153203;2024-08-18 16:03:42;200;37011;https://borgerforslag.dk/se-og-stoet-forslag/?Id=FT-06561;c:\Users\olive\OneDrive - Københavns Universitet\KUonedriveOW\9. Semester\Intro to Social Data Science\EXAM PROJECT
20240818153203;2024-08-18 16:03:44;200;37778;https://borgerforslag.dk/se-og-stoet-forslag/?Id=FT-06528;c:\Users\olive\OneDrive - Københavns Universitet\KUonedriveOW\9. Semester\Intro to Social Data Science\EXAM PROJECT
20240818153203;2024-08-18 16:03:45;200;37604;https://borgerforslag.dk/se-og-stoet-forslag/?Id=FT-06342;c:\Users\olive\OneDrive - Københavns Universitet\KUonedriveOW\9. Semester\Intro to Social Data Science\EXAM PROJECT
20240818153203;2024-08-18 16:03:47;200;35668;https://borgerforslag.dk/se-og-stoet-forslag/?Id=FT-06389;c:\Users\olive\OneDrive - Københavns Universitet\KUonedriveOW\9. Semester\Intro to Social Data Science\EXAM PROJECT
20240818153203;2024-08-18 16:03:49;200;37990;https://borgerforslag.dk/se-og-stoet-forslag/?Id=FT-06405;c:\Users\olive\OneDrive - Københavns Universitet\KUonedriveOW\9. Semester\Intro to Social Data Science\EXAM PROJECT
20240818153203;2024-08-18 16:03:51;200;37481;https://borgerforslag.dk/se-og-stoet-forslag/?Id=FT-06268;c:\Users\olive\OneDrive - Københavns Universitet\KUonedriveOW\9. Semester\Intro to Social Data Science\EXAM PROJECT
20240818153203;2024-08-18 16:03:53;200;37654;https://borgerforslag.dk/se-og-stoet-forslag/?Id=FT-06514;c:\Users\olive\OneDrive - Københavns Universitet\KUonedriveOW\9. Semester\Intro to Social Data Science\EXAM PROJECT
20240818153203;2024-08-18 16:03:54;200;36623;https://borgerforslag.dk/se-og-stoet-forslag/?Id=FT-06317;c:\Users\olive\OneDrive - Københavns Universitet\KUonedriveOW\9. Semester\Intro to Social Data Science\EXAM PROJECT
20240818153203;2024-08-18 16:03:55;200;36559;https://borgerforslag.dk/se-og-stoet-forslag/?Id=FT-06307;c:\Users\olive\OneDrive - Københavns Universitet\KUonedriveOW\9. Semester\Intro to Social Data Science\EXAM PROJECT
20240818153203;2024-08-18 16:03:58;200;36085;https://borgerforslag.dk/se-og-stoet-forslag/?Id=FT-06469;c:\Users\olive\OneDrive - Københavns Universitet\KUonedriveOW\9. Semester\Intro to Social Data Science\EXAM PROJECT
20240818153203;2024-08-18 16:03:59;200;35952;https://borgerforslag.dk/se-og-stoet-forslag/?Id=FT-06468;c:\Users\olive\OneDrive - Københavns Universitet\KUonedriveOW\9. Semester\Intro to Social Data Science\EXAM PROJECT
20240818153203;2024-08-18 16:04:00;200;41379;https://borgerforslag.dk/se-og-stoet-forslag/?Id=FT-06411;c:\Users\olive\OneDrive - Københavns Universitet\KUonedriveOW\9. Semester\Intro to Social Data Science\EXAM PROJECT
20240818153203;2024-08-18 16:04:02;200;36302;https://borgerforslag.dk/se-og-stoet-forslag/?Id=FT-06395;c:\Users\olive\OneDrive - Københavns Universitet\KUonedriveOW\9. Semester\Intro to Social Data Science\EXAM PROJECT
20240818153203;2024-08-18 16:04:04;200;36240;https://borgerforslag.dk/se-og-stoet-forslag/?Id=FT-06353;c:\Users\olive\OneDrive - Københavns Universitet\KUonedriveOW\9. Semester\Intro to Social Data Science\EXAM PROJECT
20240818153203;2024-08-18 16:04:06;200;38489;https://borgerforslag.dk/se-og-stoet-forslag/?Id=FT-06240;c:\Users\olive\OneDrive - Københavns Universitet\KUonedriveOW\9. Semester\Intro to Social Data Science\EXAM PROJECT
20240818153203;2024-08-18 16:04:08;200;35627;https://borgerforslag.dk/se-og-stoet-forslag/?Id=FT-06376;c:\Users\olive\OneDrive - Københavns Universitet\KUonedriveOW\9. Semester\Intro to Social Data Science\EXAM PROJECT
20240818153203;2024-08-18 16:04:11;200;36550;https://borgerforslag.dk/se-og-stoet-forslag/?Id=FT-06218;c:\Users\olive\OneDrive - Københavns Universitet\KUonedriveOW\9. Semester\Intro to Social Data Science\EXAM PROJECT
20240818153203;2024-08-18 16:04:13;200;39125;https://borgerforslag.dk/se-og-stoet-forslag/?Id=FT-06227;c:\Users\olive\OneDrive - Københavns Universitet\KUonedriveOW\9. Semester\Intro to Social Data Science\EXAM PROJECT
20240818153203;2024-08-18 16:04:14;200;35378;https://borgerforslag.dk/se-og-stoet-forslag/?Id=FT-06359;c:\Users\olive\OneDrive - Københavns Universitet\KUonedriveOW\9. Semester\Intro to Social Data Science\EXAM PROJECT
20240818153203;2024-08-18 16:04:16;200;37317;https://borgerforslag.dk/se-og-stoet-forslag/?Id=FT-06305;c:\Users\olive\OneDrive - Københavns Universitet\KUonedriveOW\9. Semester\Intro to Social Data Science\EXAM PROJECT
20240818153203;2024-08-18 16:04:17;200;36460;https://borgerforslag.dk/se-og-stoet-forslag/?Id=FT-06220;c:\Users\olive\OneDrive - Københavns Universitet\KUonedriveOW\9. Semester\Intro to Social Data Science\EXAM PROJECT
20240818153203;2024-08-18 16:04:19;200;39264;https://borgerforslag.dk/se-og-stoet-forslag/?Id=FT-06156;c:\Users\olive\OneDrive - Københavns Universitet\KUonedriveOW\9. Semester\Intro to Social Data Science\EXAM PROJECT
20240818153203;2024-08-18 16:04:21;200;37046;https://borgerforslag.dk/se-og-stoet-forslag/?Id=FT-06303;c:\Users\olive\OneDrive - Københavns Universitet\KUonedriveOW\9. Semester\Intro to Social Data Science\EXAM PROJECT
20240818153203;2024-08-18 16:04:23;200;37281;https://borgerforslag.dk/se-og-stoet-forslag/?Id=FT-06314;c:\Users\olive\OneDrive - Københavns Universitet\KUonedriveOW\9. Semester\Intro to Social Data Science\EXAM PROJECT
20240818153203;2024-08-18 16:04:25;200;35815;https://borgerforslag.dk/se-og-stoet-forslag/?Id=FT-06286;c:\Users\olive\OneDrive - Københavns Universitet\KUonedriveOW\9. Semester\Intro to Social Data Science\EXAM PROJECT
20240818153203;2024-08-18 16:04:27;200;36493;https://borgerforslag.dk/se-og-stoet-forslag/?Id=FT-06117;c:\Users\olive\OneDrive - Københavns Universitet\KUonedriveOW\9. Semester\Intro to Social Data Science\EXAM PROJECT
20240818153203;2024-08-18 16:04:28;200;36585;https://borgerforslag.dk/se-og-stoet-forslag/?Id=FT-06197;c:\Users\olive\OneDrive - Københavns Universitet\KUonedriveOW\9. Semester\Intro to Social Data Science\EXAM PROJECT
20240818153203;2024-08-18 16:04:30;200;35836;https://borgerforslag.dk/se-og-stoet-forslag/?Id=FT-06249;c:\Users\olive\OneDrive - Københavns Universitet\KUonedriveOW\9. Semester\Intro to Social Data Science\EXAM PROJECT
20240818153203;2024-08-18 16:04:35;200;41819;https://borgerforslag.dk/se-og-stoet-forslag/?Id=FT-06171;c:\Users\olive\OneDrive - Københavns Universitet\KUonedriveOW\9. Semester\Intro to Social Data Science\EXAM PROJECT
20240818153203;2024-08-18 16:04:37;200;37924;https://borgerforslag.dk/se-og-stoet-forslag/?Id=FT-06129;c:\Users\olive\OneDrive - Københavns Universitet\KUonedriveOW\9. Semester\Intro to Social Data Science\EXAM PROJECT
20240818153203;2024-08-18 16:04:39;200;41992;https://borgerforslag.dk/se-og-stoet-forslag/?Id=FT-06104;c:\Users\olive\OneDrive - Københavns Universitet\KUonedriveOW\9. Semester\Intro to Social Data Science\EXAM PROJECT
20240818153203;2024-08-18 16:04:41;200;38533;https://borgerforslag.dk/se-og-stoet-forslag/?Id=FT-06105;c:\Users\olive\OneDrive - Københavns Universitet\KUonedriveOW\9. Semester\Intro to Social Data Science\EXAM PROJECT
20240818153203;2024-08-18 16:04:43;200;37940;https://borgerforslag.dk/se-og-stoet-forslag/?Id=FT-06060;c:\Users\olive\OneDrive - Københavns Universitet\KUonedriveOW\9. Semester\Intro to Social Data Science\EXAM PROJECT
20240818153203;2024-08-18 16:04:45;200;37354;https://borgerforslag.dk/se-og-stoet-forslag/?Id=FT-06138;c:\Users\olive\OneDrive - Københavns Universitet\KUonedriveOW\9. Semester\Intro to Social Data Science\EXAM PROJECT
20240818153203;2024-08-18 16:04:46;200;37428;https://borgerforslag.dk/se-og-stoet-forslag/?Id=FT-06193;c:\Users\olive\OneDrive - Københavns Universitet\KUonedriveOW\9. Semester\Intro to Social Data Science\EXAM PROJECT
20240818153203;2024-08-18 16:04:48;200;37389;https://borgerforslag.dk/se-og-stoet-forslag/?Id=FT-06141;c:\Users\olive\OneDrive - Københavns Universitet\KUonedriveOW\9. Semester\Intro to Social Data Science\EXAM PROJECT
20240818153203;2024-08-18 16:04:49;200;39078;https://borgerforslag.dk/se-og-stoet-forslag/?Id=FT-06076;c:\Users\olive\OneDrive - Københavns Universitet\KUonedriveOW\9. Semester\Intro to Social Data Science\EXAM PROJECT
20240818153203;2024-08-18 16:04:52;200;36940;https://borgerforslag.dk/se-og-stoet-forslag/?Id=FT-06061;c:\Users\olive\OneDrive - Københavns Universitet\KUonedriveOW\9. Semester\Intro to Social Data Science\EXAM PROJECT
20240818153203;2024-08-18 16:04:54;200;39271;https://borgerforslag.dk/se-og-stoet-forslag/?Id=FT-06050;c:\Users\olive\OneDrive - Københavns Universitet\KUonedriveOW\9. Semester\Intro to Social Data Science\EXAM PROJECT
20240818153203;2024-08-18 16:04:55;200;48083;https://borgerforslag.dk/se-og-stoet-forslag/?Id=FT-06033;c:\Users\olive\OneDrive - Københavns Universitet\KUonedriveOW\9. Semester\Intro to Social Data Science\EXAM PROJECT
20240818153203;2024-08-18 16:04:57;200;35701;https://borgerforslag.dk/se-og-stoet-forslag/?Id=FT-06140;c:\Users\olive\OneDrive - Københavns Universitet\KUonedriveOW\9. Semester\Intro to Social Data Science\EXAM PROJECT
20240818153203;2024-08-18 16:04:59;200;39122;https://borgerforslag.dk/se-og-stoet-forslag/?Id=FT-05981;c:\Users\olive\OneDrive - Københavns Universitet\KUonedriveOW\9. Semester\Intro to Social Data Science\EXAM PROJECT
20240818153203;2024-08-18 16:05:01;200;36948;https://borgerforslag.dk/se-og-stoet-forslag/?Id=FT-06089;c:\Users\olive\OneDrive - Københavns Universitet\KUonedriveOW\9. Semester\Intro to Social Data Science\EXAM PROJECT
20240818153203;2024-08-18 16:05:03;200;36018;https://borgerforslag.dk/se-og-stoet-forslag/?Id=FT-06001;c:\Users\olive\OneDrive - Københavns Universitet\KUonedriveOW\9. Semester\Intro to Social Data Science\EXAM PROJECT
20240818153203;2024-08-18 16:05:05;200;47581;https://borgerforslag.dk/se-og-stoet-forslag/?Id=FT-06102;c:\Users\olive\OneDrive - Københavns Universitet\KUonedriveOW\9. Semester\Intro to Social Data Science\EXAM PROJECT
20240818153203;2024-08-18 16:05:06;200;39919;https://borgerforslag.dk/se-og-stoet-forslag/?Id=FT-05862;c:\Users\olive\OneDrive - Københavns Universitet\KUonedriveOW\9. Semester\Intro to Social Data Science\EXAM PROJECT
20240818153203;2024-08-18 16:05:09;200;37748;https://borgerforslag.dk/se-og-stoet-forslag/?Id=FT-06094;c:\Users\olive\OneDrive - Københavns Universitet\KUonedriveOW\9. Semester\Intro to Social Data Science\EXAM PROJECT
20240818153203;2024-08-18 16:05:11;200;36536;https://borgerforslag.dk/se-og-stoet-forslag/?Id=FT-05966;c:\Users\olive\OneDrive - Københavns Universitet\KUonedriveOW\9. Semester\Intro to Social Data Science\EXAM PROJECT
20240818153203;2024-08-18 16:05:13;200;39333;https://borgerforslag.dk/se-og-stoet-forslag/?Id=FT-06082;c:\Users\olive\OneDrive - Københavns Universitet\KUonedriveOW\9. Semester\Intro to Social Data Science\EXAM PROJECT
20240818153203;2024-08-18 16:05:14;200;34878;https://borgerforslag.dk/se-og-stoet-forslag/?Id=FT-06075;c:\Users\olive\OneDrive - Københavns Universitet\KUonedriveOW\9. Semester\Intro to Social Data Science\EXAM PROJECT
20240818153203;2024-08-18 16:05:16;200;41699;https://borgerforslag.dk/se-og-stoet-forslag/?Id=FT-05922;c:\Users\olive\OneDrive - Københavns Universitet\KUonedriveOW\9. Semester\Intro to Social Data Science\EXAM PROJECT
20240818153203;2024-08-18 16:05:18;200;37235;https://borgerforslag.dk/se-og-stoet-forslag/?Id=FT-06029;c:\Users\olive\OneDrive - Københavns Universitet\KUonedriveOW\9. Semester\Intro to Social Data Science\EXAM PROJECT
20240818153203;2024-08-18 16:05:20;200;36100;https://borgerforslag.dk/se-og-stoet-forslag/?Id=FT-05891;c:\Users\olive\OneDrive - Københavns Universitet\KUonedriveOW\9. Semester\Intro to Social Data Science\EXAM PROJECT
20240818153203;2024-08-18 16:05:22;200;35924;https://borgerforslag.dk/se-og-stoet-forslag/?Id=FT-06032;c:\Users\olive\OneDrive - Københavns Universitet\KUonedriveOW\9. Semester\Intro to Social Data Science\EXAM PROJECT
20240818153203;2024-08-18 16:05:27;200;38494;https://borgerforslag.dk/se-og-stoet-forslag/?Id=FT-06004;c:\Users\olive\OneDrive - Københavns Universitet\KUonedriveOW\9. Semester\Intro to Social Data Science\EXAM PROJECT
20240818153203;2024-08-18 16:05:29;200;35021;https://borgerforslag.dk/se-og-stoet-forslag/?Id=FT-05991;c:\Users\olive\OneDrive - Københavns Universitet\KUonedriveOW\9. Semester\Intro to Social Data Science\EXAM PROJECT
20240818153203;2024-08-18 16:05:31;200;35017;https://borgerforslag.dk/se-og-stoet-forslag/?Id=FT-05896;c:\Users\olive\OneDrive - Københavns Universitet\KUonedriveOW\9. Semester\Intro to Social Data Science\EXAM PROJECT
20240818153203;2024-08-18 16:05:32;200;38849;https://borgerforslag.dk/se-og-stoet-forslag/?Id=FT-05992;c:\Users\olive\OneDrive - Københavns Universitet\KUonedriveOW\9. Semester\Intro to Social Data Science\EXAM PROJECT
20240818153203;2024-08-18 16:05:33;200;35106;https://borgerforslag.dk/se-og-stoet-forslag/?Id=FT-05970;c:\Users\olive\OneDrive - Københavns Universitet\KUonedriveOW\9. Semester\Intro to Social Data Science\EXAM PROJECT
20240818153203;2024-08-18 16:05:35;200;37318;https://borgerforslag.dk/se-og-stoet-forslag/?Id=FT-05880;c:\Users\olive\OneDrive - Københavns Universitet\KUonedriveOW\9. Semester\Intro to Social Data Science\EXAM PROJECT
20240818153203;2024-08-18 16:05:38;200;37356;https://borgerforslag.dk/se-og-stoet-forslag/?Id=FT-05835;c:\Users\olive\OneDrive - Københavns Universitet\KUonedriveOW\9. Semester\Intro to Social Data Science\EXAM PROJECT
20240818153203;2024-08-18 16:05:40;200;40051;https://borgerforslag.dk/se-og-stoet-forslag/?Id=FT-05861;c:\Users\olive\OneDrive - Københavns Universitet\KUonedriveOW\9. Semester\Intro to Social Data Science\EXAM PROJECT
20240818153203;2024-08-18 16:05:41;200;36477;https://borgerforslag.dk/se-og-stoet-forslag/?Id=FT-05842;c:\Users\olive\OneDrive - Københavns Universitet\KUonedriveOW\9. Semester\Intro to Social Data Science\EXAM PROJECT
20240818153203;2024-08-18 16:05:43;200;35396;https://borgerforslag.dk/se-og-stoet-forslag/?Id=FT-05956;c:\Users\olive\OneDrive - Københavns Universitet\KUonedriveOW\9. Semester\Intro to Social Data Science\EXAM PROJECT
20240818153203;2024-08-18 16:05:45;200;38138;https://borgerforslag.dk/se-og-stoet-forslag/?Id=FT-05824;c:\Users\olive\OneDrive - Københavns Universitet\KUonedriveOW\9. Semester\Intro to Social Data Science\EXAM PROJECT
20240818153203;2024-08-18 16:05:47;200;35228;https://borgerforslag.dk/se-og-stoet-forslag/?Id=FT-05931;c:\Users\olive\OneDrive - Københavns Universitet\KUonedriveOW\9. Semester\Intro to Social Data Science\EXAM PROJECT
20240818153203;2024-08-18 16:05:52;200;37485;https://borgerforslag.dk/se-og-stoet-forslag/?Id=FT-05906;c:\Users\olive\OneDrive - Københavns Universitet\KUonedriveOW\9. Semester\Intro to Social Data Science\EXAM PROJECT
20240818153203;2024-08-18 16:05:54;200;36102;https://borgerforslag.dk/se-og-stoet-forslag/?Id=FT-05898;c:\Users\olive\OneDrive - Københavns Universitet\KUonedriveOW\9. Semester\Intro to Social Data Science\EXAM PROJECT
20240818153203;2024-08-18 16:05:56;200;37419;https://borgerforslag.dk/se-og-stoet-forslag/?Id=FT-05793;c:\Users\olive\OneDrive - Københavns Universitet\KUonedriveOW\9. Semester\Intro to Social Data Science\EXAM PROJECT
20240818153203;2024-08-18 16:05:58;200;35899;https://borgerforslag.dk/se-og-stoet-forslag/?Id=FT-05767;c:\Users\olive\OneDrive - Københavns Universitet\KUonedriveOW\9. Semester\Intro to Social Data Science\EXAM PROJECT
20240818153203;2024-08-18 16:05:59;200;41896;https://borgerforslag.dk/se-og-stoet-forslag/?Id=FT-05665;c:\Users\olive\OneDrive - Københavns Universitet\KUonedriveOW\9. Semester\Intro to Social Data Science\EXAM PROJECT
20240818153203;2024-08-18 16:06:01;200;37057;https://borgerforslag.dk/se-og-stoet-forslag/?Id=FT-05853;c:\Users\olive\OneDrive - Københavns Universitet\KUonedriveOW\9. Semester\Intro to Social Data Science\EXAM PROJECT
20240818153203;2024-08-18 16:06:03;200;36221;https://borgerforslag.dk/se-og-stoet-forslag/?Id=FT-05819;c:\Users\olive\OneDrive - Københavns Universitet\KUonedriveOW\9. Semester\Intro to Social Data Science\EXAM PROJECT
20240818153203;2024-08-18 16:06:06;200;39595;https://borgerforslag.dk/se-og-stoet-forslag/?Id=FT-05711;c:\Users\olive\OneDrive - Københavns Universitet\KUonedriveOW\9. Semester\Intro to Social Data Science\EXAM PROJECT
20240818153203;2024-08-18 16:06:07;200;48394;https://borgerforslag.dk/se-og-stoet-forslag/?Id=FT-05838;c:\Users\olive\OneDrive - Københavns Universitet\KUonedriveOW\9. Semester\Intro to Social Data Science\EXAM PROJECT
20240818153203;2024-08-18 16:06:10;200;35197;https://borgerforslag.dk/se-og-stoet-forslag/?Id=FT-05763;c:\Users\olive\OneDrive - Københavns Universitet\KUonedriveOW\9. Semester\Intro to Social Data Science\EXAM PROJECT
20240818153203;2024-08-18 16:06:12;200;35410;https://borgerforslag.dk/se-og-stoet-forslag/?Id=FT-05751;c:\Users\olive\OneDrive - Københavns Universitet\KUonedriveOW\9. Semester\Intro to Social Data Science\EXAM PROJECT
20240818153203;2024-08-18 16:06:14;200;39740;https://borgerforslag.dk/se-og-stoet-forslag/?Id=FT-05664;c:\Users\olive\OneDrive - Københavns Universitet\KUonedriveOW\9. Semester\Intro to Social Data Science\EXAM PROJECT
20240818153203;2024-08-18 16:06:16;200;37417;https://borgerforslag.dk/se-og-stoet-forslag/?Id=FT-05658;c:\Users\olive\OneDrive - Københavns Universitet\KUonedriveOW\9. Semester\Intro to Social Data Science\EXAM PROJECT
20240818153203;2024-08-18 16:06:20;200;44773;https://borgerforslag.dk/se-og-stoet-forslag/?Id=FT-05677;c:\Users\olive\OneDrive - Københavns Universitet\KUonedriveOW\9. Semester\Intro to Social Data Science\EXAM PROJECT
20240818153203;2024-08-18 16:06:21;200;40622;https://borgerforslag.dk/se-og-stoet-forslag/?Id=FT-05731;c:\Users\olive\OneDrive - Københavns Universitet\KUonedriveOW\9. Semester\Intro to Social Data Science\EXAM PROJECT
20240818153203;2024-08-18 16:06:23;200;39246;https://borgerforslag.dk/se-og-stoet-forslag/?Id=FT-05650;c:\Users\olive\OneDrive - Københavns Universitet\KUonedriveOW\9. Semester\Intro to Social Data Science\EXAM PROJECT
20240818153203;2024-08-18 16:06:25;200;42336;https://borgerforslag.dk/se-og-stoet-forslag/?Id=FT-05679;c:\Users\olive\OneDrive - Københavns Universitet\KUonedriveOW\9. Semester\Intro to Social Data Science\EXAM PROJECT
20240818153203;2024-08-18 16:06:27;200;39409;https://borgerforslag.dk/se-og-stoet-forslag/?Id=FT-05720;c:\Users\olive\OneDrive - Københavns Universitet\KUonedriveOW\9. Semester\Intro to Social Data Science\EXAM PROJECT
20240818153203;2024-08-18 16:06:29;200;40099;https://borgerforslag.dk/se-og-stoet-forslag/?Id=FT-05716;c:\Users\olive\OneDrive - Københavns Universitet\KUonedriveOW\9. Semester\Intro to Social Data Science\EXAM PROJECT
20240818153203;2024-08-18 16:06:31;200;35799;https://borgerforslag.dk/se-og-stoet-forslag/?Id=FT-05649;c:\Users\olive\OneDrive - Københavns Universitet\KUonedriveOW\9. Semester\Intro to Social Data Science\EXAM PROJECT
20240818153203;2024-08-18 16:06:33;200;43993;https://borgerforslag.dk/se-og-stoet-forslag/?Id=FT-05705;c:\Users\olive\OneDrive - Københavns Universitet\KUonedriveOW\9. Semester\Intro to Social Data Science\EXAM PROJECT
20240818153203;2024-08-18 16:06:35;200;39793;https://borgerforslag.dk/se-og-stoet-forslag/?Id=FT-05641;c:\Users\olive\OneDrive - Københavns Universitet\KUonedriveOW\9. Semester\Intro to Social Data Science\EXAM PROJECT
20240818153203;2024-08-18 16:06:36;200;40977;https://borgerforslag.dk/se-og-stoet-forslag/?Id=FT-05697;c:\Users\olive\OneDrive - Københavns Universitet\KUonedriveOW\9. Semester\Intro to Social Data Science\EXAM PROJECT
20240818153203;2024-08-18 16:06:38;200;37036;https://borgerforslag.dk/se-og-stoet-forslag/?Id=FT-05660;c:\Users\olive\OneDrive - Københavns Universitet\KUonedriveOW\9. Semester\Intro to Social Data Science\EXAM PROJECT
20240818153203;2024-08-18 16:06:40;200;39084;https://borgerforslag.dk/se-og-stoet-forslag/?Id=FT-05624;c:\Users\olive\OneDrive - Københavns Universitet\KUonedriveOW\9. Semester\Intro to Social Data Science\EXAM PROJECT
20240818153203;2024-08-18 16:06:41;200;39294;https://borgerforslag.dk/se-og-stoet-forslag/?Id=FT-05613;c:\Users\olive\OneDrive - Københavns Universitet\KUonedriveOW\9. Semester\Intro to Social Data Science\EXAM PROJECT
20240818153203;2024-08-18 16:06:44;200;39027;https://borgerforslag.dk/se-og-stoet-forslag/?Id=FT-05533;c:\Users\olive\OneDrive - Københavns Universitet\KUonedriveOW\9. Semester\Intro to Social Data Science\EXAM PROJECT
20240818153203;2024-08-18 16:06:45;200;43868;https://borgerforslag.dk/se-og-stoet-forslag/?Id=FT-05630;c:\Users\olive\OneDrive - Københavns Universitet\KUonedriveOW\9. Semester\Intro to Social Data Science\EXAM PROJECT
20240818153203;2024-08-18 16:06:49;200;40133;https://borgerforslag.dk/se-og-stoet-forslag/?Id=FT-05631;c:\Users\olive\OneDrive - Københavns Universitet\KUonedriveOW\9. Semester\Intro to Social Data Science\EXAM PROJECT
20240818153203;2024-08-18 16:06:51;200;35761;https://borgerforslag.dk/se-og-stoet-forslag/?Id=FT-05635;c:\Users\olive\OneDrive - Københavns Universitet\KUonedriveOW\9. Semester\Intro to Social Data Science\EXAM PROJECT
20240818153203;2024-08-18 16:06:53;200;37083;https://borgerforslag.dk/se-og-stoet-forslag/?Id=FT-05534;c:\Users\olive\OneDrive - Københavns Universitet\KUonedriveOW\9. Semester\Intro to Social Data Science\EXAM PROJECT
20240818153203;2024-08-18 16:06:56;200;40154;https://borgerforslag.dk/se-og-stoet-forslag/?Id=FT-05607;c:\Users\olive\OneDrive - Københavns Universitet\KUonedriveOW\9. Semester\Intro to Social Data Science\EXAM PROJECT
20240818153203;2024-08-18 16:06:58;200;37767;https://borgerforslag.dk/se-og-stoet-forslag/?Id=FT-05599;c:\Users\olive\OneDrive - Københavns Universitet\KUonedriveOW\9. Semester\Intro to Social Data Science\EXAM PROJECT
20240818153203;2024-08-18 16:07:00;200;44536;https://borgerforslag.dk/se-og-stoet-forslag/?Id=FT-05447;c:\Users\olive\OneDrive - Københavns Universitet\KUonedriveOW\9. Semester\Intro to Social Data Science\EXAM PROJECT
20240818153203;2024-08-18 16:07:01;200;35418;https://borgerforslag.dk/se-og-stoet-forslag/?Id=FT-05572;c:\Users\olive\OneDrive - Københavns Universitet\KUonedriveOW\9. Semester\Intro to Social Data Science\EXAM PROJECT
20240818153203;2024-08-18 16:07:03;200;35097;https://borgerforslag.dk/se-og-stoet-forslag/?Id=FT-05590;c:\Users\olive\OneDrive - Københavns Universitet\KUonedriveOW\9. Semester\Intro to Social Data Science\EXAM PROJECT
20240818153203;2024-08-18 16:07:04;200;37057;https://borgerforslag.dk/se-og-stoet-forslag/?Id=FT-05557;c:\Users\olive\OneDrive - Københavns Universitet\KUonedriveOW\9. Semester\Intro to Social Data Science\EXAM PROJECT
20240818153203;2024-08-18 16:07:06;200;36006;https://borgerforslag.dk/se-og-stoet-forslag/?Id=FT-05550;c:\Users\olive\OneDrive - Københavns Universitet\KUonedriveOW\9. Semester\Intro to Social Data Science\EXAM PROJECT
20240818153203;2024-08-18 16:07:07;200;36058;https://borgerforslag.dk/se-og-stoet-forslag/?Id=FT-05520;c:\Users\olive\OneDrive - Københavns Universitet\KUonedriveOW\9. Semester\Intro to Social Data Science\EXAM PROJECT
20240818153203;2024-08-18 16:07:10;200;36767;https://borgerforslag.dk/se-og-stoet-forslag/?Id=FT-05459;c:\Users\olive\OneDrive - Københavns Universitet\KUonedriveOW\9. Semester\Intro to Social Data Science\EXAM PROJECT
20240818153203;2024-08-18 16:07:12;200;40403;https://borgerforslag.dk/se-og-stoet-forslag/?Id=FT-05438;c:\Users\olive\OneDrive - Københavns Universitet\KUonedriveOW\9. Semester\Intro to Social Data Science\EXAM PROJECT
20240818153203;2024-08-18 16:07:13;200;42785;https://borgerforslag.dk/se-og-stoet-forslag/?Id=FT-05467;c:\Users\olive\OneDrive - Københavns Universitet\KUonedriveOW\9. Semester\Intro to Social Data Science\EXAM PROJECT
20240818153203;2024-08-18 16:07:15;200;35811;https://borgerforslag.dk/se-og-stoet-forslag/?Id=FT-05509;c:\Users\olive\OneDrive - Københavns Universitet\KUonedriveOW\9. Semester\Intro to Social Data Science\EXAM PROJECT
20240818153203;2024-08-18 16:07:16;200;38393;https://borgerforslag.dk/se-og-stoet-forslag/?Id=FT-05486;c:\Users\olive\OneDrive - Københavns Universitet\KUonedriveOW\9. Semester\Intro to Social Data Science\EXAM PROJECT
20240818153203;2024-08-18 16:07:19;200;35845;https://borgerforslag.dk/se-og-stoet-forslag/?Id=FT-05411;c:\Users\olive\OneDrive - Københavns Universitet\KUonedriveOW\9. Semester\Intro to Social Data Science\EXAM PROJECT
20240818153203;2024-08-18 16:07:20;200;37999;https://borgerforslag.dk/se-og-stoet-forslag/?Id=FT-05506;c:\Users\olive\OneDrive - Københavns Universitet\KUonedriveOW\9. Semester\Intro to Social Data Science\EXAM PROJECT
20240818153203;2024-08-18 16:07:23;200;37721;https://borgerforslag.dk/se-og-stoet-forslag/?Id=FT-05484;c:\Users\olive\OneDrive - Københavns Universitet\KUonedriveOW\9. Semester\Intro to Social Data Science\EXAM PROJECT
20240818153203;2024-08-18 16:07:24;200;38319;https://borgerforslag.dk/se-og-stoet-forslag/?Id=FT-05479;c:\Users\olive\OneDrive - Københavns Universitet\KUonedriveOW\9. Semester\Intro to Social Data Science\EXAM PROJECT
20240818153203;2024-08-18 16:07:26;200;35683;https://borgerforslag.dk/se-og-stoet-forslag/?Id=FT-05474;c:\Users\olive\OneDrive - Københavns Universitet\KUonedriveOW\9. Semester\Intro to Social Data Science\EXAM PROJECT
20240818153203;2024-08-18 16:07:28;200;34917;https://borgerforslag.dk/se-og-stoet-forslag/?Id=FT-05483;c:\Users\olive\OneDrive - Københavns Universitet\KUonedriveOW\9. Semester\Intro to Social Data Science\EXAM PROJECT
20240818153203;2024-08-18 16:07:30;200;37426;https://borgerforslag.dk/se-og-stoet-forslag/?Id=FT-05475;c:\Users\olive\OneDrive - Københavns Universitet\KUonedriveOW\9. Semester\Intro to Social Data Science\EXAM PROJECT
20240818153203;2024-08-18 16:07:31;200;44855;https://borgerforslag.dk/se-og-stoet-forslag/?Id=FT-05414;c:\Users\olive\OneDrive - Københavns Universitet\KUonedriveOW\9. Semester\Intro to Social Data Science\EXAM PROJECT
20240818153203;2024-08-18 16:07:33;200;36612;https://borgerforslag.dk/se-og-stoet-forslag/?Id=FT-05395;c:\Users\olive\OneDrive - Københavns Universitet\KUonedriveOW\9. Semester\Intro to Social Data Science\EXAM PROJECT
20240818153203;2024-08-18 16:07:35;200;39734;https://borgerforslag.dk/se-og-stoet-forslag/?Id=FT-05368;c:\Users\olive\OneDrive - Københavns Universitet\KUonedriveOW\9. Semester\Intro to Social Data Science\EXAM PROJECT
20240818153203;2024-08-18 16:07:37;200;38302;https://borgerforslag.dk/se-og-stoet-forslag/?Id=FT-05366;c:\Users\olive\OneDrive - Københavns Universitet\KUonedriveOW\9. Semester\Intro to Social Data Science\EXAM PROJECT
20240818153203;2024-08-18 16:07:40;200;37568;https://borgerforslag.dk/se-og-stoet-forslag/?Id=FT-05431;c:\Users\olive\OneDrive - Københavns Universitet\KUonedriveOW\9. Semester\Intro to Social Data Science\EXAM PROJECT
20240818153203;2024-08-18 16:07:41;200;35625;https://borgerforslag.dk/se-og-stoet-forslag/?Id=FT-05426;c:\Users\olive\OneDrive - Københavns Universitet\KUonedriveOW\9. Semester\Intro to Social Data Science\EXAM PROJECT
20240818153203;2024-08-18 16:07:44;200;37718;https://borgerforslag.dk/se-og-stoet-forslag/?Id=FT-05430;c:\Users\olive\OneDrive - Københavns Universitet\KUonedriveOW\9. Semester\Intro to Social Data Science\EXAM PROJECT
20240818153203;2024-08-18 16:07:46;200;37174;https://borgerforslag.dk/se-og-stoet-forslag/?Id=FT-05419;c:\Users\olive\OneDrive - Københavns Universitet\KUonedriveOW\9. Semester\Intro to Social Data Science\EXAM PROJECT
20240818153203;2024-08-18 16:07:48;200;36844;https://borgerforslag.dk/se-og-stoet-forslag/?Id=FT-05409;c:\Users\olive\OneDrive - Københavns Universitet\KUonedriveOW\9. Semester\Intro to Social Data Science\EXAM PROJECT
20240818153203;2024-08-18 16:07:49;200;36889;https://borgerforslag.dk/se-og-stoet-forslag/?Id=FT-05405;c:\Users\olive\OneDrive - Københavns Universitet\KUonedriveOW\9. Semester\Intro to Social Data Science\EXAM PROJECT
20240818153203;2024-08-18 16:07:51;200;40709;https://borgerforslag.dk/se-og-stoet-forslag/?Id=FT-05365;c:\Users\olive\OneDrive - Københavns Universitet\KUonedriveOW\9. Semester\Intro to Social Data Science\EXAM PROJECT
20240818153203;2024-08-18 16:07:52;200;45124;https://borgerforslag.dk/se-og-stoet-forslag/?Id=FT-05406;c:\Users\olive\OneDrive - Københavns Universitet\KUonedriveOW\9. Semester\Intro to Social Data Science\EXAM PROJECT
20240818153203;2024-08-18 16:07:54;200;35607;https://borgerforslag.dk/se-og-stoet-forslag/?Id=FT-05383;c:\Users\olive\OneDrive - Københavns Universitet\KUonedriveOW\9. Semester\Intro to Social Data Science\EXAM PROJECT
20240818153203;2024-08-18 16:07:55;200;37078;https://borgerforslag.dk/se-og-stoet-forslag/?Id=FT-05349;c:\Users\olive\OneDrive - Københavns Universitet\KUonedriveOW\9. Semester\Intro to Social Data Science\EXAM PROJECT
20240818153203;2024-08-18 16:07:57;200;37322;https://borgerforslag.dk/se-og-stoet-forslag/?Id=FT-05378;c:\Users\olive\OneDrive - Københavns Universitet\KUonedriveOW\9. Semester\Intro to Social Data Science\EXAM PROJECT
20240818153203;2024-08-18 16:07:59;200;35165;https://borgerforslag.dk/se-og-stoet-forslag/?Id=FT-05377;c:\Users\olive\OneDrive - Københavns Universitet\KUonedriveOW\9. Semester\Intro to Social Data Science\EXAM PROJECT
20240818153203;2024-08-18 16:08:01;200;35945;https://borgerforslag.dk/se-og-stoet-forslag/?Id=FT-05358;c:\Users\olive\OneDrive - Københavns Universitet\KUonedriveOW\9. Semester\Intro to Social Data Science\EXAM PROJECT
20240818153203;2024-08-18 16:08:03;200;40656;https://borgerforslag.dk/se-og-stoet-forslag/?Id=FT-05289;c:\Users\olive\OneDrive - Københavns Universitet\KUonedriveOW\9. Semester\Intro to Social Data Science\EXAM PROJECT
20240818153203;2024-08-18 16:08:06;200;40828;https://borgerforslag.dk/se-og-stoet-forslag/?Id=FT-05311;c:\Users\olive\OneDrive - Københavns Universitet\KUonedriveOW\9. Semester\Intro to Social Data Science\EXAM PROJECT
20240818153203;2024-08-18 16:08:08;200;41527;https://borgerforslag.dk/se-og-stoet-forslag/?Id=FT-05309;c:\Users\olive\OneDrive - Københavns Universitet\KUonedriveOW\9. Semester\Intro to Social Data Science\EXAM PROJECT
20240818153203;2024-08-18 16:08:11;200;42810;https://borgerforslag.dk/se-og-stoet-forslag/?Id=FT-05238;c:\Users\olive\OneDrive - Københavns Universitet\KUonedriveOW\9. Semester\Intro to Social Data Science\EXAM PROJECT
20240818153203;2024-08-18 16:08:12;200;37919;https://borgerforslag.dk/se-og-stoet-forslag/?Id=FT-05241;c:\Users\olive\OneDrive - Københavns Universitet\KUonedriveOW\9. Semester\Intro to Social Data Science\EXAM PROJECT
20240818153203;2024-08-18 16:08:14;200;35331;https://borgerforslag.dk/se-og-stoet-forslag/?Id=FT-05293;c:\Users\olive\OneDrive - Københavns Universitet\KUonedriveOW\9. Semester\Intro to Social Data Science\EXAM PROJECT
20240818153203;2024-08-18 16:08:16;200;40906;https://borgerforslag.dk/se-og-stoet-forslag/?Id=FT-05243;c:\Users\olive\OneDrive - Københavns Universitet\KUonedriveOW\9. Semester\Intro to Social Data Science\EXAM PROJECT
20240818153203;2024-08-18 16:08:18;200;38732;https://borgerforslag.dk/se-og-stoet-forslag/?Id=FT-05222;c:\Users\olive\OneDrive - Københavns Universitet\KUonedriveOW\9. Semester\Intro to Social Data Science\EXAM PROJECT
20240818153203;2024-08-18 16:08:20;200;36045;https://borgerforslag.dk/se-og-stoet-forslag/?Id=FT-05197;c:\Users\olive\OneDrive - Københavns Universitet\KUonedriveOW\9. Semester\Intro to Social Data Science\EXAM PROJECT
20240818153203;2024-08-18 16:08:22;200;36421;https://borgerforslag.dk/se-og-stoet-forslag/?Id=FT-05271;c:\Users\olive\OneDrive - Københavns Universitet\KUonedriveOW\9. Semester\Intro to Social Data Science\EXAM PROJECT
20240818153203;2024-08-18 16:08:24;200;42474;https://borgerforslag.dk/se-og-stoet-forslag/?Id=FT-05276;c:\Users\olive\OneDrive - Københavns Universitet\KUonedriveOW\9. Semester\Intro to Social Data Science\EXAM PROJECT
20240818153203;2024-08-18 16:08:26;200;40127;https://borgerforslag.dk/se-og-stoet-forslag/?Id=FT-05257;c:\Users\olive\OneDrive - Københavns Universitet\KUonedriveOW\9. Semester\Intro to Social Data Science\EXAM PROJECT
20240818153203;2024-08-18 16:08:27;200;36249;https://borgerforslag.dk/se-og-stoet-forslag/?Id=FT-05251;c:\Users\olive\OneDrive - Københavns Universitet\KUonedriveOW\9. Semester\Intro to Social Data Science\EXAM PROJECT
20240818153203;2024-08-18 16:08:29;200;35827;https://borgerforslag.dk/se-og-stoet-forslag/?Id=FT-05252;c:\Users\olive\OneDrive - Københavns Universitet\KUonedriveOW\9. Semester\Intro to Social Data Science\EXAM PROJECT
20240818153203;2024-08-18 16:08:30;200;36576;https://borgerforslag.dk/se-og-stoet-forslag/?Id=FT-05250;c:\Users\olive\OneDrive - Københavns Universitet\KUonedriveOW\9. Semester\Intro to Social Data Science\EXAM PROJECT
20240818153203;2024-08-18 16:08:34;200;35557;https://borgerforslag.dk/se-og-stoet-forslag/?Id=FT-05185;c:\Users\olive\OneDrive - Københavns Universitet\KUonedriveOW\9. Semester\Intro to Social Data Science\EXAM PROJECT
20240818153203;2024-08-18 16:08:37;200;54276;https://borgerforslag.dk/se-og-stoet-forslag/?Id=FT-05087;c:\Users\olive\OneDrive - Københavns Universitet\KUonedriveOW\9. Semester\Intro to Social Data Science\EXAM PROJECT
20240818153203;2024-08-18 16:08:38;200;40485;https://borgerforslag.dk/se-og-stoet-forslag/?Id=FT-05199;c:\Users\olive\OneDrive - Københavns Universitet\KUonedriveOW\9. Semester\Intro to Social Data Science\EXAM PROJECT
20240818153203;2024-08-18 16:08:40;200;49255;https://borgerforslag.dk/se-og-stoet-forslag/?Id=FT-05186;c:\Users\olive\OneDrive - Københavns Universitet\KUonedriveOW\9. Semester\Intro to Social Data Science\EXAM PROJECT
20240818153203;2024-08-18 16:08:42;200;44193;https://borgerforslag.dk/se-og-stoet-forslag/?Id=FT-05131;c:\Users\olive\OneDrive - Københavns Universitet\KUonedriveOW\9. Semester\Intro to Social Data Science\EXAM PROJECT
20240818153203;2024-08-18 16:08:44;200;37061;https://borgerforslag.dk/se-og-stoet-forslag/?Id=FT-05164;c:\Users\olive\OneDrive - Københavns Universitet\KUonedriveOW\9. Semester\Intro to Social Data Science\EXAM PROJECT
20240818153203;2024-08-18 16:08:46;200;37218;https://borgerforslag.dk/se-og-stoet-forslag/?Id=FT-05112;c:\Users\olive\OneDrive - Københavns Universitet\KUonedriveOW\9. Semester\Intro to Social Data Science\EXAM PROJECT
20240818153203;2024-08-18 16:08:48;200;35234;https://borgerforslag.dk/se-og-stoet-forslag/?Id=FT-05101;c:\Users\olive\OneDrive - Københavns Universitet\KUonedriveOW\9. Semester\Intro to Social Data Science\EXAM PROJECT
20240818153203;2024-08-18 16:08:49;200;37003;https://borgerforslag.dk/se-og-stoet-forslag/?Id=FT-05034;c:\Users\olive\OneDrive - Københavns Universitet\KUonedriveOW\9. Semester\Intro to Social Data Science\EXAM PROJECT
20240818153203;2024-08-18 16:08:52;200;35091;https://borgerforslag.dk/se-og-stoet-forslag/?Id=FT-05167;c:\Users\olive\OneDrive - Københavns Universitet\KUonedriveOW\9. Semester\Intro to Social Data Science\EXAM PROJECT
20240818153203;2024-08-18 16:08:54;200;38196;https://borgerforslag.dk/se-og-stoet-forslag/?Id=FT-05140;c:\Users\olive\OneDrive - Københavns Universitet\KUonedriveOW\9. Semester\Intro to Social Data Science\EXAM PROJECT
20240818153203;2024-08-18 16:08:56;200;44302;https://borgerforslag.dk/se-og-stoet-forslag/?Id=FT-05037;c:\Users\olive\OneDrive - Københavns Universitet\KUonedriveOW\9. Semester\Intro to Social Data Science\EXAM PROJECT
20240818153203;2024-08-18 16:08:57;200;39149;https://borgerforslag.dk/se-og-stoet-forslag/?Id=FT-05033;c:\Users\olive\OneDrive - Københavns Universitet\KUonedriveOW\9. Semester\Intro to Social Data Science\EXAM PROJECT
20240818153203;2024-08-18 16:08:59;200;36084;https://borgerforslag.dk/se-og-stoet-forslag/?Id=FT-04942;c:\Users\olive\OneDrive - Københavns Universitet\KUonedriveOW\9. Semester\Intro to Social Data Science\EXAM PROJECT
20240818153203;2024-08-18 16:09:01;200;42212;https://borgerforslag.dk/se-og-stoet-forslag/?Id=FT-04911;c:\Users\olive\OneDrive - Københavns Universitet\KUonedriveOW\9. Semester\Intro to Social Data Science\EXAM PROJECT
20240818153203;2024-08-18 16:09:03;200;36507;https://borgerforslag.dk/se-og-stoet-forslag/?Id=FT-05038;c:\Users\olive\OneDrive - Københavns Universitet\KUonedriveOW\9. Semester\Intro to Social Data Science\EXAM PROJECT
20240818153203;2024-08-18 16:09:04;200;36134;https://borgerforslag.dk/se-og-stoet-forslag/?Id=FT-05018;c:\Users\olive\OneDrive - Københavns Universitet\KUonedriveOW\9. Semester\Intro to Social Data Science\EXAM PROJECT
20240818153203;2024-08-18 16:09:06;200;36372;https://borgerforslag.dk/se-og-stoet-forslag/?Id=FT-04959;c:\Users\olive\OneDrive - Københavns Universitet\KUonedriveOW\9. Semester\Intro to Social Data Science\EXAM PROJECT
20240818153203;2024-08-18 16:09:09;200;41864;https://borgerforslag.dk/se-og-stoet-forslag/?Id=FT-04982;c:\Users\olive\OneDrive - Københavns Universitet\KUonedriveOW\9. Semester\Intro to Social Data Science\EXAM PROJECT
20240818153203;2024-08-18 16:09:11;200;37260;https://borgerforslag.dk/se-og-stoet-forslag/?Id=FT-04964;c:\Users\olive\OneDrive - Københavns Universitet\KUonedriveOW\9. Semester\Intro to Social Data Science\EXAM PROJECT
20240818153203;2024-08-18 16:09:12;200;37418;https://borgerforslag.dk/se-og-stoet-forslag/?Id=FT-04903;c:\Users\olive\OneDrive - Københavns Universitet\KUonedriveOW\9. Semester\Intro to Social Data Science\EXAM PROJECT
20240818153203;2024-08-18 16:09:13;200;35219;https://borgerforslag.dk/se-og-stoet-forslag/?Id=FT-04951;c:\Users\olive\OneDrive - Københavns Universitet\KUonedriveOW\9. Semester\Intro to Social Data Science\EXAM PROJECT
20240818153203;2024-08-18 16:09:15;200;35353;https://borgerforslag.dk/se-og-stoet-forslag/?Id=FT-04962;c:\Users\olive\OneDrive - Københavns Universitet\KUonedriveOW\9. Semester\Intro to Social Data Science\EXAM PROJECT
20240818153203;2024-08-18 16:09:17;200;37552;https://borgerforslag.dk/se-og-stoet-forslag/?Id=FT-04894;c:\Users\olive\OneDrive - Københavns Universitet\KUonedriveOW\9. Semester\Intro to Social Data Science\EXAM PROJECT
20240818153203;2024-08-18 16:09:22;200;35084;https://borgerforslag.dk/se-og-stoet-forslag/?Id=FT-04938;c:\Users\olive\OneDrive - Københavns Universitet\KUonedriveOW\9. Semester\Intro to Social Data Science\EXAM PROJECT
20240818153203;2024-08-18 16:09:24;200;37185;https://borgerforslag.dk/se-og-stoet-forslag/?Id=FT-04902;c:\Users\olive\OneDrive - Københavns Universitet\KUonedriveOW\9. Semester\Intro to Social Data Science\EXAM PROJECT
20240818153203;2024-08-18 16:09:26;200;35589;https://borgerforslag.dk/se-og-stoet-forslag/?Id=FT-04878;c:\Users\olive\OneDrive - Københavns Universitet\KUonedriveOW\9. Semester\Intro to Social Data Science\EXAM PROJECT
20240818153203;2024-08-18 16:09:28;200;40187;https://borgerforslag.dk/se-og-stoet-forslag/?Id=FT-04880;c:\Users\olive\OneDrive - Københavns Universitet\KUonedriveOW\9. Semester\Intro to Social Data Science\EXAM PROJECT
20240818153203;2024-08-18 16:09:30;200;39329;https://borgerforslag.dk/se-og-stoet-forslag/?Id=FT-04838;c:\Users\olive\OneDrive - Københavns Universitet\KUonedriveOW\9. Semester\Intro to Social Data Science\EXAM PROJECT
20240818153203;2024-08-18 16:09:31;200;36682;https://borgerforslag.dk/se-og-stoet-forslag/?Id=FT-04864;c:\Users\olive\OneDrive - Københavns Universitet\KUonedriveOW\9. Semester\Intro to Social Data Science\EXAM PROJECT
20240818153203;2024-08-18 16:09:33;200;47854;https://borgerforslag.dk/se-og-stoet-forslag/?Id=FT-04702;c:\Users\olive\OneDrive - Københavns Universitet\KUonedriveOW\9. Semester\Intro to Social Data Science\EXAM PROJECT
20240818153203;2024-08-18 16:09:35;200;38420;https://borgerforslag.dk/se-og-stoet-forslag/?Id=FT-04849;c:\Users\olive\OneDrive - Københavns Universitet\KUonedriveOW\9. Semester\Intro to Social Data Science\EXAM PROJECT
20240818153203;2024-08-18 16:09:36;200;35955;https://borgerforslag.dk/se-og-stoet-forslag/?Id=FT-04840;c:\Users\olive\OneDrive - Københavns Universitet\KUonedriveOW\9. Semester\Intro to Social Data Science\EXAM PROJECT
20240818153203;2024-08-18 16:09:38;200;35772;https://borgerforslag.dk/se-og-stoet-forslag/?Id=FT-04796;c:\Users\olive\OneDrive - Københavns Universitet\KUonedriveOW\9. Semester\Intro to Social Data Science\EXAM PROJECT
20240818153203;2024-08-18 16:09:40;200;41661;https://borgerforslag.dk/se-og-stoet-forslag/?Id=FT-04826;c:\Users\olive\OneDrive - Københavns Universitet\KUonedriveOW\9. Semester\Intro to Social Data Science\EXAM PROJECT
20240818153203;2024-08-18 16:09:42;200;47051;https://borgerforslag.dk/se-og-stoet-forslag/?Id=FT-04824;c:\Users\olive\OneDrive - Københavns Universitet\KUonedriveOW\9. Semester\Intro to Social Data Science\EXAM PROJECT
20240818153203;2024-08-18 16:09:44;200;36299;https://borgerforslag.dk/se-og-stoet-forslag/?Id=FT-04742;c:\Users\olive\OneDrive - Københavns Universitet\KUonedriveOW\9. Semester\Intro to Social Data Science\EXAM PROJECT
20240818153203;2024-08-18 16:09:46;200;37444;https://borgerforslag.dk/se-og-stoet-forslag/?Id=FT-04814;c:\Users\olive\OneDrive - Københavns Universitet\KUonedriveOW\9. Semester\Intro to Social Data Science\EXAM PROJECT
20240818153203;2024-08-18 16:09:48;200;42116;https://borgerforslag.dk/se-og-stoet-forslag/?Id=FT-04801;c:\Users\olive\OneDrive - Københavns Universitet\KUonedriveOW\9. Semester\Intro to Social Data Science\EXAM PROJECT
20240818153203;2024-08-18 16:09:49;200;37833;https://borgerforslag.dk/se-og-stoet-forslag/?Id=FT-04791;c:\Users\olive\OneDrive - Københavns Universitet\KUonedriveOW\9. Semester\Intro to Social Data Science\EXAM PROJECT
20240818153203;2024-08-18 16:09:51;200;35782;https://borgerforslag.dk/se-og-stoet-forslag/?Id=FT-04707;c:\Users\olive\OneDrive - Københavns Universitet\KUonedriveOW\9. Semester\Intro to Social Data Science\EXAM PROJECT
20240818153203;2024-08-18 16:09:53;200;36885;https://borgerforslag.dk/se-og-stoet-forslag/?Id=FT-04706;c:\Users\olive\OneDrive - Københavns Universitet\KUonedriveOW\9. Semester\Intro to Social Data Science\EXAM PROJECT
20240818153203;2024-08-18 16:09:55;200;36444;https://borgerforslag.dk/se-og-stoet-forslag/?Id=FT-04749;c:\Users\olive\OneDrive - Københavns Universitet\KUonedriveOW\9. Semester\Intro to Social Data Science\EXAM PROJECT
20240818153203;2024-08-18 16:09:56;200;36919;https://borgerforslag.dk/se-og-stoet-forslag/?Id=FT-04746;c:\Users\olive\OneDrive - Københavns Universitet\KUonedriveOW\9. Semester\Intro to Social Data Science\EXAM PROJECT
20240818153203;2024-08-18 16:09:59;200;35907;https://borgerforslag.dk/se-og-stoet-forslag/?Id=FT-04727;c:\Users\olive\OneDrive - Københavns Universitet\KUonedriveOW\9. Semester\Intro to Social Data Science\EXAM PROJECT
20240818153203;2024-08-18 16:10:01;200;45401;https://borgerforslag.dk/se-og-stoet-forslag/?Id=FT-04679;c:\Users\olive\OneDrive - Københavns Universitet\KUonedriveOW\9. Semester\Intro to Social Data Science\EXAM PROJECT
20240818153203;2024-08-18 16:10:06;200;38503;https://borgerforslag.dk/se-og-stoet-forslag/?Id=FT-04716;c:\Users\olive\OneDrive - Københavns Universitet\KUonedriveOW\9. Semester\Intro to Social Data Science\EXAM PROJECT
20240818153203;2024-08-18 16:10:08;200;39507;https://borgerforslag.dk/se-og-stoet-forslag/?Id=FT-04689;c:\Users\olive\OneDrive - Københavns Universitet\KUonedriveOW\9. Semester\Intro to Social Data Science\EXAM PROJECT
20240818153203;2024-08-18 16:10:10;200;35357;https://borgerforslag.dk/se-og-stoet-forslag/?Id=FT-04697;c:\Users\olive\OneDrive - Københavns Universitet\KUonedriveOW\9. Semester\Intro to Social Data Science\EXAM PROJECT
20240818153203;2024-08-18 16:10:11;200;35592;https://borgerforslag.dk/se-og-stoet-forslag/?Id=FT-04682;c:\Users\olive\OneDrive - Københavns Universitet\KUonedriveOW\9. Semester\Intro to Social Data Science\EXAM PROJECT
20240818153203;2024-08-18 16:10:13;200;35570;https://borgerforslag.dk/se-og-stoet-forslag/?Id=FT-04692;c:\Users\olive\OneDrive - Københavns Universitet\KUonedriveOW\9. Semester\Intro to Social Data Science\EXAM PROJECT
20240818153203;2024-08-18 16:10:15;200;35713;https://borgerforslag.dk/se-og-stoet-forslag/?Id=FT-04633;c:\Users\olive\OneDrive - Københavns Universitet\KUonedriveOW\9. Semester\Intro to Social Data Science\EXAM PROJECT
20240818153203;2024-08-18 16:10:17;200;41452;https://borgerforslag.dk/se-og-stoet-forslag/?Id=FT-04576;c:\Users\olive\OneDrive - Københavns Universitet\KUonedriveOW\9. Semester\Intro to Social Data Science\EXAM PROJECT
20240818153203;2024-08-18 16:10:19;200;37103;https://borgerforslag.dk/se-og-stoet-forslag/?Id=FT-04625;c:\Users\olive\OneDrive - Københavns Universitet\KUonedriveOW\9. Semester\Intro to Social Data Science\EXAM PROJECT
20240818153203;2024-08-18 16:10:21;200;50094;https://borgerforslag.dk/se-og-stoet-forslag/?Id=FT-04612;c:\Users\olive\OneDrive - Københavns Universitet\KUonedriveOW\9. Semester\Intro to Social Data Science\EXAM PROJECT
20240818153203;2024-08-18 16:10:24;200;37968;https://borgerforslag.dk/se-og-stoet-forslag/?Id=FT-04605;c:\Users\olive\OneDrive - Københavns Universitet\KUonedriveOW\9. Semester\Intro to Social Data Science\EXAM PROJECT
20240818153203;2024-08-18 16:10:26;200;37050;https://borgerforslag.dk/se-og-stoet-forslag/?Id=FT-04657;c:\Users\olive\OneDrive - Københavns Universitet\KUonedriveOW\9. Semester\Intro to Social Data Science\EXAM PROJECT
20240818153203;2024-08-18 16:10:28;200;39714;https://borgerforslag.dk/se-og-stoet-forslag/?Id=FT-04627;c:\Users\olive\OneDrive - Københavns Universitet\KUonedriveOW\9. Semester\Intro to Social Data Science\EXAM PROJECT
20240818153203;2024-08-18 16:10:30;200;45230;https://borgerforslag.dk/se-og-stoet-forslag/?Id=FT-04617;c:\Users\olive\OneDrive - Københavns Universitet\KUonedriveOW\9. Semester\Intro to Social Data Science\EXAM PROJECT
20240818153203;2024-08-18 16:10:32;200;35786;https://borgerforslag.dk/se-og-stoet-forslag/?Id=FT-04626;c:\Users\olive\OneDrive - Københavns Universitet\KUonedriveOW\9. Semester\Intro to Social Data Science\EXAM PROJECT
20240818153203;2024-08-18 16:10:34;200;37083;https://borgerforslag.dk/se-og-stoet-forslag/?Id=FT-04620;c:\Users\olive\OneDrive - Københavns Universitet\KUonedriveOW\9. Semester\Intro to Social Data Science\EXAM PROJECT
20240818153203;2024-08-18 16:10:36;200;37594;https://borgerforslag.dk/se-og-stoet-forslag/?Id=FT-04609;c:\Users\olive\OneDrive - Københavns Universitet\KUonedriveOW\9. Semester\Intro to Social Data Science\EXAM PROJECT
20240818153203;2024-08-18 16:10:38;200;35236;https://borgerforslag.dk/se-og-stoet-forslag/?Id=FT-04592;c:\Users\olive\OneDrive - Københavns Universitet\KUonedriveOW\9. Semester\Intro to Social Data Science\EXAM PROJECT
20240818153203;2024-08-18 16:10:40;200;37121;https://borgerforslag.dk/se-og-stoet-forslag/?Id=FT-04602;c:\Users\olive\OneDrive - Københavns Universitet\KUonedriveOW\9. Semester\Intro to Social Data Science\EXAM PROJECT
20240818153203;2024-08-18 16:10:42;200;36495;https://borgerforslag.dk/se-og-stoet-forslag/?Id=FT-04607;c:\Users\olive\OneDrive - Københavns Universitet\KUonedriveOW\9. Semester\Intro to Social Data Science\EXAM PROJECT
20240818153203;2024-08-18 16:10:44;200;37199;https://borgerforslag.dk/se-og-stoet-forslag/?Id=FT-04586;c:\Users\olive\OneDrive - Københavns Universitet\KUonedriveOW\9. Semester\Intro to Social Data Science\EXAM PROJECT
20240818153203;2024-08-18 16:10:45;200;35141;https://borgerforslag.dk/se-og-stoet-forslag/?Id=FT-04566;c:\Users\olive\OneDrive - Københavns Universitet\KUonedriveOW\9. Semester\Intro to Social Data Science\EXAM PROJECT
20240818153203;2024-08-18 16:10:47;200;40792;https://borgerforslag.dk/se-og-stoet-forslag/?Id=FT-04578;c:\Users\olive\OneDrive - Københavns Universitet\KUonedriveOW\9. Semester\Intro to Social Data Science\EXAM PROJECT
20240818153203;2024-08-18 16:10:52;200;35191;https://borgerforslag.dk/se-og-stoet-forslag/?Id=FT-04569;c:\Users\olive\OneDrive - Københavns Universitet\KUonedriveOW\9. Semester\Intro to Social Data Science\EXAM PROJECT
20240818153203;2024-08-18 16:10:54;200;43289;https://borgerforslag.dk/se-og-stoet-forslag/?Id=FT-04523;c:\Users\olive\OneDrive - Københavns Universitet\KUonedriveOW\9. Semester\Intro to Social Data Science\EXAM PROJECT
20240818153203;2024-08-18 16:10:56;200;36184;https://borgerforslag.dk/se-og-stoet-forslag/?Id=FT-04565;c:\Users\olive\OneDrive - Københavns Universitet\KUonedriveOW\9. Semester\Intro to Social Data Science\EXAM PROJECT
20240818153203;2024-08-18 16:10:58;200;36717;https://borgerforslag.dk/se-og-stoet-forslag/?Id=FT-04490;c:\Users\olive\OneDrive - Københavns Universitet\KUonedriveOW\9. Semester\Intro to Social Data Science\EXAM PROJECT
20240818153203;2024-08-18 16:11:00;200;40976;https://borgerforslag.dk/se-og-stoet-forslag/?Id=FT-04527;c:\Users\olive\OneDrive - Københavns Universitet\KUonedriveOW\9. Semester\Intro to Social Data Science\EXAM PROJECT
20240818153203;2024-08-18 16:11:02;200;37867;https://borgerforslag.dk/se-og-stoet-forslag/?Id=FT-04488;c:\Users\olive\OneDrive - Københavns Universitet\KUonedriveOW\9. Semester\Intro to Social Data Science\EXAM PROJECT
20240818153203;2024-08-18 16:11:06;200;35281;https://borgerforslag.dk/se-og-stoet-forslag/?Id=FT-04478;c:\Users\olive\OneDrive - Københavns Universitet\KUonedriveOW\9. Semester\Intro to Social Data Science\EXAM PROJECT
20240818153203;2024-08-18 16:11:08;200;35946;https://borgerforslag.dk/se-og-stoet-forslag/?Id=FT-04469;c:\Users\olive\OneDrive - Københavns Universitet\KUonedriveOW\9. Semester\Intro to Social Data Science\EXAM PROJECT
20240818153203;2024-08-18 16:11:10;200;35951;https://borgerforslag.dk/se-og-stoet-forslag/?Id=FT-04457;c:\Users\olive\OneDrive - Københavns Universitet\KUonedriveOW\9. Semester\Intro to Social Data Science\EXAM PROJECT
20240818153203;2024-08-18 16:11:12;200;44645;https://borgerforslag.dk/se-og-stoet-forslag/?Id=FT-04514;c:\Users\olive\OneDrive - Københavns Universitet\KUonedriveOW\9. Semester\Intro to Social Data Science\EXAM PROJECT
20240818153203;2024-08-18 16:11:14;200;36358;https://borgerforslag.dk/se-og-stoet-forslag/?Id=FT-04534;c:\Users\olive\OneDrive - Københavns Universitet\KUonedriveOW\9. Semester\Intro to Social Data Science\EXAM PROJECT
20240818153203;2024-08-18 16:11:16;200;34871;https://borgerforslag.dk/se-og-stoet-forslag/?Id=FT-04521;c:\Users\olive\OneDrive - Københavns Universitet\KUonedriveOW\9. Semester\Intro to Social Data Science\EXAM PROJECT
20240818153203;2024-08-18 16:11:18;200;41809;https://borgerforslag.dk/se-og-stoet-forslag/?Id=FT-04334;c:\Users\olive\OneDrive - Københavns Universitet\KUonedriveOW\9. Semester\Intro to Social Data Science\EXAM PROJECT
20240818153203;2024-08-18 16:11:19;200;37094;https://borgerforslag.dk/se-og-stoet-forslag/?Id=FT-04454;c:\Users\olive\OneDrive - Københavns Universitet\KUonedriveOW\9. Semester\Intro to Social Data Science\EXAM PROJECT
20240818153203;2024-08-18 16:11:21;200;35026;https://borgerforslag.dk/se-og-stoet-forslag/?Id=FT-04431;c:\Users\olive\OneDrive - Københavns Universitet\KUonedriveOW\9. Semester\Intro to Social Data Science\EXAM PROJECT
20240818153203;2024-08-18 16:11:23;200;36517;https://borgerforslag.dk/se-og-stoet-forslag/?Id=FT-04352;c:\Users\olive\OneDrive - Københavns Universitet\KUonedriveOW\9. Semester\Intro to Social Data Science\EXAM PROJECT
20240818153203;2024-08-18 16:11:25;200;36656;https://borgerforslag.dk/se-og-stoet-forslag/?Id=FT-04362;c:\Users\olive\OneDrive - Københavns Universitet\KUonedriveOW\9. Semester\Intro to Social Data Science\EXAM PROJECT
20240818153203;2024-08-18 16:11:27;200;38842;https://borgerforslag.dk/se-og-stoet-forslag/?Id=FT-04353;c:\Users\olive\OneDrive - Københavns Universitet\KUonedriveOW\9. Semester\Intro to Social Data Science\EXAM PROJECT
20240818153203;2024-08-18 16:11:28;200;35359;https://borgerforslag.dk/se-og-stoet-forslag/?Id=FT-04341;c:\Users\olive\OneDrive - Københavns Universitet\KUonedriveOW\9. Semester\Intro to Social Data Science\EXAM PROJECT
20240818153203;2024-08-18 16:11:31;200;35215;https://borgerforslag.dk/se-og-stoet-forslag/?Id=FT-04298;c:\Users\olive\OneDrive - Københavns Universitet\KUonedriveOW\9. Semester\Intro to Social Data Science\EXAM PROJECT
20240818153203;2024-08-18 16:11:34;200;38059;https://borgerforslag.dk/se-og-stoet-forslag/?Id=FT-04289;c:\Users\olive\OneDrive - Københavns Universitet\KUonedriveOW\9. Semester\Intro to Social Data Science\EXAM PROJECT
20240818153203;2024-08-18 16:11:36;200;41872;https://borgerforslag.dk/se-og-stoet-forslag/?Id=FT-04276;c:\Users\olive\OneDrive - Københavns Universitet\KUonedriveOW\9. Semester\Intro to Social Data Science\EXAM PROJECT
20240818153203;2024-08-18 16:11:37;200;40545;https://borgerforslag.dk/se-og-stoet-forslag/?Id=FT-04269;c:\Users\olive\OneDrive - Københavns Universitet\KUonedriveOW\9. Semester\Intro to Social Data Science\EXAM PROJECT
20240818153203;2024-08-18 16:11:39;200;43230;https://borgerforslag.dk/se-og-stoet-forslag/?Id=FT-04246;c:\Users\olive\OneDrive - Københavns Universitet\KUonedriveOW\9. Semester\Intro to Social Data Science\EXAM PROJECT
20240818153203;2024-08-18 16:11:41;200;36580;https://borgerforslag.dk/se-og-stoet-forslag/?Id=FT-04293;c:\Users\olive\OneDrive - Københavns Universitet\KUonedriveOW\9. Semester\Intro to Social Data Science\EXAM PROJECT
20240818153203;2024-08-18 16:11:42;200;35175;https://borgerforslag.dk/se-og-stoet-forslag/?Id=FT-04279;c:\Users\olive\OneDrive - Københavns Universitet\KUonedriveOW\9. Semester\Intro to Social Data Science\EXAM PROJECT
20240818153203;2024-08-18 16:11:44;200;37599;https://borgerforslag.dk/se-og-stoet-forslag/?Id=FT-04231;c:\Users\olive\OneDrive - Københavns Universitet\KUonedriveOW\9. Semester\Intro to Social Data Science\EXAM PROJECT
20240818153203;2024-08-18 16:11:46;200;35805;https://borgerforslag.dk/se-og-stoet-forslag/?Id=FT-04220;c:\Users\olive\OneDrive - Københavns Universitet\KUonedriveOW\9. Semester\Intro to Social Data Science\EXAM PROJECT
20240818153203;2024-08-18 16:11:51;200;35417;https://borgerforslag.dk/se-og-stoet-forslag/?Id=FT-04147;c:\Users\olive\OneDrive - Københavns Universitet\KUonedriveOW\9. Semester\Intro to Social Data Science\EXAM PROJECT
20240818153203;2024-08-18 16:11:53;200;36825;https://borgerforslag.dk/se-og-stoet-forslag/?Id=FT-04203;c:\Users\olive\OneDrive - Københavns Universitet\KUonedriveOW\9. Semester\Intro to Social Data Science\EXAM PROJECT
20240818153203;2024-08-18 16:11:54;200;37449;https://borgerforslag.dk/se-og-stoet-forslag/?Id=FT-04235;c:\Users\olive\OneDrive - Københavns Universitet\KUonedriveOW\9. Semester\Intro to Social Data Science\EXAM PROJECT
20240818153203;2024-08-18 16:11:56;200;41182;https://borgerforslag.dk/se-og-stoet-forslag/?Id=FT-04179;c:\Users\olive\OneDrive - Københavns Universitet\KUonedriveOW\9. Semester\Intro to Social Data Science\EXAM PROJECT
20240818153203;2024-08-18 16:11:57;200;41452;https://borgerforslag.dk/se-og-stoet-forslag/?Id=FT-04108;c:\Users\olive\OneDrive - Københavns Universitet\KUonedriveOW\9. Semester\Intro to Social Data Science\EXAM PROJECT
20240818153203;2024-08-18 16:11:59;200;41655;https://borgerforslag.dk/se-og-stoet-forslag/?Id=FT-04024;c:\Users\olive\OneDrive - Københavns Universitet\KUonedriveOW\9. Semester\Intro to Social Data Science\EXAM PROJECT
20240818153203;2024-08-18 16:12:01;200;42480;https://borgerforslag.dk/se-og-stoet-forslag/?Id=FT-04076;c:\Users\olive\OneDrive - Københavns Universitet\KUonedriveOW\9. Semester\Intro to Social Data Science\EXAM PROJECT
20240818153203;2024-08-18 16:12:02;200;37456;https://borgerforslag.dk/se-og-stoet-forslag/?Id=FT-04027;c:\Users\olive\OneDrive - Københavns Universitet\KUonedriveOW\9. Semester\Intro to Social Data Science\EXAM PROJECT
20240818153203;2024-08-18 16:12:04;200;37123;https://borgerforslag.dk/se-og-stoet-forslag/?Id=FT-03982;c:\Users\olive\OneDrive - Københavns Universitet\KUonedriveOW\9. Semester\Intro to Social Data Science\EXAM PROJECT
20240818153203;2024-08-18 16:12:06;200;36828;https://borgerforslag.dk/se-og-stoet-forslag/?Id=FT-04021;c:\Users\olive\OneDrive - Københavns Universitet\KUonedriveOW\9. Semester\Intro to Social Data Science\EXAM PROJECT
20240818153203;2024-08-18 16:12:07;200;35143;https://borgerforslag.dk/se-og-stoet-forslag/?Id=FT-04177;c:\Users\olive\OneDrive - Københavns Universitet\KUonedriveOW\9. Semester\Intro to Social Data Science\EXAM PROJECT
20240818153203;2024-08-18 16:12:09;200;44696;https://borgerforslag.dk/se-og-stoet-forslag/?Id=FT-04176;c:\Users\olive\OneDrive - Københavns Universitet\KUonedriveOW\9. Semester\Intro to Social Data Science\EXAM PROJECT
20240818153203;2024-08-18 16:12:11;200;35434;https://borgerforslag.dk/se-og-stoet-forslag/?Id=FT-04046;c:\Users\olive\OneDrive - Københavns Universitet\KUonedriveOW\9. Semester\Intro to Social Data Science\EXAM PROJECT
20240818153203;2024-08-18 16:12:13;200;36665;https://borgerforslag.dk/se-og-stoet-forslag/?Id=FT-04163;c:\Users\olive\OneDrive - Københavns Universitet\KUonedriveOW\9. Semester\Intro to Social Data Science\EXAM PROJECT
20240818153203;2024-08-18 16:12:15;200;45074;https://borgerforslag.dk/se-og-stoet-forslag/?Id=FT-04019;c:\Users\olive\OneDrive - Københavns Universitet\KUonedriveOW\9. Semester\Intro to Social Data Science\EXAM PROJECT
20240818153203;2024-08-18 16:12:16;200;38511;https://borgerforslag.dk/se-og-stoet-forslag/?Id=FT-04018;c:\Users\olive\OneDrive - Københavns Universitet\KUonedriveOW\9. Semester\Intro to Social Data Science\EXAM PROJECT
20240818153203;2024-08-18 16:12:18;200;38263;https://borgerforslag.dk/se-og-stoet-forslag/?Id=FT-03997;c:\Users\olive\OneDrive - Københavns Universitet\KUonedriveOW\9. Semester\Intro to Social Data Science\EXAM PROJECT
20240818153203;2024-08-18 16:12:20;200;35767;https://borgerforslag.dk/se-og-stoet-forslag/?Id=FT-04078;c:\Users\olive\OneDrive - Københavns Universitet\KUonedriveOW\9. Semester\Intro to Social Data Science\EXAM PROJECT
20240818153203;2024-08-18 16:12:21;200;35788;https://borgerforslag.dk/se-og-stoet-forslag/?Id=FT-04120;c:\Users\olive\OneDrive - Københavns Universitet\KUonedriveOW\9. Semester\Intro to Social Data Science\EXAM PROJECT
20240818153203;2024-08-18 16:12:23;200;39370;https://borgerforslag.dk/se-og-stoet-forslag/?Id=FT-03925;c:\Users\olive\OneDrive - Københavns Universitet\KUonedriveOW\9. Semester\Intro to Social Data Science\EXAM PROJECT
20240818153203;2024-08-18 16:12:25;200;35089;https://borgerforslag.dk/se-og-stoet-forslag/?Id=FT-04047;c:\Users\olive\OneDrive - Københavns Universitet\KUonedriveOW\9. Semester\Intro to Social Data Science\EXAM PROJECT
20240818153203;2024-08-18 16:12:27;200;35192;https://borgerforslag.dk/se-og-stoet-forslag/?Id=FT-04022;c:\Users\olive\OneDrive - Københavns Universitet\KUonedriveOW\9. Semester\Intro to Social Data Science\EXAM PROJECT
20240818153203;2024-08-18 16:12:29;200;36951;https://borgerforslag.dk/se-og-stoet-forslag/?Id=FT-03983;c:\Users\olive\OneDrive - Københavns Universitet\KUonedriveOW\9. Semester\Intro to Social Data Science\EXAM PROJECT
20240818153203;2024-08-18 16:12:30;200;36199;https://borgerforslag.dk/se-og-stoet-forslag/?Id=FT-03927;c:\Users\olive\OneDrive - Københavns Universitet\KUonedriveOW\9. Semester\Intro to Social Data Science\EXAM PROJECT
20240818153203;2024-08-18 16:12:32;200;35153;https://borgerforslag.dk/se-og-stoet-forslag/?Id=FT-03951;c:\Users\olive\OneDrive - Københavns Universitet\KUonedriveOW\9. Semester\Intro to Social Data Science\EXAM PROJECT
20240818153203;2024-08-18 16:12:34;200;37436;https://borgerforslag.dk/se-og-stoet-forslag/?Id=FT-03980;c:\Users\olive\OneDrive - Københavns Universitet\KUonedriveOW\9. Semester\Intro to Social Data Science\EXAM PROJECT
20240818153203;2024-08-18 16:12:36;200;35143;https://borgerforslag.dk/se-og-stoet-forslag/?Id=FT-03968;c:\Users\olive\OneDrive - Københavns Universitet\KUonedriveOW\9. Semester\Intro to Social Data Science\EXAM PROJECT
20240818153203;2024-08-18 16:12:38;200;37238;https://borgerforslag.dk/se-og-stoet-forslag/?Id=FT-03906;c:\Users\olive\OneDrive - Københavns Universitet\KUonedriveOW\9. Semester\Intro to Social Data Science\EXAM PROJECT
20240818153203;2024-08-18 16:12:40;200;36491;https://borgerforslag.dk/se-og-stoet-forslag/?Id=FT-03899;c:\Users\olive\OneDrive - Københavns Universitet\KUonedriveOW\9. Semester\Intro to Social Data Science\EXAM PROJECT
20240818153203;2024-08-18 16:12:41;200;36233;https://borgerforslag.dk/se-og-stoet-forslag/?Id=FT-03932;c:\Users\olive\OneDrive - Københavns Universitet\KUonedriveOW\9. Semester\Intro to Social Data Science\EXAM PROJECT
20240818153203;2024-08-18 16:12:43;200;35709;https://borgerforslag.dk/se-og-stoet-forslag/?Id=FT-03922;c:\Users\olive\OneDrive - Københavns Universitet\KUonedriveOW\9. Semester\Intro to Social Data Science\EXAM PROJECT
20240818153203;2024-08-18 16:12:44;200;36338;https://borgerforslag.dk/se-og-stoet-forslag/?Id=FT-03923;c:\Users\olive\OneDrive - Københavns Universitet\KUonedriveOW\9. Semester\Intro to Social Data Science\EXAM PROJECT
20240818153203;2024-08-18 16:12:46;200;35511;https://borgerforslag.dk/se-og-stoet-forslag/?Id=FT-03915;c:\Users\olive\OneDrive - Københavns Universitet\KUonedriveOW\9. Semester\Intro to Social Data Science\EXAM PROJECT
20240818153203;2024-08-18 16:12:50;200;35979;https://borgerforslag.dk/se-og-stoet-forslag/?Id=FT-03914;c:\Users\olive\OneDrive - Københavns Universitet\KUonedriveOW\9. Semester\Intro to Social Data Science\EXAM PROJECT
20240818153203;2024-08-18 16:12:52;200;35340;https://borgerforslag.dk/se-og-stoet-forslag/?Id=FT-03893;c:\Users\olive\OneDrive - Københavns Universitet\KUonedriveOW\9. Semester\Intro to Social Data Science\EXAM PROJECT
20240818153203;2024-08-18 16:12:53;200;38153;https://borgerforslag.dk/se-og-stoet-forslag/?Id=FT-03877;c:\Users\olive\OneDrive - Københavns Universitet\KUonedriveOW\9. Semester\Intro to Social Data Science\EXAM PROJECT
20240818153203;2024-08-18 16:12:55;200;47383;https://borgerforslag.dk/se-og-stoet-forslag/?Id=FT-03840;c:\Users\olive\OneDrive - Københavns Universitet\KUonedriveOW\9. Semester\Intro to Social Data Science\EXAM PROJECT
20240818153203;2024-08-18 16:12:57;200;38347;https://borgerforslag.dk/se-og-stoet-forslag/?Id=FT-03854;c:\Users\olive\OneDrive - Københavns Universitet\KUonedriveOW\9. Semester\Intro to Social Data Science\EXAM PROJECT
20240818153203;2024-08-18 16:12:58;200;38745;https://borgerforslag.dk/se-og-stoet-forslag/?Id=FT-03818;c:\Users\olive\OneDrive - Københavns Universitet\KUonedriveOW\9. Semester\Intro to Social Data Science\EXAM PROJECT
20240818153203;2024-08-18 16:13:00;200;41341;https://borgerforslag.dk/se-og-stoet-forslag/?Id=FT-03865;c:\Users\olive\OneDrive - Københavns Universitet\KUonedriveOW\9. Semester\Intro to Social Data Science\EXAM PROJECT
20240818153203;2024-08-18 16:13:02;200;36306;https://borgerforslag.dk/se-og-stoet-forslag/?Id=FT-03829;c:\Users\olive\OneDrive - Københavns Universitet\KUonedriveOW\9. Semester\Intro to Social Data Science\EXAM PROJECT
20240818153203;2024-08-18 16:13:03;200;38992;https://borgerforslag.dk/se-og-stoet-forslag/?Id=FT-03806;c:\Users\olive\OneDrive - Københavns Universitet\KUonedriveOW\9. Semester\Intro to Social Data Science\EXAM PROJECT
20240818153203;2024-08-18 16:13:05;200;35793;https://borgerforslag.dk/se-og-stoet-forslag/?Id=FT-03796;c:\Users\olive\OneDrive - Københavns Universitet\KUonedriveOW\9. Semester\Intro to Social Data Science\EXAM PROJECT
20240818153203;2024-08-18 16:13:07;200;38778;https://borgerforslag.dk/se-og-stoet-forslag/?Id=FT-03793;c:\Users\olive\OneDrive - Københavns Universitet\KUonedriveOW\9. Semester\Intro to Social Data Science\EXAM PROJECT
20240818153203;2024-08-18 16:13:08;200;39690;https://borgerforslag.dk/se-og-stoet-forslag/?Id=FT-03824;c:\Users\olive\OneDrive - Københavns Universitet\KUonedriveOW\9. Semester\Intro to Social Data Science\EXAM PROJECT
20240818153203;2024-08-18 16:13:10;200;37884;https://borgerforslag.dk/se-og-stoet-forslag/?Id=FT-03780;c:\Users\olive\OneDrive - Københavns Universitet\KUonedriveOW\9. Semester\Intro to Social Data Science\EXAM PROJECT
20240818153203;2024-08-18 16:13:11;200;37587;https://borgerforslag.dk/se-og-stoet-forslag/?Id=FT-03767;c:\Users\olive\OneDrive - Københavns Universitet\KUonedriveOW\9. Semester\Intro to Social Data Science\EXAM PROJECT
20240818153203;2024-08-18 16:13:13;200;37084;https://borgerforslag.dk/se-og-stoet-forslag/?Id=FT-03790;c:\Users\olive\OneDrive - Københavns Universitet\KUonedriveOW\9. Semester\Intro to Social Data Science\EXAM PROJECT
20240818153203;2024-08-18 16:13:14;200;34880;https://borgerforslag.dk/se-og-stoet-forslag/?Id=FT-03777;c:\Users\olive\OneDrive - Københavns Universitet\KUonedriveOW\9. Semester\Intro to Social Data Science\EXAM PROJECT
20240818153203;2024-08-18 16:13:22;200;35298;https://borgerforslag.dk/se-og-stoet-forslag/?Id=FT-03768;c:\Users\olive\OneDrive - Københavns Universitet\KUonedriveOW\9. Semester\Intro to Social Data Science\EXAM PROJECT
20240818153203;2024-08-18 16:13:24;200;35539;https://borgerforslag.dk/se-og-stoet-forslag/?Id=FT-03744;c:\Users\olive\OneDrive - Københavns Universitet\KUonedriveOW\9. Semester\Intro to Social Data Science\EXAM PROJECT
20240818153203;2024-08-18 16:13:25;200;38667;https://borgerforslag.dk/se-og-stoet-forslag/?Id=FT-03685;c:\Users\olive\OneDrive - Københavns Universitet\KUonedriveOW\9. Semester\Intro to Social Data Science\EXAM PROJECT
20240818153203;2024-08-18 16:13:27;200;40229;https://borgerforslag.dk/se-og-stoet-forslag/?Id=FT-03647;c:\Users\olive\OneDrive - Københavns Universitet\KUonedriveOW\9. Semester\Intro to Social Data Science\EXAM PROJECT
20240818153203;2024-08-18 16:13:29;200;35654;https://borgerforslag.dk/se-og-stoet-forslag/?Id=FT-03691;c:\Users\olive\OneDrive - Københavns Universitet\KUonedriveOW\9. Semester\Intro to Social Data Science\EXAM PROJECT
20240818153203;2024-08-18 16:13:30;200;40738;https://borgerforslag.dk/se-og-stoet-forslag/?Id=FT-03709;c:\Users\olive\OneDrive - Københavns Universitet\KUonedriveOW\9. Semester\Intro to Social Data Science\EXAM PROJECT
20240818153203;2024-08-18 16:13:35;200;36427;https://borgerforslag.dk/se-og-stoet-forslag/?Id=FT-03672;c:\Users\olive\OneDrive - Københavns Universitet\KUonedriveOW\9. Semester\Intro to Social Data Science\EXAM PROJECT
20240818153203;2024-08-18 16:13:38;200;39643;https://borgerforslag.dk/se-og-stoet-forslag/?Id=FT-03633;c:\Users\olive\OneDrive - Københavns Universitet\KUonedriveOW\9. Semester\Intro to Social Data Science\EXAM PROJECT
20240818153203;2024-08-18 16:13:39;200;39105;https://borgerforslag.dk/se-og-stoet-forslag/?Id=FT-03670;c:\Users\olive\OneDrive - Københavns Universitet\KUonedriveOW\9. Semester\Intro to Social Data Science\EXAM PROJECT
20240818153203;2024-08-18 16:13:41;200;37465;https://borgerforslag.dk/se-og-stoet-forslag/?Id=FT-03648;c:\Users\olive\OneDrive - Københavns Universitet\KUonedriveOW\9. Semester\Intro to Social Data Science\EXAM PROJECT
20240818153203;2024-08-18 16:13:42;200;35696;https://borgerforslag.dk/se-og-stoet-forslag/?Id=FT-03639;c:\Users\olive\OneDrive - Københavns Universitet\KUonedriveOW\9. Semester\Intro to Social Data Science\EXAM PROJECT
20240818153203;2024-08-18 16:13:44;200;41055;https://borgerforslag.dk/se-og-stoet-forslag/?Id=FT-03570;c:\Users\olive\OneDrive - Københavns Universitet\KUonedriveOW\9. Semester\Intro to Social Data Science\EXAM PROJECT
20240818153203;2024-08-18 16:13:46;200;37270;https://borgerforslag.dk/se-og-stoet-forslag/?Id=FT-03574;c:\Users\olive\OneDrive - Københavns Universitet\KUonedriveOW\9. Semester\Intro to Social Data Science\EXAM PROJECT
20240818153203;2024-08-18 16:13:48;200;38409;https://borgerforslag.dk/se-og-stoet-forslag/?Id=FT-03553;c:\Users\olive\OneDrive - Københavns Universitet\KUonedriveOW\9. Semester\Intro to Social Data Science\EXAM PROJECT
20240818153203;2024-08-18 16:13:51;200;35599;https://borgerforslag.dk/se-og-stoet-forslag/?Id=FT-03618;c:\Users\olive\OneDrive - Københavns Universitet\KUonedriveOW\9. Semester\Intro to Social Data Science\EXAM PROJECT
20240818153203;2024-08-18 16:13:53;200;36834;https://borgerforslag.dk/se-og-stoet-forslag/?Id=FT-03589;c:\Users\olive\OneDrive - Københavns Universitet\KUonedriveOW\9. Semester\Intro to Social Data Science\EXAM PROJECT
20240818153203;2024-08-18 16:13:55;200;35773;https://borgerforslag.dk/se-og-stoet-forslag/?Id=FT-03599;c:\Users\olive\OneDrive - Københavns Universitet\KUonedriveOW\9. Semester\Intro to Social Data Science\EXAM PROJECT
20240818153203;2024-08-18 16:13:56;200;37080;https://borgerforslag.dk/se-og-stoet-forslag/?Id=FT-03561;c:\Users\olive\OneDrive - Københavns Universitet\KUonedriveOW\9. Semester\Intro to Social Data Science\EXAM PROJECT
20240818153203;2024-08-18 16:13:58;200;38109;https://borgerforslag.dk/se-og-stoet-forslag/?Id=FT-03551;c:\Users\olive\OneDrive - Københavns Universitet\KUonedriveOW\9. Semester\Intro to Social Data Science\EXAM PROJECT
20240818153203;2024-08-18 16:13:59;200;48531;https://borgerforslag.dk/se-og-stoet-forslag/?Id=FT-03538;c:\Users\olive\OneDrive - Københavns Universitet\KUonedriveOW\9. Semester\Intro to Social Data Science\EXAM PROJECT
20240818153203;2024-08-18 16:14:01;200;38147;https://borgerforslag.dk/se-og-stoet-forslag/?Id=FT-03530;c:\Users\olive\OneDrive - Københavns Universitet\KUonedriveOW\9. Semester\Intro to Social Data Science\EXAM PROJECT
20240818153203;2024-08-18 16:14:06;200;37734;https://borgerforslag.dk/se-og-stoet-forslag/?Id=FT-03559;c:\Users\olive\OneDrive - Københavns Universitet\KUonedriveOW\9. Semester\Intro to Social Data Science\EXAM PROJECT
20240818153203;2024-08-18 16:14:08;200;36720;https://borgerforslag.dk/se-og-stoet-forslag/?Id=FT-03516;c:\Users\olive\OneDrive - Københavns Universitet\KUonedriveOW\9. Semester\Intro to Social Data Science\EXAM PROJECT
20240818153203;2024-08-18 16:14:09;200;36802;https://borgerforslag.dk/se-og-stoet-forslag/?Id=FT-03517;c:\Users\olive\OneDrive - Københavns Universitet\KUonedriveOW\9. Semester\Intro to Social Data Science\EXAM PROJECT
20240818153203;2024-08-18 16:14:11;200;43978;https://borgerforslag.dk/se-og-stoet-forslag/?Id=FT-03475;c:\Users\olive\OneDrive - Københavns Universitet\KUonedriveOW\9. Semester\Intro to Social Data Science\EXAM PROJECT
20240818153203;2024-08-18 16:14:13;200;38452;https://borgerforslag.dk/se-og-stoet-forslag/?Id=FT-03531;c:\Users\olive\OneDrive - Københavns Universitet\KUonedriveOW\9. Semester\Intro to Social Data Science\EXAM PROJECT
20240818153203;2024-08-18 16:14:15;200;35406;https://borgerforslag.dk/se-og-stoet-forslag/?Id=FT-03519;c:\Users\olive\OneDrive - Københavns Universitet\KUonedriveOW\9. Semester\Intro to Social Data Science\EXAM PROJECT
20240818153203;2024-08-18 16:14:17;200;35004;https://borgerforslag.dk/se-og-stoet-forslag/?Id=FT-03513;c:\Users\olive\OneDrive - Københavns Universitet\KUonedriveOW\9. Semester\Intro to Social Data Science\EXAM PROJECT
20240818153203;2024-08-18 16:14:20;200;40732;https://borgerforslag.dk/se-og-stoet-forslag/?Id=FT-03478;c:\Users\olive\OneDrive - Københavns Universitet\KUonedriveOW\9. Semester\Intro to Social Data Science\EXAM PROJECT
20240818153203;2024-08-18 16:14:22;200;35593;https://borgerforslag.dk/se-og-stoet-forslag/?Id=FT-03507;c:\Users\olive\OneDrive - Københavns Universitet\KUonedriveOW\9. Semester\Intro to Social Data Science\EXAM PROJECT
20240818153203;2024-08-18 16:14:24;200;36934;https://borgerforslag.dk/se-og-stoet-forslag/?Id=FT-03500;c:\Users\olive\OneDrive - Københavns Universitet\KUonedriveOW\9. Semester\Intro to Social Data Science\EXAM PROJECT
20240818153203;2024-08-18 16:14:26;200;37475;https://borgerforslag.dk/se-og-stoet-forslag/?Id=FT-03455;c:\Users\olive\OneDrive - Københavns Universitet\KUonedriveOW\9. Semester\Intro to Social Data Science\EXAM PROJECT
20240818153203;2024-08-18 16:14:27;200;36963;https://borgerforslag.dk/se-og-stoet-forslag/?Id=FT-03476;c:\Users\olive\OneDrive - Københavns Universitet\KUonedriveOW\9. Semester\Intro to Social Data Science\EXAM PROJECT
20240818153203;2024-08-18 16:14:29;200;41478;https://borgerforslag.dk/se-og-stoet-forslag/?Id=FT-03418;c:\Users\olive\OneDrive - Københavns Universitet\KUonedriveOW\9. Semester\Intro to Social Data Science\EXAM PROJECT
20240818153203;2024-08-18 16:14:30;200;37663;https://borgerforslag.dk/se-og-stoet-forslag/?Id=FT-03397;c:\Users\olive\OneDrive - Københavns Universitet\KUonedriveOW\9. Semester\Intro to Social Data Science\EXAM PROJECT
20240818153203;2024-08-18 16:14:32;200;36364;https://borgerforslag.dk/se-og-stoet-forslag/?Id=FT-03428;c:\Users\olive\OneDrive - Københavns Universitet\KUonedriveOW\9. Semester\Intro to Social Data Science\EXAM PROJECT
20240818153203;2024-08-18 16:14:34;200;36091;https://borgerforslag.dk/se-og-stoet-forslag/?Id=FT-03392;c:\Users\olive\OneDrive - Københavns Universitet\KUonedriveOW\9. Semester\Intro to Social Data Science\EXAM PROJECT
20240818153203;2024-08-18 16:14:36;200;36986;https://borgerforslag.dk/se-og-stoet-forslag/?Id=FT-03364;c:\Users\olive\OneDrive - Københavns Universitet\KUonedriveOW\9. Semester\Intro to Social Data Science\EXAM PROJECT
20240818153203;2024-08-18 16:14:39;200;45423;https://borgerforslag.dk/se-og-stoet-forslag/?Id=FT-03354;c:\Users\olive\OneDrive - Københavns Universitet\KUonedriveOW\9. Semester\Intro to Social Data Science\EXAM PROJECT
20240818153203;2024-08-18 16:14:40;200;39062;https://borgerforslag.dk/se-og-stoet-forslag/?Id=FT-03407;c:\Users\olive\OneDrive - Københavns Universitet\KUonedriveOW\9. Semester\Intro to Social Data Science\EXAM PROJECT
20240818153203;2024-08-18 16:14:42;200;41110;https://borgerforslag.dk/se-og-stoet-forslag/?Id=FT-03399;c:\Users\olive\OneDrive - Københavns Universitet\KUonedriveOW\9. Semester\Intro to Social Data Science\EXAM PROJECT
20240818153203;2024-08-18 16:14:44;200;35905;https://borgerforslag.dk/se-og-stoet-forslag/?Id=FT-03376;c:\Users\olive\OneDrive - Københavns Universitet\KUonedriveOW\9. Semester\Intro to Social Data Science\EXAM PROJECT
20240818153203;2024-08-18 16:14:45;200;35785;https://borgerforslag.dk/se-og-stoet-forslag/?Id=FT-03370;c:\Users\olive\OneDrive - Københavns Universitet\KUonedriveOW\9. Semester\Intro to Social Data Science\EXAM PROJECT
20240818153203;2024-08-18 16:14:48;200;36497;https://borgerforslag.dk/se-og-stoet-forslag/?Id=FT-03384;c:\Users\olive\OneDrive - Københavns Universitet\KUonedriveOW\9. Semester\Intro to Social Data Science\EXAM PROJECT
20240818153203;2024-08-18 16:14:50;200;34972;https://borgerforslag.dk/se-og-stoet-forslag/?Id=FT-03372;c:\Users\olive\OneDrive - Københavns Universitet\KUonedriveOW\9. Semester\Intro to Social Data Science\EXAM PROJECT
20240818153203;2024-08-18 16:14:51;200;35091;https://borgerforslag.dk/se-og-stoet-forslag/?Id=FT-03335;c:\Users\olive\OneDrive - Københavns Universitet\KUonedriveOW\9. Semester\Intro to Social Data Science\EXAM PROJECT
20240818153203;2024-08-18 16:14:53;200;38542;https://borgerforslag.dk/se-og-stoet-forslag/?Id=FT-03357;c:\Users\olive\OneDrive - Københavns Universitet\KUonedriveOW\9. Semester\Intro to Social Data Science\EXAM PROJECT
20240818153203;2024-08-18 16:14:55;200;36293;https://borgerforslag.dk/se-og-stoet-forslag/?Id=FT-03295;c:\Users\olive\OneDrive - Københavns Universitet\KUonedriveOW\9. Semester\Intro to Social Data Science\EXAM PROJECT
20240818153203;2024-08-18 16:14:56;200;47835;https://borgerforslag.dk/se-og-stoet-forslag/?Id=FT-03336;c:\Users\olive\OneDrive - Københavns Universitet\KUonedriveOW\9. Semester\Intro to Social Data Science\EXAM PROJECT
20240818153203;2024-08-18 16:14:58;200;36250;https://borgerforslag.dk/se-og-stoet-forslag/?Id=FT-03298;c:\Users\olive\OneDrive - Københavns Universitet\KUonedriveOW\9. Semester\Intro to Social Data Science\EXAM PROJECT
20240818153203;2024-08-18 16:15:01;200;36522;https://borgerforslag.dk/se-og-stoet-forslag/?Id=FT-03317;c:\Users\olive\OneDrive - Københavns Universitet\KUonedriveOW\9. Semester\Intro to Social Data Science\EXAM PROJECT
20240818153203;2024-08-18 16:15:02;200;37970;https://borgerforslag.dk/se-og-stoet-forslag/?Id=FT-03308;c:\Users\olive\OneDrive - Københavns Universitet\KUonedriveOW\9. Semester\Intro to Social Data Science\EXAM PROJECT
20240818153203;2024-08-18 16:15:04;200;36962;https://borgerforslag.dk/se-og-stoet-forslag/?Id=FT-03269;c:\Users\olive\OneDrive - Københavns Universitet\KUonedriveOW\9. Semester\Intro to Social Data Science\EXAM PROJECT
20240818153203;2024-08-18 16:15:06;200;37943;https://borgerforslag.dk/se-og-stoet-forslag/?Id=FT-03245;c:\Users\olive\OneDrive - Københavns Universitet\KUonedriveOW\9. Semester\Intro to Social Data Science\EXAM PROJECT
20240818153203;2024-08-18 16:15:07;200;39049;https://borgerforslag.dk/se-og-stoet-forslag/?Id=FT-03252;c:\Users\olive\OneDrive - Københavns Universitet\KUonedriveOW\9. Semester\Intro to Social Data Science\EXAM PROJECT
20240818153203;2024-08-18 16:15:10;200;38172;https://borgerforslag.dk/se-og-stoet-forslag/?Id=FT-03241;c:\Users\olive\OneDrive - Københavns Universitet\KUonedriveOW\9. Semester\Intro to Social Data Science\EXAM PROJECT
20240818153203;2024-08-18 16:15:11;200;36257;https://borgerforslag.dk/se-og-stoet-forslag/?Id=FT-03267;c:\Users\olive\OneDrive - Københavns Universitet\KUonedriveOW\9. Semester\Intro to Social Data Science\EXAM PROJECT
20240818153203;2024-08-18 16:15:13;200;38743;https://borgerforslag.dk/se-og-stoet-forslag/?Id=FT-03222;c:\Users\olive\OneDrive - Københavns Universitet\KUonedriveOW\9. Semester\Intro to Social Data Science\EXAM PROJECT
20240818153203;2024-08-18 16:15:15;200;36609;https://borgerforslag.dk/se-og-stoet-forslag/?Id=FT-03205;c:\Users\olive\OneDrive - Københavns Universitet\KUonedriveOW\9. Semester\Intro to Social Data Science\EXAM PROJECT
20240818153203;2024-08-18 16:15:16;200;38978;https://borgerforslag.dk/se-og-stoet-forslag/?Id=FT-03108;c:\Users\olive\OneDrive - Københavns Universitet\KUonedriveOW\9. Semester\Intro to Social Data Science\EXAM PROJECT
20240818153203;2024-08-18 16:15:19;200;43361;https://borgerforslag.dk/se-og-stoet-forslag/?Id=FT-03217;c:\Users\olive\OneDrive - Københavns Universitet\KUonedriveOW\9. Semester\Intro to Social Data Science\EXAM PROJECT
20240818153203;2024-08-18 16:15:20;200;40914;https://borgerforslag.dk/se-og-stoet-forslag/?Id=FT-03181;c:\Users\olive\OneDrive - Københavns Universitet\KUonedriveOW\9. Semester\Intro to Social Data Science\EXAM PROJECT
20240818153203;2024-08-18 16:15:22;200;36362;https://borgerforslag.dk/se-og-stoet-forslag/?Id=FT-03185;c:\Users\olive\OneDrive - Københavns Universitet\KUonedriveOW\9. Semester\Intro to Social Data Science\EXAM PROJECT
20240818153203;2024-08-18 16:15:23;200;43055;https://borgerforslag.dk/se-og-stoet-forslag/?Id=FT-03173;c:\Users\olive\OneDrive - Københavns Universitet\KUonedriveOW\9. Semester\Intro to Social Data Science\EXAM PROJECT
20240818153203;2024-08-18 16:15:25;200;45684;https://borgerforslag.dk/se-og-stoet-forslag/?Id=FT-03143;c:\Users\olive\OneDrive - Københavns Universitet\KUonedriveOW\9. Semester\Intro to Social Data Science\EXAM PROJECT
20240818153203;2024-08-18 16:15:26;200;38361;https://borgerforslag.dk/se-og-stoet-forslag/?Id=FT-03193;c:\Users\olive\OneDrive - Københavns Universitet\KUonedriveOW\9. Semester\Intro to Social Data Science\EXAM PROJECT
20240818153203;2024-08-18 16:15:28;200;36493;https://borgerforslag.dk/se-og-stoet-forslag/?Id=FT-03163;c:\Users\olive\OneDrive - Københavns Universitet\KUonedriveOW\9. Semester\Intro to Social Data Science\EXAM PROJECT
20240818153203;2024-08-18 16:15:30;200;37176;https://borgerforslag.dk/se-og-stoet-forslag/?Id=FT-03200;c:\Users\olive\OneDrive - Københavns Universitet\KUonedriveOW\9. Semester\Intro to Social Data Science\EXAM PROJECT
20240818153203;2024-08-18 16:15:31;200;39863;https://borgerforslag.dk/se-og-stoet-forslag/?Id=FT-03167;c:\Users\olive\OneDrive - Københavns Universitet\KUonedriveOW\9. Semester\Intro to Social Data Science\EXAM PROJECT
20240818153203;2024-08-18 16:15:33;200;35241;https://borgerforslag.dk/se-og-stoet-forslag/?Id=FT-03169;c:\Users\olive\OneDrive - Københavns Universitet\KUonedriveOW\9. Semester\Intro to Social Data Science\EXAM PROJECT
20240818153203;2024-08-18 16:15:35;200;36425;https://borgerforslag.dk/se-og-stoet-forslag/?Id=FT-03182;c:\Users\olive\OneDrive - Københavns Universitet\KUonedriveOW\9. Semester\Intro to Social Data Science\EXAM PROJECT
20240818153203;2024-08-18 16:15:37;200;36981;https://borgerforslag.dk/se-og-stoet-forslag/?Id=FT-03109;c:\Users\olive\OneDrive - Københavns Universitet\KUonedriveOW\9. Semester\Intro to Social Data Science\EXAM PROJECT
20240818153203;2024-08-18 16:15:39;200;35927;https://borgerforslag.dk/se-og-stoet-forslag/?Id=FT-03125;c:\Users\olive\OneDrive - Københavns Universitet\KUonedriveOW\9. Semester\Intro to Social Data Science\EXAM PROJECT
20240818153203;2024-08-18 16:15:41;200;35380;https://borgerforslag.dk/se-og-stoet-forslag/?Id=FT-03142;c:\Users\olive\OneDrive - Københavns Universitet\KUonedriveOW\9. Semester\Intro to Social Data Science\EXAM PROJECT
20240818153203;2024-08-18 16:15:43;200;37030;https://borgerforslag.dk/se-og-stoet-forslag/?Id=FT-03147;c:\Users\olive\OneDrive - Københavns Universitet\KUonedriveOW\9. Semester\Intro to Social Data Science\EXAM PROJECT
20240818153203;2024-08-18 16:15:44;200;36478;https://borgerforslag.dk/se-og-stoet-forslag/?Id=FT-03070;c:\Users\olive\OneDrive - Københavns Universitet\KUonedriveOW\9. Semester\Intro to Social Data Science\EXAM PROJECT
20240818153203;2024-08-18 16:15:46;200;37659;https://borgerforslag.dk/se-og-stoet-forslag/?Id=FT-03092;c:\Users\olive\OneDrive - Københavns Universitet\KUonedriveOW\9. Semester\Intro to Social Data Science\EXAM PROJECT
20240818153203;2024-08-18 16:15:48;200;37340;https://borgerforslag.dk/se-og-stoet-forslag/?Id=FT-03089;c:\Users\olive\OneDrive - Københavns Universitet\KUonedriveOW\9. Semester\Intro to Social Data Science\EXAM PROJECT
20240818153203;2024-08-18 16:15:49;200;36371;https://borgerforslag.dk/se-og-stoet-forslag/?Id=FT-03097;c:\Users\olive\OneDrive - Københavns Universitet\KUonedriveOW\9. Semester\Intro to Social Data Science\EXAM PROJECT
20240818153203;2024-08-18 16:15:51;200;42774;https://borgerforslag.dk/se-og-stoet-forslag/?Id=FT-03079;c:\Users\olive\OneDrive - Københavns Universitet\KUonedriveOW\9. Semester\Intro to Social Data Science\EXAM PROJECT
20240818153203;2024-08-18 16:15:53;200;37475;https://borgerforslag.dk/se-og-stoet-forslag/?Id=FT-03031;c:\Users\olive\OneDrive - Københavns Universitet\KUonedriveOW\9. Semester\Intro to Social Data Science\EXAM PROJECT
20240818153203;2024-08-18 16:15:54;200;36229;https://borgerforslag.dk/se-og-stoet-forslag/?Id=FT-03047;c:\Users\olive\OneDrive - Københavns Universitet\KUonedriveOW\9. Semester\Intro to Social Data Science\EXAM PROJECT
20240818153203;2024-08-18 16:15:56;200;46440;https://borgerforslag.dk/se-og-stoet-forslag/?Id=FT-03021;c:\Users\olive\OneDrive - Københavns Universitet\KUonedriveOW\9. Semester\Intro to Social Data Science\EXAM PROJECT
20240818153203;2024-08-18 16:15:59;200;36006;https://borgerforslag.dk/se-og-stoet-forslag/?Id=FT-03018;c:\Users\olive\OneDrive - Københavns Universitet\KUonedriveOW\9. Semester\Intro to Social Data Science\EXAM PROJECT
20240818153203;2024-08-18 16:16:00;200;36388;https://borgerforslag.dk/se-og-stoet-forslag/?Id=FT-03041;c:\Users\olive\OneDrive - Københavns Universitet\KUonedriveOW\9. Semester\Intro to Social Data Science\EXAM PROJECT
20240818153203;2024-08-18 16:16:02;200;37319;https://borgerforslag.dk/se-og-stoet-forslag/?Id=FT-03023;c:\Users\olive\OneDrive - Københavns Universitet\KUonedriveOW\9. Semester\Intro to Social Data Science\EXAM PROJECT
20240818153203;2024-08-18 16:16:04;200;35108;https://borgerforslag.dk/se-og-stoet-forslag/?Id=FT-03029;c:\Users\olive\OneDrive - Københavns Universitet\KUonedriveOW\9. Semester\Intro to Social Data Science\EXAM PROJECT
20240818153203;2024-08-18 16:16:05;200;35379;https://borgerforslag.dk/se-og-stoet-forslag/?Id=FT-03026;c:\Users\olive\OneDrive - Københavns Universitet\KUonedriveOW\9. Semester\Intro to Social Data Science\EXAM PROJECT
20240818153203;2024-08-18 16:16:07;200;38282;https://borgerforslag.dk/se-og-stoet-forslag/?Id=FT-02964;c:\Users\olive\OneDrive - Københavns Universitet\KUonedriveOW\9. Semester\Intro to Social Data Science\EXAM PROJECT
20240818153203;2024-08-18 16:16:09;200;36021;https://borgerforslag.dk/se-og-stoet-forslag/?Id=FT-02952;c:\Users\olive\OneDrive - Københavns Universitet\KUonedriveOW\9. Semester\Intro to Social Data Science\EXAM PROJECT
20240818153203;2024-08-18 16:16:10;200;39332;https://borgerforslag.dk/se-og-stoet-forslag/?Id=FT-02959;c:\Users\olive\OneDrive - Københavns Universitet\KUonedriveOW\9. Semester\Intro to Social Data Science\EXAM PROJECT
20240818153203;2024-08-18 16:16:12;200;35028;https://borgerforslag.dk/se-og-stoet-forslag/?Id=FT-02925;c:\Users\olive\OneDrive - Københavns Universitet\KUonedriveOW\9. Semester\Intro to Social Data Science\EXAM PROJECT
20240818153203;2024-08-18 16:16:14;200;36346;https://borgerforslag.dk/se-og-stoet-forslag/?Id=FT-03005;c:\Users\olive\OneDrive - Københavns Universitet\KUonedriveOW\9. Semester\Intro to Social Data Science\EXAM PROJECT
20240818153203;2024-08-18 16:16:16;200;39874;https://borgerforslag.dk/se-og-stoet-forslag/?Id=FT-02982;c:\Users\olive\OneDrive - Københavns Universitet\KUonedriveOW\9. Semester\Intro to Social Data Science\EXAM PROJECT
20240818153203;2024-08-18 16:16:18;200;35183;https://borgerforslag.dk/se-og-stoet-forslag/?Id=FT-02977;c:\Users\olive\OneDrive - Københavns Universitet\KUonedriveOW\9. Semester\Intro to Social Data Science\EXAM PROJECT
20240818153203;2024-08-18 16:16:20;200;36938;https://borgerforslag.dk/se-og-stoet-forslag/?Id=FT-02987;c:\Users\olive\OneDrive - Københavns Universitet\KUonedriveOW\9. Semester\Intro to Social Data Science\EXAM PROJECT
20240818153203;2024-08-18 16:16:22;200;35890;https://borgerforslag.dk/se-og-stoet-forslag/?Id=FT-02933;c:\Users\olive\OneDrive - Københavns Universitet\KUonedriveOW\9. Semester\Intro to Social Data Science\EXAM PROJECT
20240818153203;2024-08-18 16:16:24;200;37754;https://borgerforslag.dk/se-og-stoet-forslag/?Id=FT-02979;c:\Users\olive\OneDrive - Københavns Universitet\KUonedriveOW\9. Semester\Intro to Social Data Science\EXAM PROJECT
20240818153203;2024-08-18 16:16:26;200;38467;https://borgerforslag.dk/se-og-stoet-forslag/?Id=FT-02972;c:\Users\olive\OneDrive - Københavns Universitet\KUonedriveOW\9. Semester\Intro to Social Data Science\EXAM PROJECT
20240818153203;2024-08-18 16:16:28;200;34665;https://borgerforslag.dk/se-og-stoet-forslag/?Id=FT-02967;c:\Users\olive\OneDrive - Københavns Universitet\KUonedriveOW\9. Semester\Intro to Social Data Science\EXAM PROJECT
20240818153203;2024-08-18 16:16:29;200;37698;https://borgerforslag.dk/se-og-stoet-forslag/?Id=FT-02954;c:\Users\olive\OneDrive - Københavns Universitet\KUonedriveOW\9. Semester\Intro to Social Data Science\EXAM PROJECT
20240818153203;2024-08-18 16:16:31;200;39188;https://borgerforslag.dk/se-og-stoet-forslag/?Id=FT-02949;c:\Users\olive\OneDrive - Københavns Universitet\KUonedriveOW\9. Semester\Intro to Social Data Science\EXAM PROJECT
20240818153203;2024-08-18 16:16:32;200;53329;https://borgerforslag.dk/se-og-stoet-forslag/?Id=FT-02887;c:\Users\olive\OneDrive - Københavns Universitet\KUonedriveOW\9. Semester\Intro to Social Data Science\EXAM PROJECT
20240818153203;2024-08-18 16:16:34;200;36038;https://borgerforslag.dk/se-og-stoet-forslag/?Id=FT-02927;c:\Users\olive\OneDrive - Københavns Universitet\KUonedriveOW\9. Semester\Intro to Social Data Science\EXAM PROJECT
20240818153203;2024-08-18 16:16:36;200;38132;https://borgerforslag.dk/se-og-stoet-forslag/?Id=FT-02910;c:\Users\olive\OneDrive - Københavns Universitet\KUonedriveOW\9. Semester\Intro to Social Data Science\EXAM PROJECT
20240818153203;2024-08-18 16:16:37;200;36117;https://borgerforslag.dk/se-og-stoet-forslag/?Id=FT-02901;c:\Users\olive\OneDrive - Københavns Universitet\KUonedriveOW\9. Semester\Intro to Social Data Science\EXAM PROJECT
20240818153203;2024-08-18 16:16:40;200;39981;https://borgerforslag.dk/se-og-stoet-forslag/?Id=FT-02838;c:\Users\olive\OneDrive - Københavns Universitet\KUonedriveOW\9. Semester\Intro to Social Data Science\EXAM PROJECT
20240818153203;2024-08-18 16:16:42;200;36750;https://borgerforslag.dk/se-og-stoet-forslag/?Id=FT-02870;c:\Users\olive\OneDrive - Københavns Universitet\KUonedriveOW\9. Semester\Intro to Social Data Science\EXAM PROJECT
20240818153203;2024-08-18 16:16:44;200;40221;https://borgerforslag.dk/se-og-stoet-forslag/?Id=FT-02844;c:\Users\olive\OneDrive - Københavns Universitet\KUonedriveOW\9. Semester\Intro to Social Data Science\EXAM PROJECT
20240818153203;2024-08-18 16:16:46;200;37943;https://borgerforslag.dk/se-og-stoet-forslag/?Id=FT-02742;c:\Users\olive\OneDrive - Københavns Universitet\KUonedriveOW\9. Semester\Intro to Social Data Science\EXAM PROJECT
20240818153203;2024-08-18 16:16:47;200;38610;https://borgerforslag.dk/se-og-stoet-forslag/?Id=FT-02861;c:\Users\olive\OneDrive - Københavns Universitet\KUonedriveOW\9. Semester\Intro to Social Data Science\EXAM PROJECT
20240818153203;2024-08-18 16:16:49;200;40098;https://borgerforslag.dk/se-og-stoet-forslag/?Id=FT-02819;c:\Users\olive\OneDrive - Københavns Universitet\KUonedriveOW\9. Semester\Intro to Social Data Science\EXAM PROJECT
20240818153203;2024-08-18 16:16:51;200;37503;https://borgerforslag.dk/se-og-stoet-forslag/?Id=FT-02777;c:\Users\olive\OneDrive - Københavns Universitet\KUonedriveOW\9. Semester\Intro to Social Data Science\EXAM PROJECT
20240818153203;2024-08-18 16:16:52;200;35983;https://borgerforslag.dk/se-og-stoet-forslag/?Id=FT-02813;c:\Users\olive\OneDrive - Københavns Universitet\KUonedriveOW\9. Semester\Intro to Social Data Science\EXAM PROJECT
20240818153203;2024-08-18 16:16:54;200;44785;https://borgerforslag.dk/se-og-stoet-forslag/?Id=FT-02690;c:\Users\olive\OneDrive - Københavns Universitet\KUonedriveOW\9. Semester\Intro to Social Data Science\EXAM PROJECT
20240818153203;2024-08-18 16:16:56;200;35627;https://borgerforslag.dk/se-og-stoet-forslag/?Id=FT-02749;c:\Users\olive\OneDrive - Københavns Universitet\KUonedriveOW\9. Semester\Intro to Social Data Science\EXAM PROJECT
20240818153203;2024-08-18 16:16:58;200;35672;https://borgerforslag.dk/se-og-stoet-forslag/?Id=FT-02786;c:\Users\olive\OneDrive - Københavns Universitet\KUonedriveOW\9. Semester\Intro to Social Data Science\EXAM PROJECT
20240818153203;2024-08-18 16:17:00;200;45247;https://borgerforslag.dk/se-og-stoet-forslag/?Id=FT-02674;c:\Users\olive\OneDrive - Københavns Universitet\KUonedriveOW\9. Semester\Intro to Social Data Science\EXAM PROJECT
20240818153203;2024-08-18 16:17:02;200;36708;https://borgerforslag.dk/se-og-stoet-forslag/?Id=FT-02686;c:\Users\olive\OneDrive - Københavns Universitet\KUonedriveOW\9. Semester\Intro to Social Data Science\EXAM PROJECT
20240818153203;2024-08-18 16:17:04;200;45918;https://borgerforslag.dk/se-og-stoet-forslag/?Id=FT-02676;c:\Users\olive\OneDrive - Københavns Universitet\KUonedriveOW\9. Semester\Intro to Social Data Science\EXAM PROJECT
20240818153203;2024-08-18 16:17:05;200;40411;https://borgerforslag.dk/se-og-stoet-forslag/?Id=FT-02672;c:\Users\olive\OneDrive - Københavns Universitet\KUonedriveOW\9. Semester\Intro to Social Data Science\EXAM PROJECT
20240818153203;2024-08-18 16:17:07;200;36474;https://borgerforslag.dk/se-og-stoet-forslag/?Id=FT-02767;c:\Users\olive\OneDrive - Københavns Universitet\KUonedriveOW\9. Semester\Intro to Social Data Science\EXAM PROJECT
20240818153203;2024-08-18 16:17:09;200;37393;https://borgerforslag.dk/se-og-stoet-forslag/?Id=FT-02738;c:\Users\olive\OneDrive - Københavns Universitet\KUonedriveOW\9. Semester\Intro to Social Data Science\EXAM PROJECT
20240818153203;2024-08-18 16:17:11;200;37502;https://borgerforslag.dk/se-og-stoet-forslag/?Id=FT-02727;c:\Users\olive\OneDrive - Københavns Universitet\KUonedriveOW\9. Semester\Intro to Social Data Science\EXAM PROJECT
20240818153203;2024-08-18 16:17:13;200;36366;https://borgerforslag.dk/se-og-stoet-forslag/?Id=FT-02708;c:\Users\olive\OneDrive - Københavns Universitet\KUonedriveOW\9. Semester\Intro to Social Data Science\EXAM PROJECT
20240818153203;2024-08-18 16:17:14;200;38360;https://borgerforslag.dk/se-og-stoet-forslag/?Id=FT-02661;c:\Users\olive\OneDrive - Københavns Universitet\KUonedriveOW\9. Semester\Intro to Social Data Science\EXAM PROJECT
20240818153203;2024-08-18 16:17:16;200;38876;https://borgerforslag.dk/se-og-stoet-forslag/?Id=FT-02680;c:\Users\olive\OneDrive - Københavns Universitet\KUonedriveOW\9. Semester\Intro to Social Data Science\EXAM PROJECT
20240818153203;2024-08-18 16:17:17;200;38522;https://borgerforslag.dk/se-og-stoet-forslag/?Id=FT-02607;c:\Users\olive\OneDrive - Københavns Universitet\KUonedriveOW\9. Semester\Intro to Social Data Science\EXAM PROJECT
20240818153203;2024-08-18 16:17:19;200;38212;https://borgerforslag.dk/se-og-stoet-forslag/?Id=FT-02497;c:\Users\olive\OneDrive - Københavns Universitet\KUonedriveOW\9. Semester\Intro to Social Data Science\EXAM PROJECT
20240818153203;2024-08-18 16:17:21;200;35852;https://borgerforslag.dk/se-og-stoet-forslag/?Id=FT-02677;c:\Users\olive\OneDrive - Københavns Universitet\KUonedriveOW\9. Semester\Intro to Social Data Science\EXAM PROJECT
20240818153203;2024-08-18 16:17:22;200;37484;https://borgerforslag.dk/se-og-stoet-forslag/?Id=FT-02642;c:\Users\olive\OneDrive - Københavns Universitet\KUonedriveOW\9. Semester\Intro to Social Data Science\EXAM PROJECT
20240818153203;2024-08-18 16:17:24;200;35602;https://borgerforslag.dk/se-og-stoet-forslag/?Id=FT-02600;c:\Users\olive\OneDrive - Københavns Universitet\KUonedriveOW\9. Semester\Intro to Social Data Science\EXAM PROJECT
20240818153203;2024-08-18 16:17:26;200;45278;https://borgerforslag.dk/se-og-stoet-forslag/?Id=FT-02648;c:\Users\olive\OneDrive - Københavns Universitet\KUonedriveOW\9. Semester\Intro to Social Data Science\EXAM PROJECT
20240818153203;2024-08-18 16:17:27;200;36660;https://borgerforslag.dk/se-og-stoet-forslag/?Id=FT-02596;c:\Users\olive\OneDrive - Københavns Universitet\KUonedriveOW\9. Semester\Intro to Social Data Science\EXAM PROJECT
20240818153203;2024-08-18 16:17:29;200;38442;https://borgerforslag.dk/se-og-stoet-forslag/?Id=FT-02588;c:\Users\olive\OneDrive - Københavns Universitet\KUonedriveOW\9. Semester\Intro to Social Data Science\EXAM PROJECT
20240818153203;2024-08-18 16:17:31;200;37938;https://borgerforslag.dk/se-og-stoet-forslag/?Id=FT-02520;c:\Users\olive\OneDrive - Københavns Universitet\KUonedriveOW\9. Semester\Intro to Social Data Science\EXAM PROJECT
20240818153203;2024-08-18 16:17:33;200;41104;https://borgerforslag.dk/se-og-stoet-forslag/?Id=FT-02533;c:\Users\olive\OneDrive - Københavns Universitet\KUonedriveOW\9. Semester\Intro to Social Data Science\EXAM PROJECT
20240818153203;2024-08-18 16:17:34;200;35683;https://borgerforslag.dk/se-og-stoet-forslag/?Id=FT-02603;c:\Users\olive\OneDrive - Københavns Universitet\KUonedriveOW\9. Semester\Intro to Social Data Science\EXAM PROJECT
20240818153203;2024-08-18 16:17:36;200;39360;https://borgerforslag.dk/se-og-stoet-forslag/?Id=FT-02465;c:\Users\olive\OneDrive - Københavns Universitet\KUonedriveOW\9. Semester\Intro to Social Data Science\EXAM PROJECT
20240818153203;2024-08-18 16:17:38;200;40759;https://borgerforslag.dk/se-og-stoet-forslag/?Id=FT-02495;c:\Users\olive\OneDrive - Københavns Universitet\KUonedriveOW\9. Semester\Intro to Social Data Science\EXAM PROJECT
20240818153203;2024-08-18 16:17:40;200;35585;https://borgerforslag.dk/se-og-stoet-forslag/?Id=FT-02504;c:\Users\olive\OneDrive - Københavns Universitet\KUonedriveOW\9. Semester\Intro to Social Data Science\EXAM PROJECT
20240818153203;2024-08-18 16:17:42;200;37322;https://borgerforslag.dk/se-og-stoet-forslag/?Id=FT-02512;c:\Users\olive\OneDrive - Københavns Universitet\KUonedriveOW\9. Semester\Intro to Social Data Science\EXAM PROJECT
20240818153203;2024-08-18 16:17:43;200;36576;https://borgerforslag.dk/se-og-stoet-forslag/?Id=FT-02528;c:\Users\olive\OneDrive - Københavns Universitet\KUonedriveOW\9. Semester\Intro to Social Data Science\EXAM PROJECT
20240818153203;2024-08-18 16:17:45;200;39454;https://borgerforslag.dk/se-og-stoet-forslag/?Id=FT-02550;c:\Users\olive\OneDrive - Københavns Universitet\KUonedriveOW\9. Semester\Intro to Social Data Science\EXAM PROJECT
20240818153203;2024-08-18 16:17:47;200;36624;https://borgerforslag.dk/se-og-stoet-forslag/?Id=FT-02496;c:\Users\olive\OneDrive - Københavns Universitet\KUonedriveOW\9. Semester\Intro to Social Data Science\EXAM PROJECT
20240818153203;2024-08-18 16:17:48;200;36458;https://borgerforslag.dk/se-og-stoet-forslag/?Id=FT-02471;c:\Users\olive\OneDrive - Københavns Universitet\KUonedriveOW\9. Semester\Intro to Social Data Science\EXAM PROJECT
20240818153203;2024-08-18 16:17:50;200;44717;https://borgerforslag.dk/se-og-stoet-forslag/?Id=FT-02468;c:\Users\olive\OneDrive - Københavns Universitet\KUonedriveOW\9. Semester\Intro to Social Data Science\EXAM PROJECT
20240818153203;2024-08-18 16:17:51;200;45523;https://borgerforslag.dk/se-og-stoet-forslag/?Id=FT-02403;c:\Users\olive\OneDrive - Københavns Universitet\KUonedriveOW\9. Semester\Intro to Social Data Science\EXAM PROJECT
20240818153203;2024-08-18 16:17:54;200;35668;https://borgerforslag.dk/se-og-stoet-forslag/?Id=FT-02473;c:\Users\olive\OneDrive - Københavns Universitet\KUonedriveOW\9. Semester\Intro to Social Data Science\EXAM PROJECT
20240818153203;2024-08-18 16:17:55;200;36462;https://borgerforslag.dk/se-og-stoet-forslag/?Id=FT-02500;c:\Users\olive\OneDrive - Københavns Universitet\KUonedriveOW\9. Semester\Intro to Social Data Science\EXAM PROJECT
20240818153203;2024-08-18 16:17:57;200;41782;https://borgerforslag.dk/se-og-stoet-forslag/?Id=FT-02498;c:\Users\olive\OneDrive - Københavns Universitet\KUonedriveOW\9. Semester\Intro to Social Data Science\EXAM PROJECT
20240818153203;2024-08-18 16:17:59;200;35399;https://borgerforslag.dk/se-og-stoet-forslag/?Id=FT-02431;c:\Users\olive\OneDrive - Københavns Universitet\KUonedriveOW\9. Semester\Intro to Social Data Science\EXAM PROJECT
20240818153203;2024-08-18 16:18:01;200;39197;https://borgerforslag.dk/se-og-stoet-forslag/?Id=FT-02474;c:\Users\olive\OneDrive - Københavns Universitet\KUonedriveOW\9. Semester\Intro to Social Data Science\EXAM PROJECT
20240818153203;2024-08-18 16:18:03;200;40156;https://borgerforslag.dk/se-og-stoet-forslag/?Id=FT-02425;c:\Users\olive\OneDrive - Københavns Universitet\KUonedriveOW\9. Semester\Intro to Social Data Science\EXAM PROJECT
20240818153203;2024-08-18 16:18:05;200;36812;https://borgerforslag.dk/se-og-stoet-forslag/?Id=FT-02452;c:\Users\olive\OneDrive - Københavns Universitet\KUonedriveOW\9. Semester\Intro to Social Data Science\EXAM PROJECT
20240818153203;2024-08-18 16:18:07;200;35617;https://borgerforslag.dk/se-og-stoet-forslag/?Id=FT-02442;c:\Users\olive\OneDrive - Københavns Universitet\KUonedriveOW\9. Semester\Intro to Social Data Science\EXAM PROJECT
20240818153203;2024-08-18 16:18:08;200;36968;https://borgerforslag.dk/se-og-stoet-forslag/?Id=FT-02436;c:\Users\olive\OneDrive - Københavns Universitet\KUonedriveOW\9. Semester\Intro to Social Data Science\EXAM PROJECT
20240818153203;2024-08-18 16:18:10;200;37686;https://borgerforslag.dk/se-og-stoet-forslag/?Id=FT-02429;c:\Users\olive\OneDrive - Københavns Universitet\KUonedriveOW\9. Semester\Intro to Social Data Science\EXAM PROJECT
20240818153203;2024-08-18 16:18:12;200;43268;https://borgerforslag.dk/se-og-stoet-forslag/?Id=FT-02347;c:\Users\olive\OneDrive - Københavns Universitet\KUonedriveOW\9. Semester\Intro to Social Data Science\EXAM PROJECT
20240818153203;2024-08-18 16:18:14;200;36359;https://borgerforslag.dk/se-og-stoet-forslag/?Id=FT-02444;c:\Users\olive\OneDrive - Københavns Universitet\KUonedriveOW\9. Semester\Intro to Social Data Science\EXAM PROJECT
20240818153203;2024-08-18 16:18:15;200;35810;https://borgerforslag.dk/se-og-stoet-forslag/?Id=FT-02409;c:\Users\olive\OneDrive - Københavns Universitet\KUonedriveOW\9. Semester\Intro to Social Data Science\EXAM PROJECT
20240818153203;2024-08-18 16:18:17;200;40687;https://borgerforslag.dk/se-og-stoet-forslag/?Id=FT-02363;c:\Users\olive\OneDrive - Københavns Universitet\KUonedriveOW\9. Semester\Intro to Social Data Science\EXAM PROJECT
20240818153203;2024-08-18 16:18:19;200;47740;https://borgerforslag.dk/se-og-stoet-forslag/?Id=FT-02423;c:\Users\olive\OneDrive - Københavns Universitet\KUonedriveOW\9. Semester\Intro to Social Data Science\EXAM PROJECT
20240818153203;2024-08-18 16:18:21;200;36574;https://borgerforslag.dk/se-og-stoet-forslag/?Id=FT-02367;c:\Users\olive\OneDrive - Københavns Universitet\KUonedriveOW\9. Semester\Intro to Social Data Science\EXAM PROJECT
20240818153203;2024-08-18 16:18:23;200;36053;https://borgerforslag.dk/se-og-stoet-forslag/?Id=FT-02426;c:\Users\olive\OneDrive - Københavns Universitet\KUonedriveOW\9. Semester\Intro to Social Data Science\EXAM PROJECT
20240818153203;2024-08-18 16:18:24;200;36273;https://borgerforslag.dk/se-og-stoet-forslag/?Id=FT-02389;c:\Users\olive\OneDrive - Københavns Universitet\KUonedriveOW\9. Semester\Intro to Social Data Science\EXAM PROJECT
20240818153203;2024-08-18 16:18:26;200;37508;https://borgerforslag.dk/se-og-stoet-forslag/?Id=FT-02377;c:\Users\olive\OneDrive - Københavns Universitet\KUonedriveOW\9. Semester\Intro to Social Data Science\EXAM PROJECT
20240818153203;2024-08-18 16:18:28;200;36658;https://borgerforslag.dk/se-og-stoet-forslag/?Id=FT-02295;c:\Users\olive\OneDrive - Københavns Universitet\KUonedriveOW\9. Semester\Intro to Social Data Science\EXAM PROJECT
20240818153203;2024-08-18 16:18:30;200;37820;https://borgerforslag.dk/se-og-stoet-forslag/?Id=FT-02384;c:\Users\olive\OneDrive - Københavns Universitet\KUonedriveOW\9. Semester\Intro to Social Data Science\EXAM PROJECT
20240818153203;2024-08-18 16:18:31;200;38738;https://borgerforslag.dk/se-og-stoet-forslag/?Id=FT-02365;c:\Users\olive\OneDrive - Københavns Universitet\KUonedriveOW\9. Semester\Intro to Social Data Science\EXAM PROJECT
20240818153203;2024-08-18 16:18:33;200;47029;https://borgerforslag.dk/se-og-stoet-forslag/?Id=FT-02319;c:\Users\olive\OneDrive - Københavns Universitet\KUonedriveOW\9. Semester\Intro to Social Data Science\EXAM PROJECT
20240818153203;2024-08-18 16:18:35;200;40904;https://borgerforslag.dk/se-og-stoet-forslag/?Id=FT-02252;c:\Users\olive\OneDrive - Københavns Universitet\KUonedriveOW\9. Semester\Intro to Social Data Science\EXAM PROJECT
20240818153203;2024-08-18 16:18:36;200;36903;https://borgerforslag.dk/se-og-stoet-forslag/?Id=FT-02342;c:\Users\olive\OneDrive - Københavns Universitet\KUonedriveOW\9. Semester\Intro to Social Data Science\EXAM PROJECT
20240818153203;2024-08-18 16:18:38;200;36596;https://borgerforslag.dk/se-og-stoet-forslag/?Id=FT-02334;c:\Users\olive\OneDrive - Københavns Universitet\KUonedriveOW\9. Semester\Intro to Social Data Science\EXAM PROJECT
20240818153203;2024-08-18 16:18:40;200;35867;https://borgerforslag.dk/se-og-stoet-forslag/?Id=FT-02312;c:\Users\olive\OneDrive - Københavns Universitet\KUonedriveOW\9. Semester\Intro to Social Data Science\EXAM PROJECT
20240818153203;2024-08-18 16:18:42;200;40569;https://borgerforslag.dk/se-og-stoet-forslag/?Id=FT-02272;c:\Users\olive\OneDrive - Københavns Universitet\KUonedriveOW\9. Semester\Intro to Social Data Science\EXAM PROJECT
20240818153203;2024-08-18 16:18:44;200;36638;https://borgerforslag.dk/se-og-stoet-forslag/?Id=FT-02261;c:\Users\olive\OneDrive - Københavns Universitet\KUonedriveOW\9. Semester\Intro to Social Data Science\EXAM PROJECT
20240818153203;2024-08-18 16:18:46;200;36593;https://borgerforslag.dk/se-og-stoet-forslag/?Id=FT-02264;c:\Users\olive\OneDrive - Københavns Universitet\KUonedriveOW\9. Semester\Intro to Social Data Science\EXAM PROJECT
20240818153203;2024-08-18 16:18:48;200;35549;https://borgerforslag.dk/se-og-stoet-forslag/?Id=FT-02284;c:\Users\olive\OneDrive - Københavns Universitet\KUonedriveOW\9. Semester\Intro to Social Data Science\EXAM PROJECT
20240818153203;2024-08-18 16:18:50;200;39079;https://borgerforslag.dk/se-og-stoet-forslag/?Id=FT-02281;c:\Users\olive\OneDrive - Københavns Universitet\KUonedriveOW\9. Semester\Intro to Social Data Science\EXAM PROJECT
20240818153203;2024-08-18 16:18:52;200;36859;https://borgerforslag.dk/se-og-stoet-forslag/?Id=FT-02216;c:\Users\olive\OneDrive - Københavns Universitet\KUonedriveOW\9. Semester\Intro to Social Data Science\EXAM PROJECT
20240818153203;2024-08-18 16:18:54;200;36757;https://borgerforslag.dk/se-og-stoet-forslag/?Id=FT-02256;c:\Users\olive\OneDrive - Københavns Universitet\KUonedriveOW\9. Semester\Intro to Social Data Science\EXAM PROJECT
20240818153203;2024-08-18 16:18:55;200;49233;https://borgerforslag.dk/se-og-stoet-forslag/?Id=FT-02233;c:\Users\olive\OneDrive - Københavns Universitet\KUonedriveOW\9. Semester\Intro to Social Data Science\EXAM PROJECT
20240818153203;2024-08-18 16:18:57;200;37134;https://borgerforslag.dk/se-og-stoet-forslag/?Id=FT-02238;c:\Users\olive\OneDrive - Københavns Universitet\KUonedriveOW\9. Semester\Intro to Social Data Science\EXAM PROJECT
20240818153203;2024-08-18 16:18:59;200;39600;https://borgerforslag.dk/se-og-stoet-forslag/?Id=FT-02251;c:\Users\olive\OneDrive - Københavns Universitet\KUonedriveOW\9. Semester\Intro to Social Data Science\EXAM PROJECT
20240818153203;2024-08-18 16:19:01;200;41514;https://borgerforslag.dk/se-og-stoet-forslag/?Id=FT-02195;c:\Users\olive\OneDrive - Københavns Universitet\KUonedriveOW\9. Semester\Intro to Social Data Science\EXAM PROJECT
20240818153203;2024-08-18 16:19:03;200;37953;https://borgerforslag.dk/se-og-stoet-forslag/?Id=FT-02219;c:\Users\olive\OneDrive - Københavns Universitet\KUonedriveOW\9. Semester\Intro to Social Data Science\EXAM PROJECT
20240818153203;2024-08-18 16:19:05;200;39286;https://borgerforslag.dk/se-og-stoet-forslag/?Id=FT-02197;c:\Users\olive\OneDrive - Københavns Universitet\KUonedriveOW\9. Semester\Intro to Social Data Science\EXAM PROJECT
20240818153203;2024-08-18 16:19:07;200;38231;https://borgerforslag.dk/se-og-stoet-forslag/?Id=FT-02203;c:\Users\olive\OneDrive - Københavns Universitet\KUonedriveOW\9. Semester\Intro to Social Data Science\EXAM PROJECT
20240818153203;2024-08-18 16:19:08;200;36855;https://borgerforslag.dk/se-og-stoet-forslag/?Id=FT-02202;c:\Users\olive\OneDrive - Københavns Universitet\KUonedriveOW\9. Semester\Intro to Social Data Science\EXAM PROJECT
20240818153203;2024-08-18 16:19:10;200;34772;https://borgerforslag.dk/se-og-stoet-forslag/?Id=FT-02185;c:\Users\olive\OneDrive - Københavns Universitet\KUonedriveOW\9. Semester\Intro to Social Data Science\EXAM PROJECT
20240818153203;2024-08-18 16:19:11;200;35609;https://borgerforslag.dk/se-og-stoet-forslag/?Id=FT-02196;c:\Users\olive\OneDrive - Københavns Universitet\KUonedriveOW\9. Semester\Intro to Social Data Science\EXAM PROJECT
20240818153203;2024-08-18 16:19:14;200;39438;https://borgerforslag.dk/se-og-stoet-forslag/?Id=FT-02178;c:\Users\olive\OneDrive - Københavns Universitet\KUonedriveOW\9. Semester\Intro to Social Data Science\EXAM PROJECT
20240818153203;2024-08-18 16:19:16;200;37981;https://borgerforslag.dk/se-og-stoet-forslag/?Id=FT-02183;c:\Users\olive\OneDrive - Københavns Universitet\KUonedriveOW\9. Semester\Intro to Social Data Science\EXAM PROJECT
20240818153203;2024-08-18 16:19:17;200;36552;https://borgerforslag.dk/se-og-stoet-forslag/?Id=FT-02175;c:\Users\olive\OneDrive - Københavns Universitet\KUonedriveOW\9. Semester\Intro to Social Data Science\EXAM PROJECT
20240818153203;2024-08-18 16:19:19;200;38062;https://borgerforslag.dk/se-og-stoet-forslag/?Id=FT-02163;c:\Users\olive\OneDrive - Københavns Universitet\KUonedriveOW\9. Semester\Intro to Social Data Science\EXAM PROJECT
20240818153203;2024-08-18 16:19:21;200;40175;https://borgerforslag.dk/se-og-stoet-forslag/?Id=FT-02160;c:\Users\olive\OneDrive - Københavns Universitet\KUonedriveOW\9. Semester\Intro to Social Data Science\EXAM PROJECT
20240818153203;2024-08-18 16:19:23;200;39229;https://borgerforslag.dk/se-og-stoet-forslag/?Id=FT-02103;c:\Users\olive\OneDrive - Københavns Universitet\KUonedriveOW\9. Semester\Intro to Social Data Science\EXAM PROJECT
20240818153203;2024-08-18 16:19:25;200;37858;https://borgerforslag.dk/se-og-stoet-forslag/?Id=FT-02093;c:\Users\olive\OneDrive - Københavns Universitet\KUonedriveOW\9. Semester\Intro to Social Data Science\EXAM PROJECT
20240818153203;2024-08-18 16:19:27;200;37283;https://borgerforslag.dk/se-og-stoet-forslag/?Id=FT-02061;c:\Users\olive\OneDrive - Københavns Universitet\KUonedriveOW\9. Semester\Intro to Social Data Science\EXAM PROJECT
20240818153203;2024-08-18 16:19:29;200;37821;https://borgerforslag.dk/se-og-stoet-forslag/?Id=FT-02087;c:\Users\olive\OneDrive - Københavns Universitet\KUonedriveOW\9. Semester\Intro to Social Data Science\EXAM PROJECT
20240818153203;2024-08-18 16:19:31;200;51721;https://borgerforslag.dk/se-og-stoet-forslag/?Id=FT-02060;c:\Users\olive\OneDrive - Københavns Universitet\KUonedriveOW\9. Semester\Intro to Social Data Science\EXAM PROJECT
20240818153203;2024-08-18 16:19:33;200;39247;https://borgerforslag.dk/se-og-stoet-forslag/?Id=FT-02065;c:\Users\olive\OneDrive - Københavns Universitet\KUonedriveOW\9. Semester\Intro to Social Data Science\EXAM PROJECT
20240818153203;2024-08-18 16:19:34;200;36457;https://borgerforslag.dk/se-og-stoet-forslag/?Id=FT-02120;c:\Users\olive\OneDrive - Københavns Universitet\KUonedriveOW\9. Semester\Intro to Social Data Science\EXAM PROJECT
20240818153203;2024-08-18 16:19:36;200;38226;https://borgerforslag.dk/se-og-stoet-forslag/?Id=FT-02044;c:\Users\olive\OneDrive - Københavns Universitet\KUonedriveOW\9. Semester\Intro to Social Data Science\EXAM PROJECT
20240818153203;2024-08-18 16:19:38;200;37863;https://borgerforslag.dk/se-og-stoet-forslag/?Id=FT-02113;c:\Users\olive\OneDrive - Københavns Universitet\KUonedriveOW\9. Semester\Intro to Social Data Science\EXAM PROJECT
20240818153203;2024-08-18 16:19:40;200;37140;https://borgerforslag.dk/se-og-stoet-forslag/?Id=FT-02082;c:\Users\olive\OneDrive - Københavns Universitet\KUonedriveOW\9. Semester\Intro to Social Data Science\EXAM PROJECT
20240818153203;2024-08-18 16:19:41;200;36056;https://borgerforslag.dk/se-og-stoet-forslag/?Id=FT-02083;c:\Users\olive\OneDrive - Københavns Universitet\KUonedriveOW\9. Semester\Intro to Social Data Science\EXAM PROJECT
20240818153203;2024-08-18 16:19:43;200;36273;https://borgerforslag.dk/se-og-stoet-forslag/?Id=FT-02062;c:\Users\olive\OneDrive - Københavns Universitet\KUonedriveOW\9. Semester\Intro to Social Data Science\EXAM PROJECT
20240818153203;2024-08-18 16:19:45;200;36265;https://borgerforslag.dk/se-og-stoet-forslag/?Id=FT-02026;c:\Users\olive\OneDrive - Københavns Universitet\KUonedriveOW\9. Semester\Intro to Social Data Science\EXAM PROJECT
20240818153203;2024-08-18 16:19:47;200;36662;https://borgerforslag.dk/se-og-stoet-forslag/?Id=FT-02051;c:\Users\olive\OneDrive - Københavns Universitet\KUonedriveOW\9. Semester\Intro to Social Data Science\EXAM PROJECT
20240818153203;2024-08-18 16:19:49;200;36451;https://borgerforslag.dk/se-og-stoet-forslag/?Id=FT-02013;c:\Users\olive\OneDrive - Københavns Universitet\KUonedriveOW\9. Semester\Intro to Social Data Science\EXAM PROJECT
20240818153203;2024-08-18 16:19:51;200;35776;https://borgerforslag.dk/se-og-stoet-forslag/?Id=FT-02024;c:\Users\olive\OneDrive - Københavns Universitet\KUonedriveOW\9. Semester\Intro to Social Data Science\EXAM PROJECT
20240818153203;2024-08-18 16:19:52;200;34916;https://borgerforslag.dk/se-og-stoet-forslag/?Id=FT-02040;c:\Users\olive\OneDrive - Københavns Universitet\KUonedriveOW\9. Semester\Intro to Social Data Science\EXAM PROJECT
20240818153203;2024-08-18 16:19:53;200;38736;https://borgerforslag.dk/se-og-stoet-forslag/?Id=FT-02020;c:\Users\olive\OneDrive - Københavns Universitet\KUonedriveOW\9. Semester\Intro to Social Data Science\EXAM PROJECT
20240818153203;2024-08-18 16:19:55;200;37519;https://borgerforslag.dk/se-og-stoet-forslag/?Id=FT-02014;c:\Users\olive\OneDrive - Københavns Universitet\KUonedriveOW\9. Semester\Intro to Social Data Science\EXAM PROJECT
20240818153203;2024-08-18 16:19:57;200;36841;https://borgerforslag.dk/se-og-stoet-forslag/?Id=FT-01962;c:\Users\olive\OneDrive - Københavns Universitet\KUonedriveOW\9. Semester\Intro to Social Data Science\EXAM PROJECT
20240818153203;2024-08-18 16:20:00;200;39065;https://borgerforslag.dk/se-og-stoet-forslag/?Id=FT-01974;c:\Users\olive\OneDrive - Københavns Universitet\KUonedriveOW\9. Semester\Intro to Social Data Science\EXAM PROJECT
20240818153203;2024-08-18 16:20:01;200;46670;https://borgerforslag.dk/se-og-stoet-forslag/?Id=FT-01969;c:\Users\olive\OneDrive - Københavns Universitet\KUonedriveOW\9. Semester\Intro to Social Data Science\EXAM PROJECT
20240818153203;2024-08-18 16:20:03;200;34980;https://borgerforslag.dk/se-og-stoet-forslag/?Id=FT-02016;c:\Users\olive\OneDrive - Københavns Universitet\KUonedriveOW\9. Semester\Intro to Social Data Science\EXAM PROJECT
20240818153203;2024-08-18 16:20:05;200;36762;https://borgerforslag.dk/se-og-stoet-forslag/?Id=FT-01956;c:\Users\olive\OneDrive - Københavns Universitet\KUonedriveOW\9. Semester\Intro to Social Data Science\EXAM PROJECT
20240818153203;2024-08-18 16:20:06;200;39387;https://borgerforslag.dk/se-og-stoet-forslag/?Id=FT-01959;c:\Users\olive\OneDrive - Københavns Universitet\KUonedriveOW\9. Semester\Intro to Social Data Science\EXAM PROJECT
20240818153203;2024-08-18 16:20:09;200;38310;https://borgerforslag.dk/se-og-stoet-forslag/?Id=FT-01966;c:\Users\olive\OneDrive - Københavns Universitet\KUonedriveOW\9. Semester\Intro to Social Data Science\EXAM PROJECT
20240818153203;2024-08-18 16:20:11;200;40818;https://borgerforslag.dk/se-og-stoet-forslag/?Id=FT-01957;c:\Users\olive\OneDrive - Københavns Universitet\KUonedriveOW\9. Semester\Intro to Social Data Science\EXAM PROJECT
20240818153203;2024-08-18 16:20:12;200;37169;https://borgerforslag.dk/se-og-stoet-forslag/?Id=FT-01944;c:\Users\olive\OneDrive - Københavns Universitet\KUonedriveOW\9. Semester\Intro to Social Data Science\EXAM PROJECT
20240818153203;2024-08-18 16:20:14;200;37300;https://borgerforslag.dk/se-og-stoet-forslag/?Id=FT-01934;c:\Users\olive\OneDrive - Københavns Universitet\KUonedriveOW\9. Semester\Intro to Social Data Science\EXAM PROJECT
20240818153203;2024-08-18 16:20:15;200;35468;https://borgerforslag.dk/se-og-stoet-forslag/?Id=FT-01867;c:\Users\olive\OneDrive - Københavns Universitet\KUonedriveOW\9. Semester\Intro to Social Data Science\EXAM PROJECT
20240818153203;2024-08-18 16:20:17;200;37963;https://borgerforslag.dk/se-og-stoet-forslag/?Id=FT-01908;c:\Users\olive\OneDrive - Københavns Universitet\KUonedriveOW\9. Semester\Intro to Social Data Science\EXAM PROJECT
20240818153203;2024-08-18 16:20:19;200;35783;https://borgerforslag.dk/se-og-stoet-forslag/?Id=FT-01917;c:\Users\olive\OneDrive - Københavns Universitet\KUonedriveOW\9. Semester\Intro to Social Data Science\EXAM PROJECT
20240818153203;2024-08-18 16:20:20;200;35686;https://borgerforslag.dk/se-og-stoet-forslag/?Id=FT-01909;c:\Users\olive\OneDrive - Københavns Universitet\KUonedriveOW\9. Semester\Intro to Social Data Science\EXAM PROJECT
20240818153203;2024-08-18 16:20:22;200;45329;https://borgerforslag.dk/se-og-stoet-forslag/?Id=FT-01888;c:\Users\olive\OneDrive - Københavns Universitet\KUonedriveOW\9. Semester\Intro to Social Data Science\EXAM PROJECT
20240818153203;2024-08-18 16:20:24;200;36672;https://borgerforslag.dk/se-og-stoet-forslag/?Id=FT-01884;c:\Users\olive\OneDrive - Københavns Universitet\KUonedriveOW\9. Semester\Intro to Social Data Science\EXAM PROJECT
20240818153203;2024-08-18 16:20:26;200;38672;https://borgerforslag.dk/se-og-stoet-forslag/?Id=FT-01840;c:\Users\olive\OneDrive - Københavns Universitet\KUonedriveOW\9. Semester\Intro to Social Data Science\EXAM PROJECT
20240818153203;2024-08-18 16:20:28;200;38421;https://borgerforslag.dk/se-og-stoet-forslag/?Id=FT-01871;c:\Users\olive\OneDrive - Københavns Universitet\KUonedriveOW\9. Semester\Intro to Social Data Science\EXAM PROJECT
20240818153203;2024-08-18 16:20:29;200;38175;https://borgerforslag.dk/se-og-stoet-forslag/?Id=FT-01879;c:\Users\olive\OneDrive - Københavns Universitet\KUonedriveOW\9. Semester\Intro to Social Data Science\EXAM PROJECT
20240818153203;2024-08-18 16:20:30;200;36299;https://borgerforslag.dk/se-og-stoet-forslag/?Id=FT-01874;c:\Users\olive\OneDrive - Københavns Universitet\KUonedriveOW\9. Semester\Intro to Social Data Science\EXAM PROJECT
20240818153203;2024-08-18 16:20:32;200;34999;https://borgerforslag.dk/se-og-stoet-forslag/?Id=FT-01859;c:\Users\olive\OneDrive - Københavns Universitet\KUonedriveOW\9. Semester\Intro to Social Data Science\EXAM PROJECT
20240818153203;2024-08-18 16:20:34;200;38157;https://borgerforslag.dk/se-og-stoet-forslag/?Id=FT-01863;c:\Users\olive\OneDrive - Københavns Universitet\KUonedriveOW\9. Semester\Intro to Social Data Science\EXAM PROJECT
20240818153203;2024-08-18 16:20:36;200;37907;https://borgerforslag.dk/se-og-stoet-forslag/?Id=FT-01794;c:\Users\olive\OneDrive - Københavns Universitet\KUonedriveOW\9. Semester\Intro to Social Data Science\EXAM PROJECT
20240818153203;2024-08-18 16:20:38;200;36394;https://borgerforslag.dk/se-og-stoet-forslag/?Id=FT-01841;c:\Users\olive\OneDrive - Københavns Universitet\KUonedriveOW\9. Semester\Intro to Social Data Science\EXAM PROJECT
20240818153203;2024-08-18 16:20:39;200;38955;https://borgerforslag.dk/se-og-stoet-forslag/?Id=FT-01783;c:\Users\olive\OneDrive - Københavns Universitet\KUonedriveOW\9. Semester\Intro to Social Data Science\EXAM PROJECT
20240818153203;2024-08-18 16:20:41;200;38622;https://borgerforslag.dk/se-og-stoet-forslag/?Id=FT-01691;c:\Users\olive\OneDrive - Københavns Universitet\KUonedriveOW\9. Semester\Intro to Social Data Science\EXAM PROJECT
20240818153203;2024-08-18 16:20:43;200;37124;https://borgerforslag.dk/se-og-stoet-forslag/?Id=FT-01800;c:\Users\olive\OneDrive - Københavns Universitet\KUonedriveOW\9. Semester\Intro to Social Data Science\EXAM PROJECT
20240818153203;2024-08-18 16:20:44;200;37035;https://borgerforslag.dk/se-og-stoet-forslag/?Id=FT-01711;c:\Users\olive\OneDrive - Københavns Universitet\KUonedriveOW\9. Semester\Intro to Social Data Science\EXAM PROJECT
20240818153203;2024-08-18 16:20:46;200;38906;https://borgerforslag.dk/se-og-stoet-forslag/?Id=FT-01693;c:\Users\olive\OneDrive - Københavns Universitet\KUonedriveOW\9. Semester\Intro to Social Data Science\EXAM PROJECT
20240818153203;2024-08-18 16:20:47;200;36631;https://borgerforslag.dk/se-og-stoet-forslag/?Id=FT-01750;c:\Users\olive\OneDrive - Københavns Universitet\KUonedriveOW\9. Semester\Intro to Social Data Science\EXAM PROJECT
20240818153203;2024-08-18 16:20:50;200;39728;https://borgerforslag.dk/se-og-stoet-forslag/?Id=FT-01745;c:\Users\olive\OneDrive - Københavns Universitet\KUonedriveOW\9. Semester\Intro to Social Data Science\EXAM PROJECT
20240818153203;2024-08-18 16:20:51;200;36369;https://borgerforslag.dk/se-og-stoet-forslag/?Id=FT-01689;c:\Users\olive\OneDrive - Københavns Universitet\KUonedriveOW\9. Semester\Intro to Social Data Science\EXAM PROJECT
20240818153203;2024-08-18 16:20:53;200;37703;https://borgerforslag.dk/se-og-stoet-forslag/?Id=FT-01610;c:\Users\olive\OneDrive - Københavns Universitet\KUonedriveOW\9. Semester\Intro to Social Data Science\EXAM PROJECT
20240818153203;2024-08-18 16:20:54;200;34941;https://borgerforslag.dk/se-og-stoet-forslag/?Id=FT-01719;c:\Users\olive\OneDrive - Københavns Universitet\KUonedriveOW\9. Semester\Intro to Social Data Science\EXAM PROJECT
20240818153203;2024-08-18 16:20:56;200;40843;https://borgerforslag.dk/se-og-stoet-forslag/?Id=FT-01710;c:\Users\olive\OneDrive - Københavns Universitet\KUonedriveOW\9. Semester\Intro to Social Data Science\EXAM PROJECT
20240818153203;2024-08-18 16:20:57;200;38450;https://borgerforslag.dk/se-og-stoet-forslag/?Id=FT-01664;c:\Users\olive\OneDrive - Københavns Universitet\KUonedriveOW\9. Semester\Intro to Social Data Science\EXAM PROJECT
20240818153203;2024-08-18 16:20:59;200;39762;https://borgerforslag.dk/se-og-stoet-forslag/?Id=FT-01661;c:\Users\olive\OneDrive - Københavns Universitet\KUonedriveOW\9. Semester\Intro to Social Data Science\EXAM PROJECT
20240818153203;2024-08-18 16:21:01;200;35822;https://borgerforslag.dk/se-og-stoet-forslag/?Id=FT-01690;c:\Users\olive\OneDrive - Københavns Universitet\KUonedriveOW\9. Semester\Intro to Social Data Science\EXAM PROJECT
20240818153203;2024-08-18 16:21:02;200;35577;https://borgerforslag.dk/se-og-stoet-forslag/?Id=FT-01624;c:\Users\olive\OneDrive - Københavns Universitet\KUonedriveOW\9. Semester\Intro to Social Data Science\EXAM PROJECT
20240818153203;2024-08-18 16:21:03;200;37359;https://borgerforslag.dk/se-og-stoet-forslag/?Id=FT-01631;c:\Users\olive\OneDrive - Københavns Universitet\KUonedriveOW\9. Semester\Intro to Social Data Science\EXAM PROJECT
20240818153203;2024-08-18 16:21:06;200;36330;https://borgerforslag.dk/se-og-stoet-forslag/?Id=FT-01623;c:\Users\olive\OneDrive - Københavns Universitet\KUonedriveOW\9. Semester\Intro to Social Data Science\EXAM PROJECT
20240818153203;2024-08-18 16:21:07;200;37401;https://borgerforslag.dk/se-og-stoet-forslag/?Id=FT-01629;c:\Users\olive\OneDrive - Københavns Universitet\KUonedriveOW\9. Semester\Intro to Social Data Science\EXAM PROJECT
20240818153203;2024-08-18 16:21:09;200;36845;https://borgerforslag.dk/se-og-stoet-forslag/?Id=FT-01639;c:\Users\olive\OneDrive - Københavns Universitet\KUonedriveOW\9. Semester\Intro to Social Data Science\EXAM PROJECT
20240818153203;2024-08-18 16:21:11;200;39109;https://borgerforslag.dk/se-og-stoet-forslag/?Id=FT-01585;c:\Users\olive\OneDrive - Københavns Universitet\KUonedriveOW\9. Semester\Intro to Social Data Science\EXAM PROJECT
20240818153203;2024-08-18 16:21:12;200;36491;https://borgerforslag.dk/se-og-stoet-forslag/?Id=FT-01652;c:\Users\olive\OneDrive - Københavns Universitet\KUonedriveOW\9. Semester\Intro to Social Data Science\EXAM PROJECT
20240818153203;2024-08-18 16:21:14;200;37596;https://borgerforslag.dk/se-og-stoet-forslag/?Id=FT-01650;c:\Users\olive\OneDrive - Københavns Universitet\KUonedriveOW\9. Semester\Intro to Social Data Science\EXAM PROJECT
20240818153203;2024-08-18 16:21:15;200;34680;https://borgerforslag.dk/se-og-stoet-forslag/?Id=FT-01622;c:\Users\olive\OneDrive - Københavns Universitet\KUonedriveOW\9. Semester\Intro to Social Data Science\EXAM PROJECT
20240818153203;2024-08-18 16:21:17;200;40272;https://borgerforslag.dk/se-og-stoet-forslag/?Id=FT-01568;c:\Users\olive\OneDrive - Københavns Universitet\KUonedriveOW\9. Semester\Intro to Social Data Science\EXAM PROJECT
20240818153203;2024-08-18 16:21:19;200;37642;https://borgerforslag.dk/se-og-stoet-forslag/?Id=FT-01569;c:\Users\olive\OneDrive - Københavns Universitet\KUonedriveOW\9. Semester\Intro to Social Data Science\EXAM PROJECT
20240818153203;2024-08-18 16:21:21;200;36725;https://borgerforslag.dk/se-og-stoet-forslag/?Id=FT-01607;c:\Users\olive\OneDrive - Københavns Universitet\KUonedriveOW\9. Semester\Intro to Social Data Science\EXAM PROJECT
20240818153203;2024-08-18 16:21:23;200;38261;https://borgerforslag.dk/se-og-stoet-forslag/?Id=FT-01592;c:\Users\olive\OneDrive - Københavns Universitet\KUonedriveOW\9. Semester\Intro to Social Data Science\EXAM PROJECT
20240818153203;2024-08-18 16:21:24;200;36067;https://borgerforslag.dk/se-og-stoet-forslag/?Id=FT-01574;c:\Users\olive\OneDrive - Københavns Universitet\KUonedriveOW\9. Semester\Intro to Social Data Science\EXAM PROJECT
20240818153203;2024-08-18 16:21:26;200;38705;https://borgerforslag.dk/se-og-stoet-forslag/?Id=FT-01590;c:\Users\olive\OneDrive - Københavns Universitet\KUonedriveOW\9. Semester\Intro to Social Data Science\EXAM PROJECT
20240818153203;2024-08-18 16:21:28;200;37888;https://borgerforslag.dk/se-og-stoet-forslag/?Id=FT-01576;c:\Users\olive\OneDrive - Københavns Universitet\KUonedriveOW\9. Semester\Intro to Social Data Science\EXAM PROJECT
20240818153203;2024-08-18 16:21:29;200;35706;https://borgerforslag.dk/se-og-stoet-forslag/?Id=FT-01550;c:\Users\olive\OneDrive - Københavns Universitet\KUonedriveOW\9. Semester\Intro to Social Data Science\EXAM PROJECT
20240818153203;2024-08-18 16:21:31;200;46589;https://borgerforslag.dk/se-og-stoet-forslag/?Id=FT-01516;c:\Users\olive\OneDrive - Københavns Universitet\KUonedriveOW\9. Semester\Intro to Social Data Science\EXAM PROJECT
20240818153203;2024-08-18 16:21:33;200;35304;https://borgerforslag.dk/se-og-stoet-forslag/?Id=FT-01452;c:\Users\olive\OneDrive - Københavns Universitet\KUonedriveOW\9. Semester\Intro to Social Data Science\EXAM PROJECT
20240818153203;2024-08-18 16:21:34;200;36500;https://borgerforslag.dk/se-og-stoet-forslag/?Id=FT-01486;c:\Users\olive\OneDrive - Københavns Universitet\KUonedriveOW\9. Semester\Intro to Social Data Science\EXAM PROJECT
20240818153203;2024-08-18 16:21:36;200;37424;https://borgerforslag.dk/se-og-stoet-forslag/?Id=FT-01500;c:\Users\olive\OneDrive - Københavns Universitet\KUonedriveOW\9. Semester\Intro to Social Data Science\EXAM PROJECT
20240818153203;2024-08-18 16:21:37;200;46976;https://borgerforslag.dk/se-og-stoet-forslag/?Id=FT-01417;c:\Users\olive\OneDrive - Københavns Universitet\KUonedriveOW\9. Semester\Intro to Social Data Science\EXAM PROJECT
20240818153203;2024-08-18 16:21:38;200;38491;https://borgerforslag.dk/se-og-stoet-forslag/?Id=FT-01460;c:\Users\olive\OneDrive - Københavns Universitet\KUonedriveOW\9. Semester\Intro to Social Data Science\EXAM PROJECT
20240818153203;2024-08-18 16:21:40;200;35907;https://borgerforslag.dk/se-og-stoet-forslag/?Id=FT-01509;c:\Users\olive\OneDrive - Københavns Universitet\KUonedriveOW\9. Semester\Intro to Social Data Science\EXAM PROJECT
20240818153203;2024-08-18 16:21:43;200;43714;https://borgerforslag.dk/se-og-stoet-forslag/?Id=FT-01508;c:\Users\olive\OneDrive - Københavns Universitet\KUonedriveOW\9. Semester\Intro to Social Data Science\EXAM PROJECT
20240818153203;2024-08-18 16:21:44;200;36579;https://borgerforslag.dk/se-og-stoet-forslag/?Id=FT-01445;c:\Users\olive\OneDrive - Københavns Universitet\KUonedriveOW\9. Semester\Intro to Social Data Science\EXAM PROJECT
20240818153203;2024-08-18 16:21:46;200;37011;https://borgerforslag.dk/se-og-stoet-forslag/?Id=FT-01456;c:\Users\olive\OneDrive - Københavns Universitet\KUonedriveOW\9. Semester\Intro to Social Data Science\EXAM PROJECT
20240818153203;2024-08-18 16:21:48;200;36202;https://borgerforslag.dk/se-og-stoet-forslag/?Id=FT-01453;c:\Users\olive\OneDrive - Københavns Universitet\KUonedriveOW\9. Semester\Intro to Social Data Science\EXAM PROJECT
20240818153203;2024-08-18 16:21:50;200;43035;https://borgerforslag.dk/se-og-stoet-forslag/?Id=FT-01411;c:\Users\olive\OneDrive - Københavns Universitet\KUonedriveOW\9. Semester\Intro to Social Data Science\EXAM PROJECT
20240818153203;2024-08-18 16:21:51;200;35575;https://borgerforslag.dk/se-og-stoet-forslag/?Id=FT-01407;c:\Users\olive\OneDrive - Københavns Universitet\KUonedriveOW\9. Semester\Intro to Social Data Science\EXAM PROJECT
20240818153203;2024-08-18 16:21:53;200;36499;https://borgerforslag.dk/se-og-stoet-forslag/?Id=FT-01443;c:\Users\olive\OneDrive - Københavns Universitet\KUonedriveOW\9. Semester\Intro to Social Data Science\EXAM PROJECT
20240818153203;2024-08-18 16:21:54;200;36540;https://borgerforslag.dk/se-og-stoet-forslag/?Id=FT-01422;c:\Users\olive\OneDrive - Københavns Universitet\KUonedriveOW\9. Semester\Intro to Social Data Science\EXAM PROJECT
20240818153203;2024-08-18 16:21:56;200;40369;https://borgerforslag.dk/se-og-stoet-forslag/?Id=FT-01401;c:\Users\olive\OneDrive - Københavns Universitet\KUonedriveOW\9. Semester\Intro to Social Data Science\EXAM PROJECT
20240818153203;2024-08-18 16:21:58;200;35851;https://borgerforslag.dk/se-og-stoet-forslag/?Id=FT-01327;c:\Users\olive\OneDrive - Københavns Universitet\KUonedriveOW\9. Semester\Intro to Social Data Science\EXAM PROJECT
20240818153203;2024-08-18 16:21:59;200;36647;https://borgerforslag.dk/se-og-stoet-forslag/?Id=FT-01390;c:\Users\olive\OneDrive - Københavns Universitet\KUonedriveOW\9. Semester\Intro to Social Data Science\EXAM PROJECT
20240818153203;2024-08-18 16:22:01;200;39459;https://borgerforslag.dk/se-og-stoet-forslag/?Id=FT-01359;c:\Users\olive\OneDrive - Københavns Universitet\KUonedriveOW\9. Semester\Intro to Social Data Science\EXAM PROJECT
20240818153203;2024-08-18 16:22:03;200;59955;https://borgerforslag.dk/se-og-stoet-forslag/?Id=FT-01333;c:\Users\olive\OneDrive - Københavns Universitet\KUonedriveOW\9. Semester\Intro to Social Data Science\EXAM PROJECT
20240818153203;2024-08-18 16:22:04;200;37349;https://borgerforslag.dk/se-og-stoet-forslag/?Id=FT-01360;c:\Users\olive\OneDrive - Københavns Universitet\KUonedriveOW\9. Semester\Intro to Social Data Science\EXAM PROJECT
20240818153203;2024-08-18 16:22:06;200;42055;https://borgerforslag.dk/se-og-stoet-forslag/?Id=FT-01313;c:\Users\olive\OneDrive - Københavns Universitet\KUonedriveOW\9. Semester\Intro to Social Data Science\EXAM PROJECT
20240818153203;2024-08-18 16:22:08;200;36963;https://borgerforslag.dk/se-og-stoet-forslag/?Id=FT-01352;c:\Users\olive\OneDrive - Københavns Universitet\KUonedriveOW\9. Semester\Intro to Social Data Science\EXAM PROJECT
20240818153203;2024-08-18 16:22:10;200;45347;https://borgerforslag.dk/se-og-stoet-forslag/?Id=FT-01321;c:\Users\olive\OneDrive - Københavns Universitet\KUonedriveOW\9. Semester\Intro to Social Data Science\EXAM PROJECT
20240818153203;2024-08-18 16:22:12;200;46351;https://borgerforslag.dk/se-og-stoet-forslag/?Id=FT-01302;c:\Users\olive\OneDrive - Københavns Universitet\KUonedriveOW\9. Semester\Intro to Social Data Science\EXAM PROJECT
20240818153203;2024-08-18 16:22:13;200;36272;https://borgerforslag.dk/se-og-stoet-forslag/?Id=FT-01348;c:\Users\olive\OneDrive - Københavns Universitet\KUonedriveOW\9. Semester\Intro to Social Data Science\EXAM PROJECT
20240818153203;2024-08-18 16:22:15;200;39934;https://borgerforslag.dk/se-og-stoet-forslag/?Id=FT-01326;c:\Users\olive\OneDrive - Københavns Universitet\KUonedriveOW\9. Semester\Intro to Social Data Science\EXAM PROJECT
20240818153203;2024-08-18 16:22:17;200;45435;https://borgerforslag.dk/se-og-stoet-forslag/?Id=FT-01320;c:\Users\olive\OneDrive - Københavns Universitet\KUonedriveOW\9. Semester\Intro to Social Data Science\EXAM PROJECT
20240818153203;2024-08-18 16:22:18;200;36838;https://borgerforslag.dk/se-og-stoet-forslag/?Id=FT-01332;c:\Users\olive\OneDrive - Københavns Universitet\KUonedriveOW\9. Semester\Intro to Social Data Science\EXAM PROJECT
20240818153203;2024-08-18 16:22:20;200;38751;https://borgerforslag.dk/se-og-stoet-forslag/?Id=FT-01315;c:\Users\olive\OneDrive - Københavns Universitet\KUonedriveOW\9. Semester\Intro to Social Data Science\EXAM PROJECT
20240818153203;2024-08-18 16:22:22;200;41013;https://borgerforslag.dk/se-og-stoet-forslag/?Id=FT-01281;c:\Users\olive\OneDrive - Københavns Universitet\KUonedriveOW\9. Semester\Intro to Social Data Science\EXAM PROJECT
20240818153203;2024-08-18 16:22:23;200;37436;https://borgerforslag.dk/se-og-stoet-forslag/?Id=FT-01223;c:\Users\olive\OneDrive - Københavns Universitet\KUonedriveOW\9. Semester\Intro to Social Data Science\EXAM PROJECT
20240818153203;2024-08-18 16:22:25;200;37854;https://borgerforslag.dk/se-og-stoet-forslag/?Id=FT-01283;c:\Users\olive\OneDrive - Københavns Universitet\KUonedriveOW\9. Semester\Intro to Social Data Science\EXAM PROJECT
20240818153203;2024-08-18 16:22:27;200;41075;https://borgerforslag.dk/se-og-stoet-forslag/?Id=FT-01284;c:\Users\olive\OneDrive - Københavns Universitet\KUonedriveOW\9. Semester\Intro to Social Data Science\EXAM PROJECT
20240818153203;2024-08-18 16:22:29;200;38519;https://borgerforslag.dk/se-og-stoet-forslag/?Id=FT-01277;c:\Users\olive\OneDrive - Københavns Universitet\KUonedriveOW\9. Semester\Intro to Social Data Science\EXAM PROJECT
20240818153203;2024-08-18 16:22:31;200;37899;https://borgerforslag.dk/se-og-stoet-forslag/?Id=FT-01266;c:\Users\olive\OneDrive - Københavns Universitet\KUonedriveOW\9. Semester\Intro to Social Data Science\EXAM PROJECT
20240818153203;2024-08-18 16:22:33;200;39808;https://borgerforslag.dk/se-og-stoet-forslag/?Id=FT-01278;c:\Users\olive\OneDrive - Københavns Universitet\KUonedriveOW\9. Semester\Intro to Social Data Science\EXAM PROJECT
20240818153203;2024-08-18 16:22:34;200;36711;https://borgerforslag.dk/se-og-stoet-forslag/?Id=FT-01244;c:\Users\olive\OneDrive - Københavns Universitet\KUonedriveOW\9. Semester\Intro to Social Data Science\EXAM PROJECT
20240818153203;2024-08-18 16:22:37;200;39126;https://borgerforslag.dk/se-og-stoet-forslag/?Id=FT-01249;c:\Users\olive\OneDrive - Københavns Universitet\KUonedriveOW\9. Semester\Intro to Social Data Science\EXAM PROJECT
20240818153203;2024-08-18 16:22:39;200;45354;https://borgerforslag.dk/se-og-stoet-forslag/?Id=FT-01242;c:\Users\olive\OneDrive - Københavns Universitet\KUonedriveOW\9. Semester\Intro to Social Data Science\EXAM PROJECT
20240818153203;2024-08-18 16:22:41;200;37758;https://borgerforslag.dk/se-og-stoet-forslag/?Id=FT-01233;c:\Users\olive\OneDrive - Københavns Universitet\KUonedriveOW\9. Semester\Intro to Social Data Science\EXAM PROJECT
20240818153203;2024-08-18 16:22:42;200;40452;https://borgerforslag.dk/se-og-stoet-forslag/?Id=FT-01262;c:\Users\olive\OneDrive - Københavns Universitet\KUonedriveOW\9. Semester\Intro to Social Data Science\EXAM PROJECT
20240818153203;2024-08-18 16:22:43;200;37203;https://borgerforslag.dk/se-og-stoet-forslag/?Id=FT-01258;c:\Users\olive\OneDrive - Københavns Universitet\KUonedriveOW\9. Semester\Intro to Social Data Science\EXAM PROJECT
20240818153203;2024-08-18 16:22:45;200;38385;https://borgerforslag.dk/se-og-stoet-forslag/?Id=FT-01220;c:\Users\olive\OneDrive - Københavns Universitet\KUonedriveOW\9. Semester\Intro to Social Data Science\EXAM PROJECT
20240818153203;2024-08-18 16:22:47;200;36161;https://borgerforslag.dk/se-og-stoet-forslag/?Id=FT-01217;c:\Users\olive\OneDrive - Københavns Universitet\KUonedriveOW\9. Semester\Intro to Social Data Science\EXAM PROJECT
20240818153203;2024-08-18 16:22:49;200;36960;https://borgerforslag.dk/se-og-stoet-forslag/?Id=FT-01234;c:\Users\olive\OneDrive - Københavns Universitet\KUonedriveOW\9. Semester\Intro to Social Data Science\EXAM PROJECT
20240818153203;2024-08-18 16:22:51;200;41872;https://borgerforslag.dk/se-og-stoet-forslag/?Id=FT-01171;c:\Users\olive\OneDrive - Københavns Universitet\KUonedriveOW\9. Semester\Intro to Social Data Science\EXAM PROJECT
20240818153203;2024-08-18 16:22:52;200;36396;https://borgerforslag.dk/se-og-stoet-forslag/?Id=FT-01165;c:\Users\olive\OneDrive - Københavns Universitet\KUonedriveOW\9. Semester\Intro to Social Data Science\EXAM PROJECT
20240818153203;2024-08-18 16:22:54;200;38039;https://borgerforslag.dk/se-og-stoet-forslag/?Id=FT-01177;c:\Users\olive\OneDrive - Københavns Universitet\KUonedriveOW\9. Semester\Intro to Social Data Science\EXAM PROJECT
20240818153203;2024-08-18 16:22:56;200;37804;https://borgerforslag.dk/se-og-stoet-forslag/?Id=FT-01169;c:\Users\olive\OneDrive - Københavns Universitet\KUonedriveOW\9. Semester\Intro to Social Data Science\EXAM PROJECT
20240818153203;2024-08-18 16:22:58;200;35636;https://borgerforslag.dk/se-og-stoet-forslag/?Id=FT-01219;c:\Users\olive\OneDrive - Københavns Universitet\KUonedriveOW\9. Semester\Intro to Social Data Science\EXAM PROJECT
20240818153203;2024-08-18 16:23:00;200;38132;https://borgerforslag.dk/se-og-stoet-forslag/?Id=FT-01210;c:\Users\olive\OneDrive - Københavns Universitet\KUonedriveOW\9. Semester\Intro to Social Data Science\EXAM PROJECT
20240818153203;2024-08-18 16:23:02;200;38641;https://borgerforslag.dk/se-og-stoet-forslag/?Id=FT-01201;c:\Users\olive\OneDrive - Københavns Universitet\KUonedriveOW\9. Semester\Intro to Social Data Science\EXAM PROJECT
20240818153203;2024-08-18 16:23:04;200;35814;https://borgerforslag.dk/se-og-stoet-forslag/?Id=FT-01124;c:\Users\olive\OneDrive - Københavns Universitet\KUonedriveOW\9. Semester\Intro to Social Data Science\EXAM PROJECT
20240818153203;2024-08-18 16:23:06;200;37388;https://borgerforslag.dk/se-og-stoet-forslag/?Id=FT-01095;c:\Users\olive\OneDrive - Københavns Universitet\KUonedriveOW\9. Semester\Intro to Social Data Science\EXAM PROJECT
20240818153203;2024-08-18 16:23:08;200;35785;https://borgerforslag.dk/se-og-stoet-forslag/?Id=FT-01128;c:\Users\olive\OneDrive - Københavns Universitet\KUonedriveOW\9. Semester\Intro to Social Data Science\EXAM PROJECT
20240818153203;2024-08-18 16:23:11;200;36929;https://borgerforslag.dk/se-og-stoet-forslag/?Id=FT-01175;c:\Users\olive\OneDrive - Københavns Universitet\KUonedriveOW\9. Semester\Intro to Social Data Science\EXAM PROJECT
20240818153203;2024-08-18 16:23:12;200;39835;https://borgerforslag.dk/se-og-stoet-forslag/?Id=FT-01114;c:\Users\olive\OneDrive - Københavns Universitet\KUonedriveOW\9. Semester\Intro to Social Data Science\EXAM PROJECT
20240818153203;2024-08-18 16:23:14;200;39228;https://borgerforslag.dk/se-og-stoet-forslag/?Id=FT-01093;c:\Users\olive\OneDrive - Københavns Universitet\KUonedriveOW\9. Semester\Intro to Social Data Science\EXAM PROJECT
20240818153203;2024-08-18 16:23:16;200;38590;https://borgerforslag.dk/se-og-stoet-forslag/?Id=FT-01078;c:\Users\olive\OneDrive - Københavns Universitet\KUonedriveOW\9. Semester\Intro to Social Data Science\EXAM PROJECT
20240818153203;2024-08-18 16:23:17;200;38337;https://borgerforslag.dk/se-og-stoet-forslag/?Id=FT-01172;c:\Users\olive\OneDrive - Københavns Universitet\KUonedriveOW\9. Semester\Intro to Social Data Science\EXAM PROJECT
20240818153203;2024-08-18 16:23:19;200;35417;https://borgerforslag.dk/se-og-stoet-forslag/?Id=FT-01173;c:\Users\olive\OneDrive - Københavns Universitet\KUonedriveOW\9. Semester\Intro to Social Data Science\EXAM PROJECT
20240818153203;2024-08-18 16:23:20;200;36752;https://borgerforslag.dk/se-og-stoet-forslag/?Id=FT-01003;c:\Users\olive\OneDrive - Københavns Universitet\KUonedriveOW\9. Semester\Intro to Social Data Science\EXAM PROJECT
20240818153203;2024-08-18 16:23:22;200;36844;https://borgerforslag.dk/se-og-stoet-forslag/?Id=FT-01022;c:\Users\olive\OneDrive - Københavns Universitet\KUonedriveOW\9. Semester\Intro to Social Data Science\EXAM PROJECT
20240818153203;2024-08-18 16:23:24;200;35912;https://borgerforslag.dk/se-og-stoet-forslag/?Id=FT-01161;c:\Users\olive\OneDrive - Københavns Universitet\KUonedriveOW\9. Semester\Intro to Social Data Science\EXAM PROJECT
20240818153203;2024-08-18 16:23:26;200;41766;https://borgerforslag.dk/se-og-stoet-forslag/?Id=FT-01131;c:\Users\olive\OneDrive - Københavns Universitet\KUonedriveOW\9. Semester\Intro to Social Data Science\EXAM PROJECT
20240818153203;2024-08-18 16:23:28;200;46841;https://borgerforslag.dk/se-og-stoet-forslag/?Id=FT-01110;c:\Users\olive\OneDrive - Københavns Universitet\KUonedriveOW\9. Semester\Intro to Social Data Science\EXAM PROJECT
20240818153203;2024-08-18 16:23:30;200;38395;https://borgerforslag.dk/se-og-stoet-forslag/?Id=FT-01031;c:\Users\olive\OneDrive - Københavns Universitet\KUonedriveOW\9. Semester\Intro to Social Data Science\EXAM PROJECT
20240818153203;2024-08-18 16:23:31;200;40274;https://borgerforslag.dk/se-og-stoet-forslag/?Id=FT-01120;c:\Users\olive\OneDrive - Københavns Universitet\KUonedriveOW\9. Semester\Intro to Social Data Science\EXAM PROJECT
20240818153203;2024-08-18 16:23:33;200;37735;https://borgerforslag.dk/se-og-stoet-forslag/?Id=FT-01013;c:\Users\olive\OneDrive - Københavns Universitet\KUonedriveOW\9. Semester\Intro to Social Data Science\EXAM PROJECT
20240818153203;2024-08-18 16:23:34;200;48246;https://borgerforslag.dk/se-og-stoet-forslag/?Id=FT-00896;c:\Users\olive\OneDrive - Københavns Universitet\KUonedriveOW\9. Semester\Intro to Social Data Science\EXAM PROJECT
20240818153203;2024-08-18 16:23:36;200;36382;https://borgerforslag.dk/se-og-stoet-forslag/?Id=FT-01119;c:\Users\olive\OneDrive - Københavns Universitet\KUonedriveOW\9. Semester\Intro to Social Data Science\EXAM PROJECT
20240818153203;2024-08-18 16:23:38;200;35735;https://borgerforslag.dk/se-og-stoet-forslag/?Id=FT-01084;c:\Users\olive\OneDrive - Københavns Universitet\KUonedriveOW\9. Semester\Intro to Social Data Science\EXAM PROJECT
20240818153203;2024-08-18 16:23:40;200;42563;https://borgerforslag.dk/se-og-stoet-forslag/?Id=FT-01070;c:\Users\olive\OneDrive - Københavns Universitet\KUonedriveOW\9. Semester\Intro to Social Data Science\EXAM PROJECT
20240818153203;2024-08-18 16:23:42;200;37218;https://borgerforslag.dk/se-og-stoet-forslag/?Id=FT-00961;c:\Users\olive\OneDrive - Københavns Universitet\KUonedriveOW\9. Semester\Intro to Social Data Science\EXAM PROJECT
20240818153203;2024-08-18 16:23:44;200;35787;https://borgerforslag.dk/se-og-stoet-forslag/?Id=FT-00909;c:\Users\olive\OneDrive - Københavns Universitet\KUonedriveOW\9. Semester\Intro to Social Data Science\EXAM PROJECT
20240818153203;2024-08-18 16:23:45;200;39848;https://borgerforslag.dk/se-og-stoet-forslag/?Id=FT-00948;c:\Users\olive\OneDrive - Københavns Universitet\KUonedriveOW\9. Semester\Intro to Social Data Science\EXAM PROJECT
20240818153203;2024-08-18 16:23:47;200;36875;https://borgerforslag.dk/se-og-stoet-forslag/?Id=FT-00947;c:\Users\olive\OneDrive - Københavns Universitet\KUonedriveOW\9. Semester\Intro to Social Data Science\EXAM PROJECT
20240818153203;2024-08-18 16:23:48;200;37694;https://borgerforslag.dk/se-og-stoet-forslag/?Id=FT-00898;c:\Users\olive\OneDrive - Københavns Universitet\KUonedriveOW\9. Semester\Intro to Social Data Science\EXAM PROJECT
20240818153203;2024-08-18 16:23:50;200;36073;https://borgerforslag.dk/se-og-stoet-forslag/?Id=FT-00902;c:\Users\olive\OneDrive - Københavns Universitet\KUonedriveOW\9. Semester\Intro to Social Data Science\EXAM PROJECT
20240818153203;2024-08-18 16:23:52;200;35991;https://borgerforslag.dk/se-og-stoet-forslag/?Id=FT-00985;c:\Users\olive\OneDrive - Københavns Universitet\KUonedriveOW\9. Semester\Intro to Social Data Science\EXAM PROJECT
20240818153203;2024-08-18 16:23:54;200;41007;https://borgerforslag.dk/se-og-stoet-forslag/?Id=FT-00960;c:\Users\olive\OneDrive - Københavns Universitet\KUonedriveOW\9. Semester\Intro to Social Data Science\EXAM PROJECT
20240818153203;2024-08-18 16:23:56;200;38060;https://borgerforslag.dk/se-og-stoet-forslag/?Id=FT-00951;c:\Users\olive\OneDrive - Københavns Universitet\KUonedriveOW\9. Semester\Intro to Social Data Science\EXAM PROJECT
20240818153203;2024-08-18 16:23:57;200;35686;https://borgerforslag.dk/se-og-stoet-forslag/?Id=FT-00710;c:\Users\olive\OneDrive - Københavns Universitet\KUonedriveOW\9. Semester\Intro to Social Data Science\EXAM PROJECT
20240818153203;2024-08-18 16:23:59;200;36804;https://borgerforslag.dk/se-og-stoet-forslag/?Id=FT-00761;c:\Users\olive\OneDrive - Københavns Universitet\KUonedriveOW\9. Semester\Intro to Social Data Science\EXAM PROJECT
20240818153203;2024-08-18 16:24:01;200;37467;https://borgerforslag.dk/se-og-stoet-forslag/?Id=FT-00990;c:\Users\olive\OneDrive - Københavns Universitet\KUonedriveOW\9. Semester\Intro to Social Data Science\EXAM PROJECT
20240818153203;2024-08-18 16:24:03;200;37354;https://borgerforslag.dk/se-og-stoet-forslag/?Id=FT-00828;c:\Users\olive\OneDrive - Københavns Universitet\KUonedriveOW\9. Semester\Intro to Social Data Science\EXAM PROJECT
20240818153203;2024-08-18 16:24:05;200;35782;https://borgerforslag.dk/se-og-stoet-forslag/?Id=FT-00722;c:\Users\olive\OneDrive - Københavns Universitet\KUonedriveOW\9. Semester\Intro to Social Data Science\EXAM PROJECT
20240818153203;2024-08-18 16:24:06;200;39049;https://borgerforslag.dk/se-og-stoet-forslag/?Id=FT-00925;c:\Users\olive\OneDrive - Københavns Universitet\KUonedriveOW\9. Semester\Intro to Social Data Science\EXAM PROJECT
20240818153203;2024-08-18 16:24:08;200;35993;https://borgerforslag.dk/se-og-stoet-forslag/?Id=FT-00873;c:\Users\olive\OneDrive - Københavns Universitet\KUonedriveOW\9. Semester\Intro to Social Data Science\EXAM PROJECT
20240818153203;2024-08-18 16:24:10;200;42676;https://borgerforslag.dk/se-og-stoet-forslag/?Id=FT-00958;c:\Users\olive\OneDrive - Københavns Universitet\KUonedriveOW\9. Semester\Intro to Social Data Science\EXAM PROJECT
20240818153203;2024-08-18 16:24:12;200;35934;https://borgerforslag.dk/se-og-stoet-forslag/?Id=FT-00934;c:\Users\olive\OneDrive - Københavns Universitet\KUonedriveOW\9. Semester\Intro to Social Data Science\EXAM PROJECT
20240818153203;2024-08-18 16:24:13;200;35981;https://borgerforslag.dk/se-og-stoet-forslag/?Id=FT-00709;c:\Users\olive\OneDrive - Københavns Universitet\KUonedriveOW\9. Semester\Intro to Social Data Science\EXAM PROJECT
20240818153203;2024-08-18 16:24:15;200;42573;https://borgerforslag.dk/se-og-stoet-forslag/?Id=FT-00611;c:\Users\olive\OneDrive - Københavns Universitet\KUonedriveOW\9. Semester\Intro to Social Data Science\EXAM PROJECT
20240818153203;2024-08-18 16:24:17;200;36354;https://borgerforslag.dk/se-og-stoet-forslag/?Id=FT-00684;c:\Users\olive\OneDrive - Københavns Universitet\KUonedriveOW\9. Semester\Intro to Social Data Science\EXAM PROJECT
20240818153203;2024-08-18 16:24:19;200;35336;https://borgerforslag.dk/se-og-stoet-forslag/?Id=FT-00889;c:\Users\olive\OneDrive - Københavns Universitet\KUonedriveOW\9. Semester\Intro to Social Data Science\EXAM PROJECT
20240818153203;2024-08-18 16:24:21;200;35398;https://borgerforslag.dk/se-og-stoet-forslag/?Id=FT-00920;c:\Users\olive\OneDrive - Københavns Universitet\KUonedriveOW\9. Semester\Intro to Social Data Science\EXAM PROJECT
20240818153203;2024-08-18 16:24:22;200;36527;https://borgerforslag.dk/se-og-stoet-forslag/?Id=FT-00897;c:\Users\olive\OneDrive - Københavns Universitet\KUonedriveOW\9. Semester\Intro to Social Data Science\EXAM PROJECT
20240818153203;2024-08-18 16:24:24;200;37457;https://borgerforslag.dk/se-og-stoet-forslag/?Id=FT-00869;c:\Users\olive\OneDrive - Københavns Universitet\KUonedriveOW\9. Semester\Intro to Social Data Science\EXAM PROJECT
20240818153203;2024-08-18 16:24:26;200;34569;https://borgerforslag.dk/se-og-stoet-forslag/?Id=FT-00877;c:\Users\olive\OneDrive - Københavns Universitet\KUonedriveOW\9. Semester\Intro to Social Data Science\EXAM PROJECT
20240818153203;2024-08-18 16:24:28;200;43794;https://borgerforslag.dk/se-og-stoet-forslag/?Id=FT-00665;c:\Users\olive\OneDrive - Københavns Universitet\KUonedriveOW\9. Semester\Intro to Social Data Science\EXAM PROJECT
20240818153203;2024-08-18 16:24:30;200;43122;https://borgerforslag.dk/se-og-stoet-forslag/?Id=FT-00679;c:\Users\olive\OneDrive - Københavns Universitet\KUonedriveOW\9. Semester\Intro to Social Data Science\EXAM PROJECT
20240818153203;2024-08-18 16:24:31;200;39243;https://borgerforslag.dk/se-og-stoet-forslag/?Id=FT-00727;c:\Users\olive\OneDrive - Københavns Universitet\KUonedriveOW\9. Semester\Intro to Social Data Science\EXAM PROJECT
20240818153203;2024-08-18 16:24:33;200;37121;https://borgerforslag.dk/se-og-stoet-forslag/?Id=FT-00602;c:\Users\olive\OneDrive - Københavns Universitet\KUonedriveOW\9. Semester\Intro to Social Data Science\EXAM PROJECT
20240818153203;2024-08-18 16:24:34;200;37360;https://borgerforslag.dk/se-og-stoet-forslag/?Id=FT-00852;c:\Users\olive\OneDrive - Københavns Universitet\KUonedriveOW\9. Semester\Intro to Social Data Science\EXAM PROJECT
20240818153203;2024-08-18 16:24:35;200;35437;https://borgerforslag.dk/se-og-stoet-forslag/?Id=FT-00796;c:\Users\olive\OneDrive - Københavns Universitet\KUonedriveOW\9. Semester\Intro to Social Data Science\EXAM PROJECT
20240818153203;2024-08-18 16:24:37;200;39611;https://borgerforslag.dk/se-og-stoet-forslag/?Id=FT-00745;c:\Users\olive\OneDrive - Københavns Universitet\KUonedriveOW\9. Semester\Intro to Social Data Science\EXAM PROJECT
20240818153203;2024-08-18 16:24:39;200;36430;https://borgerforslag.dk/se-og-stoet-forslag/?Id=FT-00680;c:\Users\olive\OneDrive - Københavns Universitet\KUonedriveOW\9. Semester\Intro to Social Data Science\EXAM PROJECT
20240818153203;2024-08-18 16:24:41;200;41148;https://borgerforslag.dk/se-og-stoet-forslag/?Id=FT-00638;c:\Users\olive\OneDrive - Københavns Universitet\KUonedriveOW\9. Semester\Intro to Social Data Science\EXAM PROJECT
20240818153203;2024-08-18 16:24:43;200;37535;https://borgerforslag.dk/se-og-stoet-forslag/?Id=FT-00612;c:\Users\olive\OneDrive - Københavns Universitet\KUonedriveOW\9. Semester\Intro to Social Data Science\EXAM PROJECT
20240818153203;2024-08-18 16:24:45;200;41272;https://borgerforslag.dk/se-og-stoet-forslag/?Id=FT-00574;c:\Users\olive\OneDrive - Københavns Universitet\KUonedriveOW\9. Semester\Intro to Social Data Science\EXAM PROJECT
20240818153203;2024-08-18 16:24:46;200;36853;https://borgerforslag.dk/se-og-stoet-forslag/?Id=FT-00616;c:\Users\olive\OneDrive - Københavns Universitet\KUonedriveOW\9. Semester\Intro to Social Data Science\EXAM PROJECT
20240818153203;2024-08-18 16:24:48;200;35238;https://borgerforslag.dk/se-og-stoet-forslag/?Id=FT-00613;c:\Users\olive\OneDrive - Københavns Universitet\KUonedriveOW\9. Semester\Intro to Social Data Science\EXAM PROJECT
20240818153203;2024-08-18 16:24:49;200;35855;https://borgerforslag.dk/se-og-stoet-forslag/?Id=FT-00614;c:\Users\olive\OneDrive - Københavns Universitet\KUonedriveOW\9. Semester\Intro to Social Data Science\EXAM PROJECT
20240818153203;2024-08-18 16:24:51;200;37936;https://borgerforslag.dk/se-og-stoet-forslag/?Id=FT-00564;c:\Users\olive\OneDrive - Københavns Universitet\KUonedriveOW\9. Semester\Intro to Social Data Science\EXAM PROJECT
20240818153203;2024-08-18 16:24:53;200;39244;https://borgerforslag.dk/se-og-stoet-forslag/?Id=FT-00626;c:\Users\olive\OneDrive - Københavns Universitet\KUonedriveOW\9. Semester\Intro to Social Data Science\EXAM PROJECT
20240818153203;2024-08-18 16:24:55;200;39603;https://borgerforslag.dk/se-og-stoet-forslag/?Id=FT-00635;c:\Users\olive\OneDrive - Københavns Universitet\KUonedriveOW\9. Semester\Intro to Social Data Science\EXAM PROJECT
20240818153203;2024-08-18 16:24:57;200;35942;https://borgerforslag.dk/se-og-stoet-forslag/?Id=FT-00535;c:\Users\olive\OneDrive - Københavns Universitet\KUonedriveOW\9. Semester\Intro to Social Data Science\EXAM PROJECT
20240818153203;2024-08-18 16:24:59;200;36430;https://borgerforslag.dk/se-og-stoet-forslag/?Id=FT-00496;c:\Users\olive\OneDrive - Københavns Universitet\KUonedriveOW\9. Semester\Intro to Social Data Science\EXAM PROJECT
20240818153203;2024-08-18 16:25:01;200;36924;https://borgerforslag.dk/se-og-stoet-forslag/?Id=FT-00494;c:\Users\olive\OneDrive - Københavns Universitet\KUonedriveOW\9. Semester\Intro to Social Data Science\EXAM PROJECT
20240818153203;2024-08-18 16:25:03;200;39507;https://borgerforslag.dk/se-og-stoet-forslag/?Id=FT-00598;c:\Users\olive\OneDrive - Københavns Universitet\KUonedriveOW\9. Semester\Intro to Social Data Science\EXAM PROJECT
20240818153203;2024-08-18 16:25:05;200;44080;https://borgerforslag.dk/se-og-stoet-forslag/?Id=FT-00604;c:\Users\olive\OneDrive - Københavns Universitet\KUonedriveOW\9. Semester\Intro to Social Data Science\EXAM PROJECT
20240818153203;2024-08-18 16:25:06;200;36682;https://borgerforslag.dk/se-og-stoet-forslag/?Id=FT-00588;c:\Users\olive\OneDrive - Københavns Universitet\KUonedriveOW\9. Semester\Intro to Social Data Science\EXAM PROJECT
20240818153203;2024-08-18 16:25:08;200;35823;https://borgerforslag.dk/se-og-stoet-forslag/?Id=FT-00485;c:\Users\olive\OneDrive - Københavns Universitet\KUonedriveOW\9. Semester\Intro to Social Data Science\EXAM PROJECT
20240818153203;2024-08-18 16:25:10;200;35619;https://borgerforslag.dk/se-og-stoet-forslag/?Id=FT-00542;c:\Users\olive\OneDrive - Københavns Universitet\KUonedriveOW\9. Semester\Intro to Social Data Science\EXAM PROJECT
20240818153203;2024-08-18 16:25:12;200;36576;https://borgerforslag.dk/se-og-stoet-forslag/?Id=FT-00536;c:\Users\olive\OneDrive - Københavns Universitet\KUonedriveOW\9. Semester\Intro to Social Data Science\EXAM PROJECT
20240818153203;2024-08-18 16:25:14;200;37037;https://borgerforslag.dk/se-og-stoet-forslag/?Id=FT-00461;c:\Users\olive\OneDrive - Københavns Universitet\KUonedriveOW\9. Semester\Intro to Social Data Science\EXAM PROJECT
20240818153203;2024-08-18 16:25:16;200;38777;https://borgerforslag.dk/se-og-stoet-forslag/?Id=FT-00462;c:\Users\olive\OneDrive - Københavns Universitet\KUonedriveOW\9. Semester\Intro to Social Data Science\EXAM PROJECT
20240818153203;2024-08-18 16:25:18;200;36179;https://borgerforslag.dk/se-og-stoet-forslag/?Id=FT-00508;c:\Users\olive\OneDrive - Københavns Universitet\KUonedriveOW\9. Semester\Intro to Social Data Science\EXAM PROJECT
20240818153203;2024-08-18 16:25:20;200;37908;https://borgerforslag.dk/se-og-stoet-forslag/?Id=FT-00520;c:\Users\olive\OneDrive - Københavns Universitet\KUonedriveOW\9. Semester\Intro to Social Data Science\EXAM PROJECT
20240818153203;2024-08-18 16:25:22;200;36267;https://borgerforslag.dk/se-og-stoet-forslag/?Id=FT-00457;c:\Users\olive\OneDrive - Københavns Universitet\KUonedriveOW\9. Semester\Intro to Social Data Science\EXAM PROJECT
20240818153203;2024-08-18 16:25:24;200;36174;https://borgerforslag.dk/se-og-stoet-forslag/?Id=FT-00510;c:\Users\olive\OneDrive - Københavns Universitet\KUonedriveOW\9. Semester\Intro to Social Data Science\EXAM PROJECT
20240818153203;2024-08-18 16:25:26;200;34861;https://borgerforslag.dk/se-og-stoet-forslag/?Id=FT-00479;c:\Users\olive\OneDrive - Københavns Universitet\KUonedriveOW\9. Semester\Intro to Social Data Science\EXAM PROJECT
20240818153203;2024-08-18 16:25:28;200;38599;https://borgerforslag.dk/se-og-stoet-forslag/?Id=FT-00449;c:\Users\olive\OneDrive - Københavns Universitet\KUonedriveOW\9. Semester\Intro to Social Data Science\EXAM PROJECT
20240818153203;2024-08-18 16:25:30;200;37728;https://borgerforslag.dk/se-og-stoet-forslag/?Id=FT-00448;c:\Users\olive\OneDrive - Københavns Universitet\KUonedriveOW\9. Semester\Intro to Social Data Science\EXAM PROJECT
20240818153203;2024-08-18 16:25:31;200;39533;https://borgerforslag.dk/se-og-stoet-forslag/?Id=FT-00410;c:\Users\olive\OneDrive - Københavns Universitet\KUonedriveOW\9. Semester\Intro to Social Data Science\EXAM PROJECT
20240818153203;2024-08-18 16:25:33;200;38210;https://borgerforslag.dk/se-og-stoet-forslag/?Id=FT-00499;c:\Users\olive\OneDrive - Københavns Universitet\KUonedriveOW\9. Semester\Intro to Social Data Science\EXAM PROJECT
20240818153203;2024-08-18 16:25:36;200;43047;https://borgerforslag.dk/se-og-stoet-forslag/?Id=FT-00455;c:\Users\olive\OneDrive - Københavns Universitet\KUonedriveOW\9. Semester\Intro to Social Data Science\EXAM PROJECT
20240818153203;2024-08-18 16:25:38;200;42536;https://borgerforslag.dk/se-og-stoet-forslag/?Id=FT-00413;c:\Users\olive\OneDrive - Københavns Universitet\KUonedriveOW\9. Semester\Intro to Social Data Science\EXAM PROJECT
20240818153203;2024-08-18 16:25:40;200;36111;https://borgerforslag.dk/se-og-stoet-forslag/?Id=FT-00385;c:\Users\olive\OneDrive - Københavns Universitet\KUonedriveOW\9. Semester\Intro to Social Data Science\EXAM PROJECT
20240818153203;2024-08-18 16:25:42;200;38505;https://borgerforslag.dk/se-og-stoet-forslag/?Id=FT-00430;c:\Users\olive\OneDrive - Københavns Universitet\KUonedriveOW\9. Semester\Intro to Social Data Science\EXAM PROJECT
20240818153203;2024-08-18 16:25:43;200;35557;https://borgerforslag.dk/se-og-stoet-forslag/?Id=FT-00251;c:\Users\olive\OneDrive - Københavns Universitet\KUonedriveOW\9. Semester\Intro to Social Data Science\EXAM PROJECT
20240818153203;2024-08-18 16:25:44;200;37756;https://borgerforslag.dk/se-og-stoet-forslag/?Id=FT-00346;c:\Users\olive\OneDrive - Københavns Universitet\KUonedriveOW\9. Semester\Intro to Social Data Science\EXAM PROJECT
20240818153203;2024-08-18 16:25:46;200;39424;https://borgerforslag.dk/se-og-stoet-forslag/?Id=FT-00476;c:\Users\olive\OneDrive - Københavns Universitet\KUonedriveOW\9. Semester\Intro to Social Data Science\EXAM PROJECT
20240818153203;2024-08-18 16:25:48;200;37553;https://borgerforslag.dk/se-og-stoet-forslag/?Id=FT-00456;c:\Users\olive\OneDrive - Københavns Universitet\KUonedriveOW\9. Semester\Intro to Social Data Science\EXAM PROJECT
20240818153203;2024-08-18 16:25:50;200;35553;https://borgerforslag.dk/se-og-stoet-forslag/?Id=FT-00350;c:\Users\olive\OneDrive - Københavns Universitet\KUonedriveOW\9. Semester\Intro to Social Data Science\EXAM PROJECT
20240818153203;2024-08-18 16:25:52;200;35821;https://borgerforslag.dk/se-og-stoet-forslag/?Id=FT-00119;c:\Users\olive\OneDrive - Københavns Universitet\KUonedriveOW\9. Semester\Intro to Social Data Science\EXAM PROJECT
20240818153203;2024-08-18 16:25:54;200;39993;https://borgerforslag.dk/se-og-stoet-forslag/?Id=FT-00345;c:\Users\olive\OneDrive - Københavns Universitet\KUonedriveOW\9. Semester\Intro to Social Data Science\EXAM PROJECT
20240818153203;2024-08-18 16:25:56;200;37255;https://borgerforslag.dk/se-og-stoet-forslag/?Id=FT-00420;c:\Users\olive\OneDrive - Københavns Universitet\KUonedriveOW\9. Semester\Intro to Social Data Science\EXAM PROJECT
20240818153203;2024-08-18 16:25:57;200;40189;https://borgerforslag.dk/se-og-stoet-forslag/?Id=FT-00444;c:\Users\olive\OneDrive - Københavns Universitet\KUonedriveOW\9. Semester\Intro to Social Data Science\EXAM PROJECT
20240818153203;2024-08-18 16:25:59;200;37215;https://borgerforslag.dk/se-og-stoet-forslag/?Id=FT-00431;c:\Users\olive\OneDrive - Københavns Universitet\KUonedriveOW\9. Semester\Intro to Social Data Science\EXAM PROJECT
20240818153203;2024-08-18 16:26:01;200;44991;https://borgerforslag.dk/se-og-stoet-forslag/?Id=FT-00277;c:\Users\olive\OneDrive - Københavns Universitet\KUonedriveOW\9. Semester\Intro to Social Data Science\EXAM PROJECT
20240818153203;2024-08-18 16:26:03;200;40819;https://borgerforslag.dk/se-og-stoet-forslag/?Id=FT-00076;c:\Users\olive\OneDrive - Københavns Universitet\KUonedriveOW\9. Semester\Intro to Social Data Science\EXAM PROJECT
20240818153203;2024-08-18 16:26:04;200;40561;https://borgerforslag.dk/se-og-stoet-forslag/?Id=FT-00273;c:\Users\olive\OneDrive - Københavns Universitet\KUonedriveOW\9. Semester\Intro to Social Data Science\EXAM PROJECT
20240818153203;2024-08-18 16:26:06;200;40855;https://borgerforslag.dk/se-og-stoet-forslag/?Id=FT-00306;c:\Users\olive\OneDrive - Københavns Universitet\KUonedriveOW\9. Semester\Intro to Social Data Science\EXAM PROJECT
20240818153203;2024-08-18 16:26:08;200;36374;https://borgerforslag.dk/se-og-stoet-forslag/?Id=FT-00362;c:\Users\olive\OneDrive - Københavns Universitet\KUonedriveOW\9. Semester\Intro to Social Data Science\EXAM PROJECT
20240818153203;2024-08-18 16:26:09;200;36501;https://borgerforslag.dk/se-og-stoet-forslag/?Id=FT-00062;c:\Users\olive\OneDrive - Københavns Universitet\KUonedriveOW\9. Semester\Intro to Social Data Science\EXAM PROJECT
20240818153203;2024-08-18 16:26:11;200;41643;https://borgerforslag.dk/se-og-stoet-forslag/?Id=FT-00209;c:\Users\olive\OneDrive - Københavns Universitet\KUonedriveOW\9. Semester\Intro to Social Data Science\EXAM PROJECT
20240818153203;2024-08-18 16:26:13;200;37922;https://borgerforslag.dk/se-og-stoet-forslag/?Id=FT-00072;c:\Users\olive\OneDrive - Københavns Universitet\KUonedriveOW\9. Semester\Intro to Social Data Science\EXAM PROJECT
20240818153203;2024-08-18 16:26:15;200;38282;https://borgerforslag.dk/se-og-stoet-forslag/?Id=FT-00138;c:\Users\olive\OneDrive - Københavns Universitet\KUonedriveOW\9. Semester\Intro to Social Data Science\EXAM PROJECT
20240818153203;2024-08-18 16:26:16;200;38012;https://borgerforslag.dk/se-og-stoet-forslag/?Id=FT-00090;c:\Users\olive\OneDrive - Københavns Universitet\KUonedriveOW\9. Semester\Intro to Social Data Science\EXAM PROJECT
20240818153203;2024-08-18 16:26:18;200;37647;https://borgerforslag.dk/se-og-stoet-forslag/?Id=FT-00381;c:\Users\olive\OneDrive - Københavns Universitet\KUonedriveOW\9. Semester\Intro to Social Data Science\EXAM PROJECT
20240818153203;2024-08-18 16:26:19;200;38091;https://borgerforslag.dk/se-og-stoet-forslag/?Id=FT-00171;c:\Users\olive\OneDrive - Københavns Universitet\KUonedriveOW\9. Semester\Intro to Social Data Science\EXAM PROJECT
20240818153203;2024-08-18 16:26:21;200;36668;https://borgerforslag.dk/se-og-stoet-forslag/?Id=FT-00196;c:\Users\olive\OneDrive - Københavns Universitet\KUonedriveOW\9. Semester\Intro to Social Data Science\EXAM PROJECT
20240818153203;2024-08-18 16:26:22;200;38362;https://borgerforslag.dk/se-og-stoet-forslag/?Id=FT-00257;c:\Users\olive\OneDrive - Københavns Universitet\KUonedriveOW\9. Semester\Intro to Social Data Science\EXAM PROJECT
20240818153203;2024-08-18 16:26:24;200;35640;https://borgerforslag.dk/se-og-stoet-forslag/?Id=FT-00289;c:\Users\olive\OneDrive - Københavns Universitet\KUonedriveOW\9. Semester\Intro to Social Data Science\EXAM PROJECT
20240818153203;2024-08-18 16:26:25;200;37589;https://borgerforslag.dk/se-og-stoet-forslag/?Id=FT-00146;c:\Users\olive\OneDrive - Københavns Universitet\KUonedriveOW\9. Semester\Intro to Social Data Science\EXAM PROJECT
20240818153203;2024-08-18 16:26:27;200;37084;https://borgerforslag.dk/se-og-stoet-forslag/?Id=FT-00073;c:\Users\olive\OneDrive - Københavns Universitet\KUonedriveOW\9. Semester\Intro to Social Data Science\EXAM PROJECT
20240818153203;2024-08-18 16:26:29;200;36827;https://borgerforslag.dk/se-og-stoet-forslag/?Id=FT-00066;c:\Users\olive\OneDrive - Københavns Universitet\KUonedriveOW\9. Semester\Intro to Social Data Science\EXAM PROJECT
20240818153203;2024-08-18 16:26:31;200;37122;https://borgerforslag.dk/se-og-stoet-forslag/?Id=FT-00109;c:\Users\olive\OneDrive - Københavns Universitet\KUonedriveOW\9. Semester\Intro to Social Data Science\EXAM PROJECT
20240818153203;2024-08-18 16:26:33;200;38323;https://borgerforslag.dk/se-og-stoet-forslag/?Id=FT-00117;c:\Users\olive\OneDrive - Københavns Universitet\KUonedriveOW\9. Semester\Intro to Social Data Science\EXAM PROJECT
20240818153203;2024-08-18 16:26:34;200;37564;https://borgerforslag.dk/se-og-stoet-forslag/?Id=FT-00104;c:\Users\olive\OneDrive - Københavns Universitet\KUonedriveOW\9. Semester\Intro to Social Data Science\EXAM PROJECT
20240818153203;2024-08-18 16:26:37;200;38355;https://borgerforslag.dk/se-og-stoet-forslag/?Id=FT-00111;c:\Users\olive\OneDrive - Københavns Universitet\KUonedriveOW\9. Semester\Intro to Social Data Science\EXAM PROJECT
20240818153203;2024-08-18 16:26:38;200;36087;https://borgerforslag.dk/se-og-stoet-forslag/?Id=FT-00300;c:\Users\olive\OneDrive - Københavns Universitet\KUonedriveOW\9. Semester\Intro to Social Data Science\EXAM PROJECT
20240818153203;2024-08-18 16:26:40;200;36274;https://borgerforslag.dk/se-og-stoet-forslag/?Id=FT-00180;c:\Users\olive\OneDrive - Københavns Universitet\KUonedriveOW\9. Semester\Intro to Social Data Science\EXAM PROJECT
20240818153203;2024-08-18 16:26:42;200;41308;https://borgerforslag.dk/se-og-stoet-forslag/?Id=FT-00201;c:\Users\olive\OneDrive - Københavns Universitet\KUonedriveOW\9. Semester\Intro to Social Data Science\EXAM PROJECT
20240818153203;2024-08-18 16:26:44;200;36823;https://borgerforslag.dk/se-og-stoet-forslag/?Id=FT-00270;c:\Users\olive\OneDrive - Københavns Universitet\KUonedriveOW\9. Semester\Intro to Social Data Science\EXAM PROJECT
20240818153203;2024-08-18 16:26:45;200;41311;https://borgerforslag.dk/se-og-stoet-forslag/?Id=FT-00193;c:\Users\olive\OneDrive - Københavns Universitet\KUonedriveOW\9. Semester\Intro to Social Data Science\EXAM PROJECT
20240818153203;2024-08-18 16:26:47;200;35921;https://borgerforslag.dk/se-og-stoet-forslag/?Id=FT-00042;c:\Users\olive\OneDrive - Københavns Universitet\KUonedriveOW\9. Semester\Intro to Social Data Science\EXAM PROJECT
20240818153203;2024-08-18 16:26:49;200;36691;https://borgerforslag.dk/se-og-stoet-forslag/?Id=FT-00224;c:\Users\olive\OneDrive - Københavns Universitet\KUonedriveOW\9. Semester\Intro to Social Data Science\EXAM PROJECT
20240818153203;2024-08-18 16:26:51;200;36680;https://borgerforslag.dk/se-og-stoet-forslag/?Id=FT-00259;c:\Users\olive\OneDrive - Københavns Universitet\KUonedriveOW\9. Semester\Intro to Social Data Science\EXAM PROJECT
20240818153203;2024-08-18 16:26:53;200;37092;https://borgerforslag.dk/se-og-stoet-forslag/?Id=FT-00110;c:\Users\olive\OneDrive - Københavns Universitet\KUonedriveOW\9. Semester\Intro to Social Data Science\EXAM PROJECT
20240818153203;2024-08-18 16:26:54;200;37526;https://borgerforslag.dk/se-og-stoet-forslag/?Id=FT-00192;c:\Users\olive\OneDrive - Københavns Universitet\KUonedriveOW\9. Semester\Intro to Social Data Science\EXAM PROJECT
20240818153203;2024-08-18 16:26:56;200;36712;https://borgerforslag.dk/se-og-stoet-forslag/?Id=FT-00174;c:\Users\olive\OneDrive - Københavns Universitet\KUonedriveOW\9. Semester\Intro to Social Data Science\EXAM PROJECT
20240818153203;2024-08-18 16:26:57;200;35682;https://borgerforslag.dk/se-og-stoet-forslag/?Id=FT-00226;c:\Users\olive\OneDrive - Københavns Universitet\KUonedriveOW\9. Semester\Intro to Social Data Science\EXAM PROJECT
20240818153203;2024-08-18 16:26:58;200;36635;https://borgerforslag.dk/se-og-stoet-forslag/?Id=FT-00182;c:\Users\olive\OneDrive - Københavns Universitet\KUonedriveOW\9. Semester\Intro to Social Data Science\EXAM PROJECT
20240818153203;2024-08-18 16:27:00;200;39436;https://borgerforslag.dk/se-og-stoet-forslag/?Id=FT-00191;c:\Users\olive\OneDrive - Københavns Universitet\KUonedriveOW\9. Semester\Intro to Social Data Science\EXAM PROJECT
20240818153203;2024-08-18 16:27:02;200;39071;https://borgerforslag.dk/se-og-stoet-forslag/?Id=FT-00190;c:\Users\olive\OneDrive - Københavns Universitet\KUonedriveOW\9. Semester\Intro to Social Data Science\EXAM PROJECT
20240818153203;2024-08-18 16:27:04;200;38891;https://borgerforslag.dk/se-og-stoet-forslag/?Id=FT-00188;c:\Users\olive\OneDrive - Københavns Universitet\KUonedriveOW\9. Semester\Intro to Social Data Science\EXAM PROJECT
20240818153203;2024-08-18 16:27:06;200;37130;https://borgerforslag.dk/se-og-stoet-forslag/?Id=FT-00149;c:\Users\olive\OneDrive - Københavns Universitet\KUonedriveOW\9. Semester\Intro to Social Data Science\EXAM PROJECT
20240818153203;2024-08-18 16:27:08;200;49110;https://borgerforslag.dk/se-og-stoet-forslag/?Id=FT-00124;c:\Users\olive\OneDrive - Københavns Universitet\KUonedriveOW\9. Semester\Intro to Social Data Science\EXAM PROJECT
20240818153203;2024-08-18 16:27:10;200;48324;https://borgerforslag.dk/se-og-stoet-forslag/?Id=FT-00120;c:\Users\olive\OneDrive - Københavns Universitet\KUonedriveOW\9. Semester\Intro to Social Data Science\EXAM PROJECT
20240818153203;2024-08-18 16:27:11;200;43023;https://borgerforslag.dk/se-og-stoet-forslag/?Id=FT-00131;c:\Users\olive\OneDrive - Københavns Universitet\KUonedriveOW\9. Semester\Intro to Social Data Science\EXAM PROJECT
20240818153203;2024-08-18 16:27:13;200;35789;https://borgerforslag.dk/se-og-stoet-forslag/?Id=FT-00139;c:\Users\olive\OneDrive - Københavns Universitet\KUonedriveOW\9. Semester\Intro to Social Data Science\EXAM PROJECT
20240818153203;2024-08-18 16:27:14;200;36931;https://borgerforslag.dk/se-og-stoet-forslag/?Id=FT-00059;c:\Users\olive\OneDrive - Københavns Universitet\KUonedriveOW\9. Semester\Intro to Social Data Science\EXAM PROJECT
20240818153203;2024-08-18 16:27:16;200;37307;https://borgerforslag.dk/se-og-stoet-forslag/?Id=FT-00034;c:\Users\olive\OneDrive - Københavns Universitet\KUonedriveOW\9. Semester\Intro to Social Data Science\EXAM PROJECT
20240818153203;2024-08-18 16:27:18;200;40730;https://borgerforslag.dk/se-og-stoet-forslag/?Id=FT-00067;c:\Users\olive\OneDrive - Københavns Universitet\KUonedriveOW\9. Semester\Intro to Social Data Science\EXAM PROJECT
20240818153203;2024-08-18 16:27:20;200;39255;https://borgerforslag.dk/se-og-stoet-forslag/?Id=FT-00005;c:\Users\olive\OneDrive - Københavns Universitet\KUonedriveOW\9. Semester\Intro to Social Data Science\EXAM PROJECT
