timestamp;status_code;length;url;output_file
2024-08-16 12:17:20;200;41561;https://borgerforslag.dk/se-og-stoet-forslag/?Id=FT-18153;/Users/olivernyropweeks/Library/CloudStorage/OneDrive-UniversityofCopenhagen/KUonedriveOW/9. Semester/Intro to Social Data Science/EXAM PROJECT
2024-08-16 12:17:24;200;40097;https://borgerforslag.dk/se-og-stoet-forslag/?Id=FT-18099;/Users/olivernyropweeks/Library/CloudStorage/OneDrive-UniversityofCopenhagen/KUonedriveOW/9. Semester/Intro to Social Data Science/EXAM PROJECT
2024-08-16 12:17:27;200;41167;https://borgerforslag.dk/se-og-stoet-forslag/?Id=FT-18075;/Users/olivernyropweeks/Library/CloudStorage/OneDrive-UniversityofCopenhagen/KUonedriveOW/9. Semester/Intro to Social Data Science/EXAM PROJECT
2024-08-16 12:17:33;200;40817;https://borgerforslag.dk/se-og-stoet-forslag/?Id=FT-18046;/Users/olivernyropweeks/Library/CloudStorage/OneDrive-UniversityofCopenhagen/KUonedriveOW/9. Semester/Intro to Social Data Science/EXAM PROJECT
2024-08-16 13:43:26;200;41562;https://borgerforslag.dk/se-og-stoet-forslag/?Id=FT-18153;/Users/olivernyropweeks/Library/CloudStorage/OneDrive-UniversityofCopenhagen/KUonedriveOW/9. Semester/Intro to Social Data Science/EXAM PROJECT
2024-08-16 13:43:28;200;40097;https://borgerforslag.dk/se-og-stoet-forslag/?Id=FT-18099;/Users/olivernyropweeks/Library/CloudStorage/OneDrive-UniversityofCopenhagen/KUonedriveOW/9. Semester/Intro to Social Data Science/EXAM PROJECT
2024-08-16 13:43:30;200;41203;https://borgerforslag.dk/se-og-stoet-forslag/?Id=FT-18075;/Users/olivernyropweeks/Library/CloudStorage/OneDrive-UniversityofCopenhagen/KUonedriveOW/9. Semester/Intro to Social Data Science/EXAM PROJECT
2024-08-16 13:43:33;200;40817;https://borgerforslag.dk/se-og-stoet-forslag/?Id=FT-18046;/Users/olivernyropweeks/Library/CloudStorage/OneDrive-UniversityofCopenhagen/KUonedriveOW/9. Semester/Intro to Social Data Science/EXAM PROJECT
2024-08-16 13:43:35;200;39720;https://borgerforslag.dk/se-og-stoet-forslag/?Id=FT-18044;/Users/olivernyropweeks/Library/CloudStorage/OneDrive-UniversityofCopenhagen/KUonedriveOW/9. Semester/Intro to Social Data Science/EXAM PROJECT
2024-08-16 13:43:37;200;41720;https://borgerforslag.dk/se-og-stoet-forslag/?Id=FT-18028;/Users/olivernyropweeks/Library/CloudStorage/OneDrive-UniversityofCopenhagen/KUonedriveOW/9. Semester/Intro to Social Data Science/EXAM PROJECT
2024-08-16 13:43:39;200;48269;https://borgerforslag.dk/se-og-stoet-forslag/?Id=FT-18016;/Users/olivernyropweeks/Library/CloudStorage/OneDrive-UniversityofCopenhagen/KUonedriveOW/9. Semester/Intro to Social Data Science/EXAM PROJECT
2024-08-16 13:43:41;200;46327;https://borgerforslag.dk/se-og-stoet-forslag/?Id=FT-17997;/Users/olivernyropweeks/Library/CloudStorage/OneDrive-UniversityofCopenhagen/KUonedriveOW/9. Semester/Intro to Social Data Science/EXAM PROJECT
2024-08-16 13:43:44;200;40855;https://borgerforslag.dk/se-og-stoet-forslag/?Id=FT-18050;/Users/olivernyropweeks/Library/CloudStorage/OneDrive-UniversityofCopenhagen/KUonedriveOW/9. Semester/Intro to Social Data Science/EXAM PROJECT
2024-08-16 13:43:46;200;40298;https://borgerforslag.dk/se-og-stoet-forslag/?Id=FT-18032;/Users/olivernyropweeks/Library/CloudStorage/OneDrive-UniversityofCopenhagen/KUonedriveOW/9. Semester/Intro to Social Data Science/EXAM PROJECT
2024-08-16 13:43:48;200;38846;https://borgerforslag.dk/se-og-stoet-forslag/?Id=FT-18062;/Users/olivernyropweeks/Library/CloudStorage/OneDrive-UniversityofCopenhagen/KUonedriveOW/9. Semester/Intro to Social Data Science/EXAM PROJECT
2024-08-16 13:43:51;200;41312;https://borgerforslag.dk/se-og-stoet-forslag/?Id=FT-18029;/Users/olivernyropweeks/Library/CloudStorage/OneDrive-UniversityofCopenhagen/KUonedriveOW/9. Semester/Intro to Social Data Science/EXAM PROJECT
2024-08-16 13:43:53;200;39419;https://borgerforslag.dk/se-og-stoet-forslag/?Id=FT-18030;/Users/olivernyropweeks/Library/CloudStorage/OneDrive-UniversityofCopenhagen/KUonedriveOW/9. Semester/Intro to Social Data Science/EXAM PROJECT
2024-08-16 13:43:55;200;44469;https://borgerforslag.dk/se-og-stoet-forslag/?Id=FT-17960;/Users/olivernyropweeks/Library/CloudStorage/OneDrive-UniversityofCopenhagen/KUonedriveOW/9. Semester/Intro to Social Data Science/EXAM PROJECT
2024-08-16 13:53:37;200;41562;https://borgerforslag.dk/se-og-stoet-forslag/?Id=FT-18153;/Users/olivernyropweeks/Library/CloudStorage/OneDrive-UniversityofCopenhagen/KUonedriveOW/9. Semester/Intro to Social Data Science/EXAM PROJECT
2024-08-16 13:53:38;200;40097;https://borgerforslag.dk/se-og-stoet-forslag/?Id=FT-18099;/Users/olivernyropweeks/Library/CloudStorage/OneDrive-UniversityofCopenhagen/KUonedriveOW/9. Semester/Intro to Social Data Science/EXAM PROJECT
2024-08-16 13:53:40;200;41203;https://borgerforslag.dk/se-og-stoet-forslag/?Id=FT-18075;/Users/olivernyropweeks/Library/CloudStorage/OneDrive-UniversityofCopenhagen/KUonedriveOW/9. Semester/Intro to Social Data Science/EXAM PROJECT
2024-08-16 13:53:43;200;40817;https://borgerforslag.dk/se-og-stoet-forslag/?Id=FT-18046;/Users/olivernyropweeks/Library/CloudStorage/OneDrive-UniversityofCopenhagen/KUonedriveOW/9. Semester/Intro to Social Data Science/EXAM PROJECT
2024-08-16 13:53:45;200;39720;https://borgerforslag.dk/se-og-stoet-forslag/?Id=FT-18044;/Users/olivernyropweeks/Library/CloudStorage/OneDrive-UniversityofCopenhagen/KUonedriveOW/9. Semester/Intro to Social Data Science/EXAM PROJECT
2024-08-16 13:53:47;200;41720;https://borgerforslag.dk/se-og-stoet-forslag/?Id=FT-18028;/Users/olivernyropweeks/Library/CloudStorage/OneDrive-UniversityofCopenhagen/KUonedriveOW/9. Semester/Intro to Social Data Science/EXAM PROJECT
2024-08-16 13:53:50;200;48269;https://borgerforslag.dk/se-og-stoet-forslag/?Id=FT-18016;/Users/olivernyropweeks/Library/CloudStorage/OneDrive-UniversityofCopenhagen/KUonedriveOW/9. Semester/Intro to Social Data Science/EXAM PROJECT
2024-08-16 13:54:40;200;41562;https://borgerforslag.dk/se-og-stoet-forslag/?Id=FT-18153;/Users/olivernyropweeks/Library/CloudStorage/OneDrive-UniversityofCopenhagen/KUonedriveOW/9. Semester/Intro to Social Data Science/EXAM PROJECT
2024-08-16 13:54:43;200;40097;https://borgerforslag.dk/se-og-stoet-forslag/?Id=FT-18099;/Users/olivernyropweeks/Library/CloudStorage/OneDrive-UniversityofCopenhagen/KUonedriveOW/9. Semester/Intro to Social Data Science/EXAM PROJECT
2024-08-16 13:54:46;200;41203;https://borgerforslag.dk/se-og-stoet-forslag/?Id=FT-18075;/Users/olivernyropweeks/Library/CloudStorage/OneDrive-UniversityofCopenhagen/KUonedriveOW/9. Semester/Intro to Social Data Science/EXAM PROJECT
2024-08-16 13:54:48;200;40817;https://borgerforslag.dk/se-og-stoet-forslag/?Id=FT-18046;/Users/olivernyropweeks/Library/CloudStorage/OneDrive-UniversityofCopenhagen/KUonedriveOW/9. Semester/Intro to Social Data Science/EXAM PROJECT
2024-08-16 13:54:50;200;39720;https://borgerforslag.dk/se-og-stoet-forslag/?Id=FT-18044;/Users/olivernyropweeks/Library/CloudStorage/OneDrive-UniversityofCopenhagen/KUonedriveOW/9. Semester/Intro to Social Data Science/EXAM PROJECT
2024-08-16 13:54:54;200;41720;https://borgerforslag.dk/se-og-stoet-forslag/?Id=FT-18028;/Users/olivernyropweeks/Library/CloudStorage/OneDrive-UniversityofCopenhagen/KUonedriveOW/9. Semester/Intro to Social Data Science/EXAM PROJECT
2024-08-16 13:54:55;200;48269;https://borgerforslag.dk/se-og-stoet-forslag/?Id=FT-18016;/Users/olivernyropweeks/Library/CloudStorage/OneDrive-UniversityofCopenhagen/KUonedriveOW/9. Semester/Intro to Social Data Science/EXAM PROJECT
2024-08-16 13:54:57;200;46327;https://borgerforslag.dk/se-og-stoet-forslag/?Id=FT-17997;/Users/olivernyropweeks/Library/CloudStorage/OneDrive-UniversityofCopenhagen/KUonedriveOW/9. Semester/Intro to Social Data Science/EXAM PROJECT
2024-08-16 13:55:00;200;40853;https://borgerforslag.dk/se-og-stoet-forslag/?Id=FT-18050;/Users/olivernyropweeks/Library/CloudStorage/OneDrive-UniversityofCopenhagen/KUonedriveOW/9. Semester/Intro to Social Data Science/EXAM PROJECT
2024-08-16 13:55:02;200;40300;https://borgerforslag.dk/se-og-stoet-forslag/?Id=FT-18032;/Users/olivernyropweeks/Library/CloudStorage/OneDrive-UniversityofCopenhagen/KUonedriveOW/9. Semester/Intro to Social Data Science/EXAM PROJECT
2024-08-16 13:55:04;200;38846;https://borgerforslag.dk/se-og-stoet-forslag/?Id=FT-18062;/Users/olivernyropweeks/Library/CloudStorage/OneDrive-UniversityofCopenhagen/KUonedriveOW/9. Semester/Intro to Social Data Science/EXAM PROJECT
2024-08-16 13:55:23;200;41562;https://borgerforslag.dk/se-og-stoet-forslag/?Id=FT-18153;/Users/olivernyropweeks/Library/CloudStorage/OneDrive-UniversityofCopenhagen/KUonedriveOW/9. Semester/Intro to Social Data Science/EXAM PROJECT
2024-08-16 13:55:25;200;40097;https://borgerforslag.dk/se-og-stoet-forslag/?Id=FT-18099;/Users/olivernyropweeks/Library/CloudStorage/OneDrive-UniversityofCopenhagen/KUonedriveOW/9. Semester/Intro to Social Data Science/EXAM PROJECT
2024-08-16 13:55:28;200;41205;https://borgerforslag.dk/se-og-stoet-forslag/?Id=FT-18075;/Users/olivernyropweeks/Library/CloudStorage/OneDrive-UniversityofCopenhagen/KUonedriveOW/9. Semester/Intro to Social Data Science/EXAM PROJECT
2024-08-16 13:55:30;200;40817;https://borgerforslag.dk/se-og-stoet-forslag/?Id=FT-18046;/Users/olivernyropweeks/Library/CloudStorage/OneDrive-UniversityofCopenhagen/KUonedriveOW/9. Semester/Intro to Social Data Science/EXAM PROJECT
2024-08-16 13:55:31;200;39720;https://borgerforslag.dk/se-og-stoet-forslag/?Id=FT-18044;/Users/olivernyropweeks/Library/CloudStorage/OneDrive-UniversityofCopenhagen/KUonedriveOW/9. Semester/Intro to Social Data Science/EXAM PROJECT
2024-08-16 13:55:34;200;41720;https://borgerforslag.dk/se-og-stoet-forslag/?Id=FT-18028;/Users/olivernyropweeks/Library/CloudStorage/OneDrive-UniversityofCopenhagen/KUonedriveOW/9. Semester/Intro to Social Data Science/EXAM PROJECT
2024-08-16 13:57:26;200;40588;https://borgerforslag.dk/se-og-stoet-forslag/?Id=FT-17460;/Users/olivernyropweeks/Library/CloudStorage/OneDrive-UniversityofCopenhagen/KUonedriveOW/9. Semester/Intro to Social Data Science/EXAM PROJECT
2024-08-16 13:57:28;200;41615;https://borgerforslag.dk/se-og-stoet-forslag/?Id=FT-17445;/Users/olivernyropweeks/Library/CloudStorage/OneDrive-UniversityofCopenhagen/KUonedriveOW/9. Semester/Intro to Social Data Science/EXAM PROJECT
2024-08-16 13:57:31;200;44605;https://borgerforslag.dk/se-og-stoet-forslag/?Id=FT-17600;/Users/olivernyropweeks/Library/CloudStorage/OneDrive-UniversityofCopenhagen/KUonedriveOW/9. Semester/Intro to Social Data Science/EXAM PROJECT
2024-08-16 13:57:34;200;40899;https://borgerforslag.dk/se-og-stoet-forslag/?Id=FT-17625;/Users/olivernyropweeks/Library/CloudStorage/OneDrive-UniversityofCopenhagen/KUonedriveOW/9. Semester/Intro to Social Data Science/EXAM PROJECT
2024-08-16 13:57:36;200;40985;https://borgerforslag.dk/se-og-stoet-forslag/?Id=FT-17563;/Users/olivernyropweeks/Library/CloudStorage/OneDrive-UniversityofCopenhagen/KUonedriveOW/9. Semester/Intro to Social Data Science/EXAM PROJECT
2024-08-16 13:57:39;200;40119;https://borgerforslag.dk/se-og-stoet-forslag/?Id=FT-17573;/Users/olivernyropweeks/Library/CloudStorage/OneDrive-UniversityofCopenhagen/KUonedriveOW/9. Semester/Intro to Social Data Science/EXAM PROJECT
2024-08-16 14:02:04;200;41562;https://borgerforslag.dk/se-og-stoet-forslag/?Id=FT-18153;/Users/olivernyropweeks/Library/CloudStorage/OneDrive-UniversityofCopenhagen/KUonedriveOW/9. Semester/Intro to Social Data Science/EXAM PROJECT
2024-08-16 14:02:07;200;40099;https://borgerforslag.dk/se-og-stoet-forslag/?Id=FT-18099;/Users/olivernyropweeks/Library/CloudStorage/OneDrive-UniversityofCopenhagen/KUonedriveOW/9. Semester/Intro to Social Data Science/EXAM PROJECT
2024-08-16 14:02:08;200;41203;https://borgerforslag.dk/se-og-stoet-forslag/?Id=FT-18075;/Users/olivernyropweeks/Library/CloudStorage/OneDrive-UniversityofCopenhagen/KUonedriveOW/9. Semester/Intro to Social Data Science/EXAM PROJECT
2024-08-16 14:05:10;200;48382;https://borgerforslag.dk/se-og-stoet-forslag/?Id=FT-00120;/Users/olivernyropweeks/Library/CloudStorage/OneDrive-UniversityofCopenhagen/KUonedriveOW/9. Semester/Intro to Social Data Science/EXAM PROJECT
2024-08-16 14:05:13;200;43079;https://borgerforslag.dk/se-og-stoet-forslag/?Id=FT-00131;/Users/olivernyropweeks/Library/CloudStorage/OneDrive-UniversityofCopenhagen/KUonedriveOW/9. Semester/Intro to Social Data Science/EXAM PROJECT
2024-08-16 14:05:15;200;35845;https://borgerforslag.dk/se-og-stoet-forslag/?Id=FT-00139;/Users/olivernyropweeks/Library/CloudStorage/OneDrive-UniversityofCopenhagen/KUonedriveOW/9. Semester/Intro to Social Data Science/EXAM PROJECT
2024-08-16 14:05:18;200;36989;https://borgerforslag.dk/se-og-stoet-forslag/?Id=FT-00059;/Users/olivernyropweeks/Library/CloudStorage/OneDrive-UniversityofCopenhagen/KUonedriveOW/9. Semester/Intro to Social Data Science/EXAM PROJECT
2024-08-16 14:05:20;200;37363;https://borgerforslag.dk/se-og-stoet-forslag/?Id=FT-00034;/Users/olivernyropweeks/Library/CloudStorage/OneDrive-UniversityofCopenhagen/KUonedriveOW/9. Semester/Intro to Social Data Science/EXAM PROJECT
2024-08-16 14:05:21;200;40784;https://borgerforslag.dk/se-og-stoet-forslag/?Id=FT-00067;/Users/olivernyropweeks/Library/CloudStorage/OneDrive-UniversityofCopenhagen/KUonedriveOW/9. Semester/Intro to Social Data Science/EXAM PROJECT
2024-08-16 14:05:24;200;39309;https://borgerforslag.dk/se-og-stoet-forslag/?Id=FT-00005;/Users/olivernyropweeks/Library/CloudStorage/OneDrive-UniversityofCopenhagen/KUonedriveOW/9. Semester/Intro to Social Data Science/EXAM PROJECT
2024-08-16 14:06:23;200;39311;https://borgerforslag.dk/se-og-stoet-forslag/?Id=FT-00005;/Users/olivernyropweeks/Library/CloudStorage/OneDrive-UniversityofCopenhagen/KUonedriveOW/9. Semester/Intro to Social Data Science/EXAM PROJECT
2024-08-16 14:07:42;200;48380;https://borgerforslag.dk/se-og-stoet-forslag/?Id=FT-00120;/Users/olivernyropweeks/Library/CloudStorage/OneDrive-UniversityofCopenhagen/KUonedriveOW/9. Semester/Intro to Social Data Science/EXAM PROJECT
2024-08-16 14:07:44;200;43079;https://borgerforslag.dk/se-og-stoet-forslag/?Id=FT-00131;/Users/olivernyropweeks/Library/CloudStorage/OneDrive-UniversityofCopenhagen/KUonedriveOW/9. Semester/Intro to Social Data Science/EXAM PROJECT
2024-08-16 14:07:47;200;35847;https://borgerforslag.dk/se-og-stoet-forslag/?Id=FT-00139;/Users/olivernyropweeks/Library/CloudStorage/OneDrive-UniversityofCopenhagen/KUonedriveOW/9. Semester/Intro to Social Data Science/EXAM PROJECT
2024-08-16 14:07:49;200;36987;https://borgerforslag.dk/se-og-stoet-forslag/?Id=FT-00059;/Users/olivernyropweeks/Library/CloudStorage/OneDrive-UniversityofCopenhagen/KUonedriveOW/9. Semester/Intro to Social Data Science/EXAM PROJECT
2024-08-16 14:07:52;200;37363;https://borgerforslag.dk/se-og-stoet-forslag/?Id=FT-00034;/Users/olivernyropweeks/Library/CloudStorage/OneDrive-UniversityofCopenhagen/KUonedriveOW/9. Semester/Intro to Social Data Science/EXAM PROJECT
2024-08-16 14:07:54;200;40784;https://borgerforslag.dk/se-og-stoet-forslag/?Id=FT-00067;/Users/olivernyropweeks/Library/CloudStorage/OneDrive-UniversityofCopenhagen/KUonedriveOW/9. Semester/Intro to Social Data Science/EXAM PROJECT
2024-08-16 14:07:57;200;39309;https://borgerforslag.dk/se-og-stoet-forslag/?Id=FT-00005;/Users/olivernyropweeks/Library/CloudStorage/OneDrive-UniversityofCopenhagen/KUonedriveOW/9. Semester/Intro to Social Data Science/EXAM PROJECT
2024-08-16 14:28:16;200;41506;https://borgerforslag.dk/se-og-stoet-forslag/?Id=FT-18153;/Users/olivernyropweeks/Library/CloudStorage/OneDrive-UniversityofCopenhagen/KUonedriveOW/9. Semester/Intro to Social Data Science/EXAM PROJECT
2024-08-16 14:28:18;200;40041;https://borgerforslag.dk/se-og-stoet-forslag/?Id=FT-18099;/Users/olivernyropweeks/Library/CloudStorage/OneDrive-UniversityofCopenhagen/KUonedriveOW/9. Semester/Intro to Social Data Science/EXAM PROJECT
2024-08-16 14:28:21;200;41147;https://borgerforslag.dk/se-og-stoet-forslag/?Id=FT-18075;/Users/olivernyropweeks/Library/CloudStorage/OneDrive-UniversityofCopenhagen/KUonedriveOW/9. Semester/Intro to Social Data Science/EXAM PROJECT
2024-08-16 14:28:23;200;40761;https://borgerforslag.dk/se-og-stoet-forslag/?Id=FT-18046;/Users/olivernyropweeks/Library/CloudStorage/OneDrive-UniversityofCopenhagen/KUonedriveOW/9. Semester/Intro to Social Data Science/EXAM PROJECT
2024-08-16 14:28:24;200;39664;https://borgerforslag.dk/se-og-stoet-forslag/?Id=FT-18044;/Users/olivernyropweeks/Library/CloudStorage/OneDrive-UniversityofCopenhagen/KUonedriveOW/9. Semester/Intro to Social Data Science/EXAM PROJECT
2024-08-16 14:28:27;200;41664;https://borgerforslag.dk/se-og-stoet-forslag/?Id=FT-18028;/Users/olivernyropweeks/Library/CloudStorage/OneDrive-UniversityofCopenhagen/KUonedriveOW/9. Semester/Intro to Social Data Science/EXAM PROJECT
2024-08-16 14:28:30;200;48213;https://borgerforslag.dk/se-og-stoet-forslag/?Id=FT-18016;/Users/olivernyropweeks/Library/CloudStorage/OneDrive-UniversityofCopenhagen/KUonedriveOW/9. Semester/Intro to Social Data Science/EXAM PROJECT
2024-08-16 14:28:33;200;46271;https://borgerforslag.dk/se-og-stoet-forslag/?Id=FT-17997;/Users/olivernyropweeks/Library/CloudStorage/OneDrive-UniversityofCopenhagen/KUonedriveOW/9. Semester/Intro to Social Data Science/EXAM PROJECT
2024-08-16 14:28:35;200;40797;https://borgerforslag.dk/se-og-stoet-forslag/?Id=FT-18050;/Users/olivernyropweeks/Library/CloudStorage/OneDrive-UniversityofCopenhagen/KUonedriveOW/9. Semester/Intro to Social Data Science/EXAM PROJECT
2024-08-16 14:28:36;200;40242;https://borgerforslag.dk/se-og-stoet-forslag/?Id=FT-18032;/Users/olivernyropweeks/Library/CloudStorage/OneDrive-UniversityofCopenhagen/KUonedriveOW/9. Semester/Intro to Social Data Science/EXAM PROJECT
2024-08-16 14:28:40;200;38790;https://borgerforslag.dk/se-og-stoet-forslag/?Id=FT-18062;/Users/olivernyropweeks/Library/CloudStorage/OneDrive-UniversityofCopenhagen/KUonedriveOW/9. Semester/Intro to Social Data Science/EXAM PROJECT
2024-08-16 14:28:41;200;41257;https://borgerforslag.dk/se-og-stoet-forslag/?Id=FT-18029;/Users/olivernyropweeks/Library/CloudStorage/OneDrive-UniversityofCopenhagen/KUonedriveOW/9. Semester/Intro to Social Data Science/EXAM PROJECT
2024-08-16 14:28:43;200;39327;https://borgerforslag.dk/se-og-stoet-forslag/?Id=FT-18030;/Users/olivernyropweeks/Library/CloudStorage/OneDrive-UniversityofCopenhagen/KUonedriveOW/9. Semester/Intro to Social Data Science/EXAM PROJECT
2024-08-16 14:28:46;200;44379;https://borgerforslag.dk/se-og-stoet-forslag/?Id=FT-17960;/Users/olivernyropweeks/Library/CloudStorage/OneDrive-UniversityofCopenhagen/KUonedriveOW/9. Semester/Intro to Social Data Science/EXAM PROJECT
2024-08-16 14:28:49;200;41953;https://borgerforslag.dk/se-og-stoet-forslag/?Id=FT-17930;/Users/olivernyropweeks/Library/CloudStorage/OneDrive-UniversityofCopenhagen/KUonedriveOW/9. Semester/Intro to Social Data Science/EXAM PROJECT
2024-08-16 14:28:51;200;43547;https://borgerforslag.dk/se-og-stoet-forslag/?Id=FT-17914;/Users/olivernyropweeks/Library/CloudStorage/OneDrive-UniversityofCopenhagen/KUonedriveOW/9. Semester/Intro to Social Data Science/EXAM PROJECT
2024-08-16 14:56:15;200;41506;https://borgerforslag.dk/se-og-stoet-forslag/?Id=FT-18153;/Users/olivernyropweeks/Library/CloudStorage/OneDrive-UniversityofCopenhagen/KUonedriveOW/9. Semester/Intro to Social Data Science/EXAM PROJECT
2024-08-16 14:56:17;200;40005;https://borgerforslag.dk/se-og-stoet-forslag/?Id=FT-18099;/Users/olivernyropweeks/Library/CloudStorage/OneDrive-UniversityofCopenhagen/KUonedriveOW/9. Semester/Intro to Social Data Science/EXAM PROJECT
2024-08-16 14:56:18;200;41111;https://borgerforslag.dk/se-og-stoet-forslag/?Id=FT-18075;/Users/olivernyropweeks/Library/CloudStorage/OneDrive-UniversityofCopenhagen/KUonedriveOW/9. Semester/Intro to Social Data Science/EXAM PROJECT
2024-08-16 14:56:20;200;40761;https://borgerforslag.dk/se-og-stoet-forslag/?Id=FT-18046;/Users/olivernyropweeks/Library/CloudStorage/OneDrive-UniversityofCopenhagen/KUonedriveOW/9. Semester/Intro to Social Data Science/EXAM PROJECT
2024-08-16 14:56:22;200;39628;https://borgerforslag.dk/se-og-stoet-forslag/?Id=FT-18044;/Users/olivernyropweeks/Library/CloudStorage/OneDrive-UniversityofCopenhagen/KUonedriveOW/9. Semester/Intro to Social Data Science/EXAM PROJECT
2024-08-16 14:56:47;200;41508;https://borgerforslag.dk/se-og-stoet-forslag/?Id=FT-18153;/Users/olivernyropweeks/Library/CloudStorage/OneDrive-UniversityofCopenhagen/KUonedriveOW/9. Semester/Intro to Social Data Science/EXAM PROJECT
2024-08-16 14:56:48;200;40005;https://borgerforslag.dk/se-og-stoet-forslag/?Id=FT-18099;/Users/olivernyropweeks/Library/CloudStorage/OneDrive-UniversityofCopenhagen/KUonedriveOW/9. Semester/Intro to Social Data Science/EXAM PROJECT
2024-08-16 14:56:50;200;41111;https://borgerforslag.dk/se-og-stoet-forslag/?Id=FT-18075;/Users/olivernyropweeks/Library/CloudStorage/OneDrive-UniversityofCopenhagen/KUonedriveOW/9. Semester/Intro to Social Data Science/EXAM PROJECT
2024-08-16 14:56:52;200;40761;https://borgerforslag.dk/se-og-stoet-forslag/?Id=FT-18046;/Users/olivernyropweeks/Library/CloudStorage/OneDrive-UniversityofCopenhagen/KUonedriveOW/9. Semester/Intro to Social Data Science/EXAM PROJECT
2024-08-16 14:56:54;200;39628;https://borgerforslag.dk/se-og-stoet-forslag/?Id=FT-18044;/Users/olivernyropweeks/Library/CloudStorage/OneDrive-UniversityofCopenhagen/KUonedriveOW/9. Semester/Intro to Social Data Science/EXAM PROJECT
2024-08-16 14:57:38;200;41506;https://borgerforslag.dk/se-og-stoet-forslag/?Id=FT-18153;/Users/olivernyropweeks/Library/CloudStorage/OneDrive-UniversityofCopenhagen/KUonedriveOW/9. Semester/Intro to Social Data Science/EXAM PROJECT
2024-08-16 14:57:40;200;40005;https://borgerforslag.dk/se-og-stoet-forslag/?Id=FT-18099;/Users/olivernyropweeks/Library/CloudStorage/OneDrive-UniversityofCopenhagen/KUonedriveOW/9. Semester/Intro to Social Data Science/EXAM PROJECT
2024-08-16 14:57:42;200;41111;https://borgerforslag.dk/se-og-stoet-forslag/?Id=FT-18075;/Users/olivernyropweeks/Library/CloudStorage/OneDrive-UniversityofCopenhagen/KUonedriveOW/9. Semester/Intro to Social Data Science/EXAM PROJECT
2024-08-16 14:57:44;200;40761;https://borgerforslag.dk/se-og-stoet-forslag/?Id=FT-18046;/Users/olivernyropweeks/Library/CloudStorage/OneDrive-UniversityofCopenhagen/KUonedriveOW/9. Semester/Intro to Social Data Science/EXAM PROJECT
2024-08-16 14:57:45;200;39628;https://borgerforslag.dk/se-og-stoet-forslag/?Id=FT-18044;/Users/olivernyropweeks/Library/CloudStorage/OneDrive-UniversityofCopenhagen/KUonedriveOW/9. Semester/Intro to Social Data Science/EXAM PROJECT
2024-08-16 15:09:18;200;41472;https://borgerforslag.dk/se-og-stoet-forslag/?Id=FT-18153;/Users/olivernyropweeks/Library/CloudStorage/OneDrive-UniversityofCopenhagen/KUonedriveOW/9. Semester/Intro to Social Data Science/EXAM PROJECT
2024-08-16 15:09:19;200;40005;https://borgerforslag.dk/se-og-stoet-forslag/?Id=FT-18099;/Users/olivernyropweeks/Library/CloudStorage/OneDrive-UniversityofCopenhagen/KUonedriveOW/9. Semester/Intro to Social Data Science/EXAM PROJECT
2024-08-16 15:09:21;200;41111;https://borgerforslag.dk/se-og-stoet-forslag/?Id=FT-18075;/Users/olivernyropweeks/Library/CloudStorage/OneDrive-UniversityofCopenhagen/KUonedriveOW/9. Semester/Intro to Social Data Science/EXAM PROJECT
2024-08-16 15:09:23;200;40761;https://borgerforslag.dk/se-og-stoet-forslag/?Id=FT-18046;/Users/olivernyropweeks/Library/CloudStorage/OneDrive-UniversityofCopenhagen/KUonedriveOW/9. Semester/Intro to Social Data Science/EXAM PROJECT
2024-08-16 15:09:25;200;39628;https://borgerforslag.dk/se-og-stoet-forslag/?Id=FT-18044;/Users/olivernyropweeks/Library/CloudStorage/OneDrive-UniversityofCopenhagen/KUonedriveOW/9. Semester/Intro to Social Data Science/EXAM PROJECT
2024-08-16 15:13:05;200;41526;https://borgerforslag.dk/se-og-stoet-forslag/?Id=FT-18153;/Users/olivernyropweeks/Library/CloudStorage/OneDrive-UniversityofCopenhagen/KUonedriveOW/9. Semester/Intro to Social Data Science/EXAM PROJECT
2024-08-16 15:13:07;200;40061;https://borgerforslag.dk/se-og-stoet-forslag/?Id=FT-18099;/Users/olivernyropweeks/Library/CloudStorage/OneDrive-UniversityofCopenhagen/KUonedriveOW/9. Semester/Intro to Social Data Science/EXAM PROJECT
2024-08-16 15:13:09;200;41167;https://borgerforslag.dk/se-og-stoet-forslag/?Id=FT-18075;/Users/olivernyropweeks/Library/CloudStorage/OneDrive-UniversityofCopenhagen/KUonedriveOW/9. Semester/Intro to Social Data Science/EXAM PROJECT
2024-08-16 15:13:11;200;40817;https://borgerforslag.dk/se-og-stoet-forslag/?Id=FT-18046;/Users/olivernyropweeks/Library/CloudStorage/OneDrive-UniversityofCopenhagen/KUonedriveOW/9. Semester/Intro to Social Data Science/EXAM PROJECT
2024-08-16 15:13:13;200;39684;https://borgerforslag.dk/se-og-stoet-forslag/?Id=FT-18044;/Users/olivernyropweeks/Library/CloudStorage/OneDrive-UniversityofCopenhagen/KUonedriveOW/9. Semester/Intro to Social Data Science/EXAM PROJECT
2024-08-16 15:13:34;200;41526;https://borgerforslag.dk/se-og-stoet-forslag/?Id=FT-18153;/Users/olivernyropweeks/Library/CloudStorage/OneDrive-UniversityofCopenhagen/KUonedriveOW/9. Semester/Intro to Social Data Science/EXAM PROJECT
2024-08-16 15:13:36;200;40061;https://borgerforslag.dk/se-og-stoet-forslag/?Id=FT-18099;/Users/olivernyropweeks/Library/CloudStorage/OneDrive-UniversityofCopenhagen/KUonedriveOW/9. Semester/Intro to Social Data Science/EXAM PROJECT
2024-08-16 15:13:38;200;41167;https://borgerforslag.dk/se-og-stoet-forslag/?Id=FT-18075;/Users/olivernyropweeks/Library/CloudStorage/OneDrive-UniversityofCopenhagen/KUonedriveOW/9. Semester/Intro to Social Data Science/EXAM PROJECT
2024-08-16 15:13:40;200;40817;https://borgerforslag.dk/se-og-stoet-forslag/?Id=FT-18046;/Users/olivernyropweeks/Library/CloudStorage/OneDrive-UniversityofCopenhagen/KUonedriveOW/9. Semester/Intro to Social Data Science/EXAM PROJECT
2024-08-16 15:13:41;200;39684;https://borgerforslag.dk/se-og-stoet-forslag/?Id=FT-18044;/Users/olivernyropweeks/Library/CloudStorage/OneDrive-UniversityofCopenhagen/KUonedriveOW/9. Semester/Intro to Social Data Science/EXAM PROJECT
2024-08-16 15:20:09;200;41526;https://borgerforslag.dk/se-og-stoet-forslag/?Id=FT-18153;/Users/olivernyropweeks/Library/CloudStorage/OneDrive-UniversityofCopenhagen/KUonedriveOW/9. Semester/Intro to Social Data Science/EXAM PROJECT
2024-08-16 15:20:11;200;40061;https://borgerforslag.dk/se-og-stoet-forslag/?Id=FT-18099;/Users/olivernyropweeks/Library/CloudStorage/OneDrive-UniversityofCopenhagen/KUonedriveOW/9. Semester/Intro to Social Data Science/EXAM PROJECT
2024-08-16 15:20:13;200;41167;https://borgerforslag.dk/se-og-stoet-forslag/?Id=FT-18075;/Users/olivernyropweeks/Library/CloudStorage/OneDrive-UniversityofCopenhagen/KUonedriveOW/9. Semester/Intro to Social Data Science/EXAM PROJECT
2024-08-16 15:20:14;200;40817;https://borgerforslag.dk/se-og-stoet-forslag/?Id=FT-18046;/Users/olivernyropweeks/Library/CloudStorage/OneDrive-UniversityofCopenhagen/KUonedriveOW/9. Semester/Intro to Social Data Science/EXAM PROJECT
2024-08-16 15:20:16;200;39684;https://borgerforslag.dk/se-og-stoet-forslag/?Id=FT-18044;/Users/olivernyropweeks/Library/CloudStorage/OneDrive-UniversityofCopenhagen/KUonedriveOW/9. Semester/Intro to Social Data Science/EXAM PROJECT
2024-08-16 19:38:46;200;41562;https://borgerforslag.dk/se-og-stoet-forslag/?Id=FT-18153;/Users/olivernyropweeks/Library/CloudStorage/OneDrive-UniversityofCopenhagen/KUonedriveOW/9. Semester/Intro to Social Data Science/ISDS-Group/Project
2024-08-16 19:38:47;200;40097;https://borgerforslag.dk/se-og-stoet-forslag/?Id=FT-18099;/Users/olivernyropweeks/Library/CloudStorage/OneDrive-UniversityofCopenhagen/KUonedriveOW/9. Semester/Intro to Social Data Science/ISDS-Group/Project
2024-08-16 19:38:49;200;41203;https://borgerforslag.dk/se-og-stoet-forslag/?Id=FT-18075;/Users/olivernyropweeks/Library/CloudStorage/OneDrive-UniversityofCopenhagen/KUonedriveOW/9. Semester/Intro to Social Data Science/ISDS-Group/Project
2024-08-16 19:38:51;200;40820;https://borgerforslag.dk/se-og-stoet-forslag/?Id=FT-18046;/Users/olivernyropweeks/Library/CloudStorage/OneDrive-UniversityofCopenhagen/KUonedriveOW/9. Semester/Intro to Social Data Science/ISDS-Group/Project
2024-08-16 19:38:53;200;39720;https://borgerforslag.dk/se-og-stoet-forslag/?Id=FT-18044;/Users/olivernyropweeks/Library/CloudStorage/OneDrive-UniversityofCopenhagen/KUonedriveOW/9. Semester/Intro to Social Data Science/ISDS-Group/Project
2024-08-16 19:38:54;200;41720;https://borgerforslag.dk/se-og-stoet-forslag/?Id=FT-18028;/Users/olivernyropweeks/Library/CloudStorage/OneDrive-UniversityofCopenhagen/KUonedriveOW/9. Semester/Intro to Social Data Science/ISDS-Group/Project
2024-08-16 19:38:56;200;48269;https://borgerforslag.dk/se-og-stoet-forslag/?Id=FT-18016;/Users/olivernyropweeks/Library/CloudStorage/OneDrive-UniversityofCopenhagen/KUonedriveOW/9. Semester/Intro to Social Data Science/ISDS-Group/Project
2024-08-16 19:38:57;200;46327;https://borgerforslag.dk/se-og-stoet-forslag/?Id=FT-17997;/Users/olivernyropweeks/Library/CloudStorage/OneDrive-UniversityofCopenhagen/KUonedriveOW/9. Semester/Intro to Social Data Science/ISDS-Group/Project
2024-08-16 19:38:59;200;40853;https://borgerforslag.dk/se-og-stoet-forslag/?Id=FT-18050;/Users/olivernyropweeks/Library/CloudStorage/OneDrive-UniversityofCopenhagen/KUonedriveOW/9. Semester/Intro to Social Data Science/ISDS-Group/Project
2024-08-16 19:39:01;200;40299;https://borgerforslag.dk/se-og-stoet-forslag/?Id=FT-18032;/Users/olivernyropweeks/Library/CloudStorage/OneDrive-UniversityofCopenhagen/KUonedriveOW/9. Semester/Intro to Social Data Science/ISDS-Group/Project
2024-08-16 19:39:02;200;38846;https://borgerforslag.dk/se-og-stoet-forslag/?Id=FT-18062;/Users/olivernyropweeks/Library/CloudStorage/OneDrive-UniversityofCopenhagen/KUonedriveOW/9. Semester/Intro to Social Data Science/ISDS-Group/Project
2024-08-16 19:39:04;200;41308;https://borgerforslag.dk/se-og-stoet-forslag/?Id=FT-18029;/Users/olivernyropweeks/Library/CloudStorage/OneDrive-UniversityofCopenhagen/KUonedriveOW/9. Semester/Intro to Social Data Science/ISDS-Group/Project
2024-08-16 19:39:06;200;39419;https://borgerforslag.dk/se-og-stoet-forslag/?Id=FT-18030;/Users/olivernyropweeks/Library/CloudStorage/OneDrive-UniversityofCopenhagen/KUonedriveOW/9. Semester/Intro to Social Data Science/ISDS-Group/Project
2024-08-16 19:39:07;200;44475;https://borgerforslag.dk/se-og-stoet-forslag/?Id=FT-17960;/Users/olivernyropweeks/Library/CloudStorage/OneDrive-UniversityofCopenhagen/KUonedriveOW/9. Semester/Intro to Social Data Science/ISDS-Group/Project
2024-08-16 19:39:09;200;42007;https://borgerforslag.dk/se-og-stoet-forslag/?Id=FT-17930;/Users/olivernyropweeks/Library/CloudStorage/OneDrive-UniversityofCopenhagen/KUonedriveOW/9. Semester/Intro to Social Data Science/ISDS-Group/Project
2024-08-16 19:39:10;200;43603;https://borgerforslag.dk/se-og-stoet-forslag/?Id=FT-17914;/Users/olivernyropweeks/Library/CloudStorage/OneDrive-UniversityofCopenhagen/KUonedriveOW/9. Semester/Intro to Social Data Science/ISDS-Group/Project
2024-08-16 19:39:13;200;41052;https://borgerforslag.dk/se-og-stoet-forslag/?Id=FT-17912;/Users/olivernyropweeks/Library/CloudStorage/OneDrive-UniversityofCopenhagen/KUonedriveOW/9. Semester/Intro to Social Data Science/ISDS-Group/Project
2024-08-16 19:39:14;200;39732;https://borgerforslag.dk/se-og-stoet-forslag/?Id=FT-17980;/Users/olivernyropweeks/Library/CloudStorage/OneDrive-UniversityofCopenhagen/KUonedriveOW/9. Semester/Intro to Social Data Science/ISDS-Group/Project
2024-08-16 19:39:16;200;39175;https://borgerforslag.dk/se-og-stoet-forslag/?Id=FT-17962;/Users/olivernyropweeks/Library/CloudStorage/OneDrive-UniversityofCopenhagen/KUonedriveOW/9. Semester/Intro to Social Data Science/ISDS-Group/Project
2024-08-16 19:39:18;200;40818;https://borgerforslag.dk/se-og-stoet-forslag/?Id=FT-17945;/Users/olivernyropweeks/Library/CloudStorage/OneDrive-UniversityofCopenhagen/KUonedriveOW/9. Semester/Intro to Social Data Science/ISDS-Group/Project
2024-08-16 19:39:20;200;46347;https://borgerforslag.dk/se-og-stoet-forslag/?Id=FT-17961;/Users/olivernyropweeks/Library/CloudStorage/OneDrive-UniversityofCopenhagen/KUonedriveOW/9. Semester/Intro to Social Data Science/ISDS-Group/Project
2024-08-16 19:39:21;200;39280;https://borgerforslag.dk/se-og-stoet-forslag/?Id=FT-17926;/Users/olivernyropweeks/Library/CloudStorage/OneDrive-UniversityofCopenhagen/KUonedriveOW/9. Semester/Intro to Social Data Science/ISDS-Group/Project
2024-08-16 19:39:23;200;43549;https://borgerforslag.dk/se-og-stoet-forslag/?Id=FT-17781;/Users/olivernyropweeks/Library/CloudStorage/OneDrive-UniversityofCopenhagen/KUonedriveOW/9. Semester/Intro to Social Data Science/ISDS-Group/Project
2024-08-16 19:39:25;200;39322;https://borgerforslag.dk/se-og-stoet-forslag/?Id=FT-17938;/Users/olivernyropweeks/Library/CloudStorage/OneDrive-UniversityofCopenhagen/KUonedriveOW/9. Semester/Intro to Social Data Science/ISDS-Group/Project
2024-08-16 19:39:26;200;40731;https://borgerforslag.dk/se-og-stoet-forslag/?Id=FT-17913;/Users/olivernyropweeks/Library/CloudStorage/OneDrive-UniversityofCopenhagen/KUonedriveOW/9. Semester/Intro to Social Data Science/ISDS-Group/Project
2024-08-16 19:39:28;200;40921;https://borgerforslag.dk/se-og-stoet-forslag/?Id=FT-17881;/Users/olivernyropweeks/Library/CloudStorage/OneDrive-UniversityofCopenhagen/KUonedriveOW/9. Semester/Intro to Social Data Science/ISDS-Group/Project
2024-08-16 19:39:30;200;40156;https://borgerforslag.dk/se-og-stoet-forslag/?Id=FT-17891;/Users/olivernyropweeks/Library/CloudStorage/OneDrive-UniversityofCopenhagen/KUonedriveOW/9. Semester/Intro to Social Data Science/ISDS-Group/Project
2024-08-16 19:39:32;200;41959;https://borgerforslag.dk/se-og-stoet-forslag/?Id=FT-17910;/Users/olivernyropweeks/Library/CloudStorage/OneDrive-UniversityofCopenhagen/KUonedriveOW/9. Semester/Intro to Social Data Science/ISDS-Group/Project
2024-08-16 19:39:34;200;45605;https://borgerforslag.dk/se-og-stoet-forslag/?Id=FT-17828;/Users/olivernyropweeks/Library/CloudStorage/OneDrive-UniversityofCopenhagen/KUonedriveOW/9. Semester/Intro to Social Data Science/ISDS-Group/Project
2024-08-16 19:39:36;200;46187;https://borgerforslag.dk/se-og-stoet-forslag/?Id=FT-17873;/Users/olivernyropweeks/Library/CloudStorage/OneDrive-UniversityofCopenhagen/KUonedriveOW/9. Semester/Intro to Social Data Science/ISDS-Group/Project
2024-08-16 19:39:38;200;41603;https://borgerforslag.dk/se-og-stoet-forslag/?Id=FT-17810;/Users/olivernyropweeks/Library/CloudStorage/OneDrive-UniversityofCopenhagen/KUonedriveOW/9. Semester/Intro to Social Data Science/ISDS-Group/Project
2024-08-16 19:39:40;200;41749;https://borgerforslag.dk/se-og-stoet-forslag/?Id=FT-17838;/Users/olivernyropweeks/Library/CloudStorage/OneDrive-UniversityofCopenhagen/KUonedriveOW/9. Semester/Intro to Social Data Science/ISDS-Group/Project
2024-08-16 19:39:42;200;40334;https://borgerforslag.dk/se-og-stoet-forslag/?Id=FT-17875;/Users/olivernyropweeks/Library/CloudStorage/OneDrive-UniversityofCopenhagen/KUonedriveOW/9. Semester/Intro to Social Data Science/ISDS-Group/Project
2024-08-16 19:39:43;200;39594;https://borgerforslag.dk/se-og-stoet-forslag/?Id=FT-17815;/Users/olivernyropweeks/Library/CloudStorage/OneDrive-UniversityofCopenhagen/KUonedriveOW/9. Semester/Intro to Social Data Science/ISDS-Group/Project
2024-08-16 19:39:45;200;40525;https://borgerforslag.dk/se-og-stoet-forslag/?Id=FT-17855;/Users/olivernyropweeks/Library/CloudStorage/OneDrive-UniversityofCopenhagen/KUonedriveOW/9. Semester/Intro to Social Data Science/ISDS-Group/Project
2024-08-16 19:39:47;200;38711;https://borgerforslag.dk/se-og-stoet-forslag/?Id=FT-17822;/Users/olivernyropweeks/Library/CloudStorage/OneDrive-UniversityofCopenhagen/KUonedriveOW/9. Semester/Intro to Social Data Science/ISDS-Group/Project
2024-08-16 19:39:50;200;40910;https://borgerforslag.dk/se-og-stoet-forslag/?Id=FT-17871;/Users/olivernyropweeks/Library/CloudStorage/OneDrive-UniversityofCopenhagen/KUonedriveOW/9. Semester/Intro to Social Data Science/ISDS-Group/Project
2024-08-16 19:39:52;200;40769;https://borgerforslag.dk/se-og-stoet-forslag/?Id=FT-17874;/Users/olivernyropweeks/Library/CloudStorage/OneDrive-UniversityofCopenhagen/KUonedriveOW/9. Semester/Intro to Social Data Science/ISDS-Group/Project
2024-08-16 19:39:54;200;41644;https://borgerforslag.dk/se-og-stoet-forslag/?Id=FT-17816;/Users/olivernyropweeks/Library/CloudStorage/OneDrive-UniversityofCopenhagen/KUonedriveOW/9. Semester/Intro to Social Data Science/ISDS-Group/Project
2024-08-16 19:39:55;200;40981;https://borgerforslag.dk/se-og-stoet-forslag/?Id=FT-17794;/Users/olivernyropweeks/Library/CloudStorage/OneDrive-UniversityofCopenhagen/KUonedriveOW/9. Semester/Intro to Social Data Science/ISDS-Group/Project
2024-08-16 19:39:57;200;39927;https://borgerforslag.dk/se-og-stoet-forslag/?Id=FT-17805;/Users/olivernyropweeks/Library/CloudStorage/OneDrive-UniversityofCopenhagen/KUonedriveOW/9. Semester/Intro to Social Data Science/ISDS-Group/Project
2024-08-16 19:39:58;200;40871;https://borgerforslag.dk/se-og-stoet-forslag/?Id=FT-17814;/Users/olivernyropweeks/Library/CloudStorage/OneDrive-UniversityofCopenhagen/KUonedriveOW/9. Semester/Intro to Social Data Science/ISDS-Group/Project
2024-08-16 19:39:59;200;44516;https://borgerforslag.dk/se-og-stoet-forslag/?Id=FT-17779;/Users/olivernyropweeks/Library/CloudStorage/OneDrive-UniversityofCopenhagen/KUonedriveOW/9. Semester/Intro to Social Data Science/ISDS-Group/Project
2024-08-16 19:40:01;200;39512;https://borgerforslag.dk/se-og-stoet-forslag/?Id=FT-17790;/Users/olivernyropweeks/Library/CloudStorage/OneDrive-UniversityofCopenhagen/KUonedriveOW/9. Semester/Intro to Social Data Science/ISDS-Group/Project
2024-08-16 19:40:02;200;49193;https://borgerforslag.dk/se-og-stoet-forslag/?Id=FT-17683;/Users/olivernyropweeks/Library/CloudStorage/OneDrive-UniversityofCopenhagen/KUonedriveOW/9. Semester/Intro to Social Data Science/ISDS-Group/Project
2024-08-16 19:40:04;200;47054;https://borgerforslag.dk/se-og-stoet-forslag/?Id=FT-17720;/Users/olivernyropweeks/Library/CloudStorage/OneDrive-UniversityofCopenhagen/KUonedriveOW/9. Semester/Intro to Social Data Science/ISDS-Group/Project
2024-08-16 19:40:06;200;41303;https://borgerforslag.dk/se-og-stoet-forslag/?Id=FT-17735;/Users/olivernyropweeks/Library/CloudStorage/OneDrive-UniversityofCopenhagen/KUonedriveOW/9. Semester/Intro to Social Data Science/ISDS-Group/Project
2024-08-16 19:40:08;200;39827;https://borgerforslag.dk/se-og-stoet-forslag/?Id=FT-17748;/Users/olivernyropweeks/Library/CloudStorage/OneDrive-UniversityofCopenhagen/KUonedriveOW/9. Semester/Intro to Social Data Science/ISDS-Group/Project
2024-08-16 19:40:10;200;42683;https://borgerforslag.dk/se-og-stoet-forslag/?Id=FT-17732;/Users/olivernyropweeks/Library/CloudStorage/OneDrive-UniversityofCopenhagen/KUonedriveOW/9. Semester/Intro to Social Data Science/ISDS-Group/Project
2024-08-16 19:40:12;200;45976;https://borgerforslag.dk/se-og-stoet-forslag/?Id=FT-17690;/Users/olivernyropweeks/Library/CloudStorage/OneDrive-UniversityofCopenhagen/KUonedriveOW/9. Semester/Intro to Social Data Science/ISDS-Group/Project
2024-08-16 19:40:13;200;41022;https://borgerforslag.dk/se-og-stoet-forslag/?Id=FT-17751;/Users/olivernyropweeks/Library/CloudStorage/OneDrive-UniversityofCopenhagen/KUonedriveOW/9. Semester/Intro to Social Data Science/ISDS-Group/Project
2024-08-16 19:40:15;200;39965;https://borgerforslag.dk/se-og-stoet-forslag/?Id=FT-17726;/Users/olivernyropweeks/Library/CloudStorage/OneDrive-UniversityofCopenhagen/KUonedriveOW/9. Semester/Intro to Social Data Science/ISDS-Group/Project
2024-08-16 19:40:16;200;39522;https://borgerforslag.dk/se-og-stoet-forslag/?Id=FT-17705;/Users/olivernyropweeks/Library/CloudStorage/OneDrive-UniversityofCopenhagen/KUonedriveOW/9. Semester/Intro to Social Data Science/ISDS-Group/Project
2024-08-16 19:40:18;200;39797;https://borgerforslag.dk/se-og-stoet-forslag/?Id=FT-17674;/Users/olivernyropweeks/Library/CloudStorage/OneDrive-UniversityofCopenhagen/KUonedriveOW/9. Semester/Intro to Social Data Science/ISDS-Group/Project
2024-08-16 19:40:20;200;44074;https://borgerforslag.dk/se-og-stoet-forslag/?Id=FT-17620;/Users/olivernyropweeks/Library/CloudStorage/OneDrive-UniversityofCopenhagen/KUonedriveOW/9. Semester/Intro to Social Data Science/ISDS-Group/Project
2024-08-16 19:40:22;200;39531;https://borgerforslag.dk/se-og-stoet-forslag/?Id=FT-17655;/Users/olivernyropweeks/Library/CloudStorage/OneDrive-UniversityofCopenhagen/KUonedriveOW/9. Semester/Intro to Social Data Science/ISDS-Group/Project
2024-08-16 19:40:23;200;39966;https://borgerforslag.dk/se-og-stoet-forslag/?Id=FT-17694;/Users/olivernyropweeks/Library/CloudStorage/OneDrive-UniversityofCopenhagen/KUonedriveOW/9. Semester/Intro to Social Data Science/ISDS-Group/Project
2024-08-16 19:40:25;200;41705;https://borgerforslag.dk/se-og-stoet-forslag/?Id=FT-17621;/Users/olivernyropweeks/Library/CloudStorage/OneDrive-UniversityofCopenhagen/KUonedriveOW/9. Semester/Intro to Social Data Science/ISDS-Group/Project
2024-08-16 19:40:28;200;41142;https://borgerforslag.dk/se-og-stoet-forslag/?Id=FT-17587;/Users/olivernyropweeks/Library/CloudStorage/OneDrive-UniversityofCopenhagen/KUonedriveOW/9. Semester/Intro to Social Data Science/ISDS-Group/Project
2024-08-16 19:40:30;200;41161;https://borgerforslag.dk/se-og-stoet-forslag/?Id=FT-17590;/Users/olivernyropweeks/Library/CloudStorage/OneDrive-UniversityofCopenhagen/KUonedriveOW/9. Semester/Intro to Social Data Science/ISDS-Group/Project
2024-08-16 19:40:32;200;40588;https://borgerforslag.dk/se-og-stoet-forslag/?Id=FT-17460;/Users/olivernyropweeks/Library/CloudStorage/OneDrive-UniversityofCopenhagen/KUonedriveOW/9. Semester/Intro to Social Data Science/ISDS-Group/Project
2024-08-16 19:40:34;200;41616;https://borgerforslag.dk/se-og-stoet-forslag/?Id=FT-17445;/Users/olivernyropweeks/Library/CloudStorage/OneDrive-UniversityofCopenhagen/KUonedriveOW/9. Semester/Intro to Social Data Science/ISDS-Group/Project
2024-08-16 19:40:36;200;44604;https://borgerforslag.dk/se-og-stoet-forslag/?Id=FT-17600;/Users/olivernyropweeks/Library/CloudStorage/OneDrive-UniversityofCopenhagen/KUonedriveOW/9. Semester/Intro to Social Data Science/ISDS-Group/Project
2024-08-16 19:40:38;200;40897;https://borgerforslag.dk/se-og-stoet-forslag/?Id=FT-17625;/Users/olivernyropweeks/Library/CloudStorage/OneDrive-UniversityofCopenhagen/KUonedriveOW/9. Semester/Intro to Social Data Science/ISDS-Group/Project
2024-08-16 19:40:40;200;40984;https://borgerforslag.dk/se-og-stoet-forslag/?Id=FT-17563;/Users/olivernyropweeks/Library/CloudStorage/OneDrive-UniversityofCopenhagen/KUonedriveOW/9. Semester/Intro to Social Data Science/ISDS-Group/Project
2024-08-16 19:40:42;200;40121;https://borgerforslag.dk/se-og-stoet-forslag/?Id=FT-17573;/Users/olivernyropweeks/Library/CloudStorage/OneDrive-UniversityofCopenhagen/KUonedriveOW/9. Semester/Intro to Social Data Science/ISDS-Group/Project
2024-08-16 19:40:44;200;39249;https://borgerforslag.dk/se-og-stoet-forslag/?Id=FT-17670;/Users/olivernyropweeks/Library/CloudStorage/OneDrive-UniversityofCopenhagen/KUonedriveOW/9. Semester/Intro to Social Data Science/ISDS-Group/Project
2024-08-16 19:40:46;200;39123;https://borgerforslag.dk/se-og-stoet-forslag/?Id=FT-17632;/Users/olivernyropweeks/Library/CloudStorage/OneDrive-UniversityofCopenhagen/KUonedriveOW/9. Semester/Intro to Social Data Science/ISDS-Group/Project
2024-08-16 19:40:48;200;39375;https://borgerforslag.dk/se-og-stoet-forslag/?Id=FT-17479;/Users/olivernyropweeks/Library/CloudStorage/OneDrive-UniversityofCopenhagen/KUonedriveOW/9. Semester/Intro to Social Data Science/ISDS-Group/Project
2024-08-16 19:40:50;200;39192;https://borgerforslag.dk/se-og-stoet-forslag/?Id=FT-17557;/Users/olivernyropweeks/Library/CloudStorage/OneDrive-UniversityofCopenhagen/KUonedriveOW/9. Semester/Intro to Social Data Science/ISDS-Group/Project
2024-08-16 19:40:52;200;40515;https://borgerforslag.dk/se-og-stoet-forslag/?Id=FT-17435;/Users/olivernyropweeks/Library/CloudStorage/OneDrive-UniversityofCopenhagen/KUonedriveOW/9. Semester/Intro to Social Data Science/ISDS-Group/Project
2024-08-16 19:40:54;200;39073;https://borgerforslag.dk/se-og-stoet-forslag/?Id=FT-17529;/Users/olivernyropweeks/Library/CloudStorage/OneDrive-UniversityofCopenhagen/KUonedriveOW/9. Semester/Intro to Social Data Science/ISDS-Group/Project
2024-08-16 19:40:57;200;41494;https://borgerforslag.dk/se-og-stoet-forslag/?Id=FT-17505;/Users/olivernyropweeks/Library/CloudStorage/OneDrive-UniversityofCopenhagen/KUonedriveOW/9. Semester/Intro to Social Data Science/ISDS-Group/Project
2024-08-16 19:40:59;200;40544;https://borgerforslag.dk/se-og-stoet-forslag/?Id=FT-17413;/Users/olivernyropweeks/Library/CloudStorage/OneDrive-UniversityofCopenhagen/KUonedriveOW/9. Semester/Intro to Social Data Science/ISDS-Group/Project
2024-08-16 19:41:01;200;40647;https://borgerforslag.dk/se-og-stoet-forslag/?Id=FT-17448;/Users/olivernyropweeks/Library/CloudStorage/OneDrive-UniversityofCopenhagen/KUonedriveOW/9. Semester/Intro to Social Data Science/ISDS-Group/Project
2024-08-16 19:41:02;200;39252;https://borgerforslag.dk/se-og-stoet-forslag/?Id=FT-17340;/Users/olivernyropweeks/Library/CloudStorage/OneDrive-UniversityofCopenhagen/KUonedriveOW/9. Semester/Intro to Social Data Science/ISDS-Group/Project
2024-08-16 19:41:04;200;38787;https://borgerforslag.dk/se-og-stoet-forslag/?Id=FT-17410;/Users/olivernyropweeks/Library/CloudStorage/OneDrive-UniversityofCopenhagen/KUonedriveOW/9. Semester/Intro to Social Data Science/ISDS-Group/Project
2024-08-16 19:41:05;200;52874;https://borgerforslag.dk/se-og-stoet-forslag/?Id=FT-17392;/Users/olivernyropweeks/Library/CloudStorage/OneDrive-UniversityofCopenhagen/KUonedriveOW/9. Semester/Intro to Social Data Science/ISDS-Group/Project
2024-08-16 19:41:07;200;39569;https://borgerforslag.dk/se-og-stoet-forslag/?Id=FT-17368;/Users/olivernyropweeks/Library/CloudStorage/OneDrive-UniversityofCopenhagen/KUonedriveOW/9. Semester/Intro to Social Data Science/ISDS-Group/Project
2024-08-16 19:41:10;200;40885;https://borgerforslag.dk/se-og-stoet-forslag/?Id=FT-17325;/Users/olivernyropweeks/Library/CloudStorage/OneDrive-UniversityofCopenhagen/KUonedriveOW/9. Semester/Intro to Social Data Science/ISDS-Group/Project
2024-08-16 19:41:12;200;45232;https://borgerforslag.dk/se-og-stoet-forslag/?Id=FT-17300;/Users/olivernyropweeks/Library/CloudStorage/OneDrive-UniversityofCopenhagen/KUonedriveOW/9. Semester/Intro to Social Data Science/ISDS-Group/Project
2024-08-16 19:41:13;200;42416;https://borgerforslag.dk/se-og-stoet-forslag/?Id=FT-17262;/Users/olivernyropweeks/Library/CloudStorage/OneDrive-UniversityofCopenhagen/KUonedriveOW/9. Semester/Intro to Social Data Science/ISDS-Group/Project
2024-08-16 19:41:15;200;40781;https://borgerforslag.dk/se-og-stoet-forslag/?Id=FT-17317;/Users/olivernyropweeks/Library/CloudStorage/OneDrive-UniversityofCopenhagen/KUonedriveOW/9. Semester/Intro to Social Data Science/ISDS-Group/Project
2024-08-16 19:41:17;200;43431;https://borgerforslag.dk/se-og-stoet-forslag/?Id=FT-17241;/Users/olivernyropweeks/Library/CloudStorage/OneDrive-UniversityofCopenhagen/KUonedriveOW/9. Semester/Intro to Social Data Science/ISDS-Group/Project
2024-08-16 19:41:19;200;40255;https://borgerforslag.dk/se-og-stoet-forslag/?Id=FT-17315;/Users/olivernyropweeks/Library/CloudStorage/OneDrive-UniversityofCopenhagen/KUonedriveOW/9. Semester/Intro to Social Data Science/ISDS-Group/Project
2024-08-16 19:41:21;200;42384;https://borgerforslag.dk/se-og-stoet-forslag/?Id=FT-17272;/Users/olivernyropweeks/Library/CloudStorage/OneDrive-UniversityofCopenhagen/KUonedriveOW/9. Semester/Intro to Social Data Science/ISDS-Group/Project
2024-08-16 19:41:23;200;52636;https://borgerforslag.dk/se-og-stoet-forslag/?Id=FT-17191;/Users/olivernyropweeks/Library/CloudStorage/OneDrive-UniversityofCopenhagen/KUonedriveOW/9. Semester/Intro to Social Data Science/ISDS-Group/Project
2024-08-16 19:41:25;200;44598;https://borgerforslag.dk/se-og-stoet-forslag/?Id=FT-17165;/Users/olivernyropweeks/Library/CloudStorage/OneDrive-UniversityofCopenhagen/KUonedriveOW/9. Semester/Intro to Social Data Science/ISDS-Group/Project
2024-08-16 19:41:27;200;40087;https://borgerforslag.dk/se-og-stoet-forslag/?Id=FT-17257;/Users/olivernyropweeks/Library/CloudStorage/OneDrive-UniversityofCopenhagen/KUonedriveOW/9. Semester/Intro to Social Data Science/ISDS-Group/Project
2024-08-16 19:41:28;200;45015;https://borgerforslag.dk/se-og-stoet-forslag/?Id=FT-17254;/Users/olivernyropweeks/Library/CloudStorage/OneDrive-UniversityofCopenhagen/KUonedriveOW/9. Semester/Intro to Social Data Science/ISDS-Group/Project
2024-08-16 19:41:30;200;39959;https://borgerforslag.dk/se-og-stoet-forslag/?Id=FT-17225;/Users/olivernyropweeks/Library/CloudStorage/OneDrive-UniversityofCopenhagen/KUonedriveOW/9. Semester/Intro to Social Data Science/ISDS-Group/Project
2024-08-16 19:41:32;200;41076;https://borgerforslag.dk/se-og-stoet-forslag/?Id=FT-17226;/Users/olivernyropweeks/Library/CloudStorage/OneDrive-UniversityofCopenhagen/KUonedriveOW/9. Semester/Intro to Social Data Science/ISDS-Group/Project
2024-08-16 19:41:34;200;41566;https://borgerforslag.dk/se-og-stoet-forslag/?Id=FT-17228;/Users/olivernyropweeks/Library/CloudStorage/OneDrive-UniversityofCopenhagen/KUonedriveOW/9. Semester/Intro to Social Data Science/ISDS-Group/Project
2024-08-16 19:41:36;200;39631;https://borgerforslag.dk/se-og-stoet-forslag/?Id=FT-17151;/Users/olivernyropweeks/Library/CloudStorage/OneDrive-UniversityofCopenhagen/KUonedriveOW/9. Semester/Intro to Social Data Science/ISDS-Group/Project
2024-08-16 19:41:38;200;37757;https://borgerforslag.dk/se-og-stoet-forslag/?Id=FT-17104;/Users/olivernyropweeks/Library/CloudStorage/OneDrive-UniversityofCopenhagen/KUonedriveOW/9. Semester/Intro to Social Data Science/ISDS-Group/Project
2024-08-16 19:41:39;200;37619;https://borgerforslag.dk/se-og-stoet-forslag/?Id=FT-16985;/Users/olivernyropweeks/Library/CloudStorage/OneDrive-UniversityofCopenhagen/KUonedriveOW/9. Semester/Intro to Social Data Science/ISDS-Group/Project
2024-08-16 19:41:41;200;39149;https://borgerforslag.dk/se-og-stoet-forslag/?Id=FT-17039;/Users/olivernyropweeks/Library/CloudStorage/OneDrive-UniversityofCopenhagen/KUonedriveOW/9. Semester/Intro to Social Data Science/ISDS-Group/Project
2024-08-16 19:41:43;200;36727;https://borgerforslag.dk/se-og-stoet-forslag/?Id=FT-17153;/Users/olivernyropweeks/Library/CloudStorage/OneDrive-UniversityofCopenhagen/KUonedriveOW/9. Semester/Intro to Social Data Science/ISDS-Group/Project
2024-08-16 19:41:45;200;49276;https://borgerforslag.dk/se-og-stoet-forslag/?Id=FT-17148;/Users/olivernyropweeks/Library/CloudStorage/OneDrive-UniversityofCopenhagen/KUonedriveOW/9. Semester/Intro to Social Data Science/ISDS-Group/Project
2024-08-16 19:41:47;200;36210;https://borgerforslag.dk/se-og-stoet-forslag/?Id=FT-17121;/Users/olivernyropweeks/Library/CloudStorage/OneDrive-UniversityofCopenhagen/KUonedriveOW/9. Semester/Intro to Social Data Science/ISDS-Group/Project
2024-08-16 19:41:49;200;36047;https://borgerforslag.dk/se-og-stoet-forslag/?Id=FT-16998;/Users/olivernyropweeks/Library/CloudStorage/OneDrive-UniversityofCopenhagen/KUonedriveOW/9. Semester/Intro to Social Data Science/ISDS-Group/Project
2024-08-16 19:41:51;200;38488;https://borgerforslag.dk/se-og-stoet-forslag/?Id=FT-17026;/Users/olivernyropweeks/Library/CloudStorage/OneDrive-UniversityofCopenhagen/KUonedriveOW/9. Semester/Intro to Social Data Science/ISDS-Group/Project
2024-08-16 19:41:53;200;39841;https://borgerforslag.dk/se-og-stoet-forslag/?Id=FT-16962;/Users/olivernyropweeks/Library/CloudStorage/OneDrive-UniversityofCopenhagen/KUonedriveOW/9. Semester/Intro to Social Data Science/ISDS-Group/Project
2024-08-16 19:41:55;200;35673;https://borgerforslag.dk/se-og-stoet-forslag/?Id=FT-16957;/Users/olivernyropweeks/Library/CloudStorage/OneDrive-UniversityofCopenhagen/KUonedriveOW/9. Semester/Intro to Social Data Science/ISDS-Group/Project
2024-08-16 19:41:57;200;36126;https://borgerforslag.dk/se-og-stoet-forslag/?Id=FT-16992;/Users/olivernyropweeks/Library/CloudStorage/OneDrive-UniversityofCopenhagen/KUonedriveOW/9. Semester/Intro to Social Data Science/ISDS-Group/Project
2024-08-16 19:41:59;200;35942;https://borgerforslag.dk/se-og-stoet-forslag/?Id=FT-17055;/Users/olivernyropweeks/Library/CloudStorage/OneDrive-UniversityofCopenhagen/KUonedriveOW/9. Semester/Intro to Social Data Science/ISDS-Group/Project
2024-08-16 19:42:01;200;36643;https://borgerforslag.dk/se-og-stoet-forslag/?Id=FT-16911;/Users/olivernyropweeks/Library/CloudStorage/OneDrive-UniversityofCopenhagen/KUonedriveOW/9. Semester/Intro to Social Data Science/ISDS-Group/Project
2024-08-16 19:42:03;200;41578;https://borgerforslag.dk/se-og-stoet-forslag/?Id=FT-16776;/Users/olivernyropweeks/Library/CloudStorage/OneDrive-UniversityofCopenhagen/KUonedriveOW/9. Semester/Intro to Social Data Science/ISDS-Group/Project
2024-08-16 19:42:04;200;37353;https://borgerforslag.dk/se-og-stoet-forslag/?Id=FT-16886;/Users/olivernyropweeks/Library/CloudStorage/OneDrive-UniversityofCopenhagen/KUonedriveOW/9. Semester/Intro to Social Data Science/ISDS-Group/Project
2024-08-16 19:42:06;200;37066;https://borgerforslag.dk/se-og-stoet-forslag/?Id=FT-17018;/Users/olivernyropweeks/Library/CloudStorage/OneDrive-UniversityofCopenhagen/KUonedriveOW/9. Semester/Intro to Social Data Science/ISDS-Group/Project
2024-08-16 19:42:07;200;36001;https://borgerforslag.dk/se-og-stoet-forslag/?Id=FT-16855;/Users/olivernyropweeks/Library/CloudStorage/OneDrive-UniversityofCopenhagen/KUonedriveOW/9. Semester/Intro to Social Data Science/ISDS-Group/Project
2024-08-16 19:42:09;200;36501;https://borgerforslag.dk/se-og-stoet-forslag/?Id=FT-16870;/Users/olivernyropweeks/Library/CloudStorage/OneDrive-UniversityofCopenhagen/KUonedriveOW/9. Semester/Intro to Social Data Science/ISDS-Group/Project
2024-08-16 19:42:11;200;36280;https://borgerforslag.dk/se-og-stoet-forslag/?Id=FT-16810;/Users/olivernyropweeks/Library/CloudStorage/OneDrive-UniversityofCopenhagen/KUonedriveOW/9. Semester/Intro to Social Data Science/ISDS-Group/Project
2024-08-16 19:42:13;200;51075;https://borgerforslag.dk/se-og-stoet-forslag/?Id=FT-16712;/Users/olivernyropweeks/Library/CloudStorage/OneDrive-UniversityofCopenhagen/KUonedriveOW/9. Semester/Intro to Social Data Science/ISDS-Group/Project
2024-08-16 19:42:14;200;36173;https://borgerforslag.dk/se-og-stoet-forslag/?Id=FT-16898;/Users/olivernyropweeks/Library/CloudStorage/OneDrive-UniversityofCopenhagen/KUonedriveOW/9. Semester/Intro to Social Data Science/ISDS-Group/Project
2024-08-16 19:42:17;200;35677;https://borgerforslag.dk/se-og-stoet-forslag/?Id=FT-16858;/Users/olivernyropweeks/Library/CloudStorage/OneDrive-UniversityofCopenhagen/KUonedriveOW/9. Semester/Intro to Social Data Science/ISDS-Group/Project
2024-08-16 19:42:18;200;36178;https://borgerforslag.dk/se-og-stoet-forslag/?Id=FT-16763;/Users/olivernyropweeks/Library/CloudStorage/OneDrive-UniversityofCopenhagen/KUonedriveOW/9. Semester/Intro to Social Data Science/ISDS-Group/Project
2024-08-16 19:42:20;200;36315;https://borgerforslag.dk/se-og-stoet-forslag/?Id=FT-16843;/Users/olivernyropweeks/Library/CloudStorage/OneDrive-UniversityofCopenhagen/KUonedriveOW/9. Semester/Intro to Social Data Science/ISDS-Group/Project
2024-08-16 19:42:22;200;38171;https://borgerforslag.dk/se-og-stoet-forslag/?Id=FT-16765;/Users/olivernyropweeks/Library/CloudStorage/OneDrive-UniversityofCopenhagen/KUonedriveOW/9. Semester/Intro to Social Data Science/ISDS-Group/Project
2024-08-16 19:42:24;200;35700;https://borgerforslag.dk/se-og-stoet-forslag/?Id=FT-16805;/Users/olivernyropweeks/Library/CloudStorage/OneDrive-UniversityofCopenhagen/KUonedriveOW/9. Semester/Intro to Social Data Science/ISDS-Group/Project
2024-08-16 19:42:26;200;38350;https://borgerforslag.dk/se-og-stoet-forslag/?Id=FT-16741;/Users/olivernyropweeks/Library/CloudStorage/OneDrive-UniversityofCopenhagen/KUonedriveOW/9. Semester/Intro to Social Data Science/ISDS-Group/Project
2024-08-16 19:42:28;200;38452;https://borgerforslag.dk/se-og-stoet-forslag/?Id=FT-16822;/Users/olivernyropweeks/Library/CloudStorage/OneDrive-UniversityofCopenhagen/KUonedriveOW/9. Semester/Intro to Social Data Science/ISDS-Group/Project
2024-08-16 19:42:30;200;35981;https://borgerforslag.dk/se-og-stoet-forslag/?Id=FT-16693;/Users/olivernyropweeks/Library/CloudStorage/OneDrive-UniversityofCopenhagen/KUonedriveOW/9. Semester/Intro to Social Data Science/ISDS-Group/Project
2024-08-16 19:42:32;200;36470;https://borgerforslag.dk/se-og-stoet-forslag/?Id=FT-16642;/Users/olivernyropweeks/Library/CloudStorage/OneDrive-UniversityofCopenhagen/KUonedriveOW/9. Semester/Intro to Social Data Science/ISDS-Group/Project
2024-08-16 19:42:33;200;36380;https://borgerforslag.dk/se-og-stoet-forslag/?Id=FT-16611;/Users/olivernyropweeks/Library/CloudStorage/OneDrive-UniversityofCopenhagen/KUonedriveOW/9. Semester/Intro to Social Data Science/ISDS-Group/Project
2024-08-16 19:42:35;200;38580;https://borgerforslag.dk/se-og-stoet-forslag/?Id=FT-16709;/Users/olivernyropweeks/Library/CloudStorage/OneDrive-UniversityofCopenhagen/KUonedriveOW/9. Semester/Intro to Social Data Science/ISDS-Group/Project
2024-08-16 19:42:36;200;37315;https://borgerforslag.dk/se-og-stoet-forslag/?Id=FT-16676;/Users/olivernyropweeks/Library/CloudStorage/OneDrive-UniversityofCopenhagen/KUonedriveOW/9. Semester/Intro to Social Data Science/ISDS-Group/Project
2024-08-16 19:42:37;200;37197;https://borgerforslag.dk/se-og-stoet-forslag/?Id=FT-16408;/Users/olivernyropweeks/Library/CloudStorage/OneDrive-UniversityofCopenhagen/KUonedriveOW/9. Semester/Intro to Social Data Science/ISDS-Group/Project
2024-08-16 19:42:39;200;36553;https://borgerforslag.dk/se-og-stoet-forslag/?Id=FT-16661;/Users/olivernyropweeks/Library/CloudStorage/OneDrive-UniversityofCopenhagen/KUonedriveOW/9. Semester/Intro to Social Data Science/ISDS-Group/Project
2024-08-16 19:42:41;200;36050;https://borgerforslag.dk/se-og-stoet-forslag/?Id=FT-16663;/Users/olivernyropweeks/Library/CloudStorage/OneDrive-UniversityofCopenhagen/KUonedriveOW/9. Semester/Intro to Social Data Science/ISDS-Group/Project
2024-08-16 19:42:43;200;35649;https://borgerforslag.dk/se-og-stoet-forslag/?Id=FT-16644;/Users/olivernyropweeks/Library/CloudStorage/OneDrive-UniversityofCopenhagen/KUonedriveOW/9. Semester/Intro to Social Data Science/ISDS-Group/Project
2024-08-16 19:42:45;200;37654;https://borgerforslag.dk/se-og-stoet-forslag/?Id=FT-16513;/Users/olivernyropweeks/Library/CloudStorage/OneDrive-UniversityofCopenhagen/KUonedriveOW/9. Semester/Intro to Social Data Science/ISDS-Group/Project
2024-08-16 19:42:46;200;38283;https://borgerforslag.dk/se-og-stoet-forslag/?Id=FT-16375;/Users/olivernyropweeks/Library/CloudStorage/OneDrive-UniversityofCopenhagen/KUonedriveOW/9. Semester/Intro to Social Data Science/ISDS-Group/Project
2024-08-16 19:42:48;200;38062;https://borgerforslag.dk/se-og-stoet-forslag/?Id=FT-16550;/Users/olivernyropweeks/Library/CloudStorage/OneDrive-UniversityofCopenhagen/KUonedriveOW/9. Semester/Intro to Social Data Science/ISDS-Group/Project
2024-08-16 19:42:50;200;47686;https://borgerforslag.dk/se-og-stoet-forslag/?Id=FT-16508;/Users/olivernyropweeks/Library/CloudStorage/OneDrive-UniversityofCopenhagen/KUonedriveOW/9. Semester/Intro to Social Data Science/ISDS-Group/Project
2024-08-16 19:42:51;200;37704;https://borgerforslag.dk/se-og-stoet-forslag/?Id=FT-16519;/Users/olivernyropweeks/Library/CloudStorage/OneDrive-UniversityofCopenhagen/KUonedriveOW/9. Semester/Intro to Social Data Science/ISDS-Group/Project
2024-08-16 19:42:53;200;38041;https://borgerforslag.dk/se-og-stoet-forslag/?Id=FT-16622;/Users/olivernyropweeks/Library/CloudStorage/OneDrive-UniversityofCopenhagen/KUonedriveOW/9. Semester/Intro to Social Data Science/ISDS-Group/Project
2024-08-16 19:42:55;200;43434;https://borgerforslag.dk/se-og-stoet-forslag/?Id=FT-16535;/Users/olivernyropweeks/Library/CloudStorage/OneDrive-UniversityofCopenhagen/KUonedriveOW/9. Semester/Intro to Social Data Science/ISDS-Group/Project
2024-08-16 19:42:57;200;38268;https://borgerforslag.dk/se-og-stoet-forslag/?Id=FT-16442;/Users/olivernyropweeks/Library/CloudStorage/OneDrive-UniversityofCopenhagen/KUonedriveOW/9. Semester/Intro to Social Data Science/ISDS-Group/Project
2024-08-16 19:42:59;200;37566;https://borgerforslag.dk/se-og-stoet-forslag/?Id=FT-16421;/Users/olivernyropweeks/Library/CloudStorage/OneDrive-UniversityofCopenhagen/KUonedriveOW/9. Semester/Intro to Social Data Science/ISDS-Group/Project
2024-08-16 19:43:01;200;38263;https://borgerforslag.dk/se-og-stoet-forslag/?Id=FT-16482;/Users/olivernyropweeks/Library/CloudStorage/OneDrive-UniversityofCopenhagen/KUonedriveOW/9. Semester/Intro to Social Data Science/ISDS-Group/Project
2024-08-16 19:43:03;200;43426;https://borgerforslag.dk/se-og-stoet-forslag/?Id=FT-16479;/Users/olivernyropweeks/Library/CloudStorage/OneDrive-UniversityofCopenhagen/KUonedriveOW/9. Semester/Intro to Social Data Science/ISDS-Group/Project
2024-08-16 19:43:05;200;37073;https://borgerforslag.dk/se-og-stoet-forslag/?Id=FT-16536;/Users/olivernyropweeks/Library/CloudStorage/OneDrive-UniversityofCopenhagen/KUonedriveOW/9. Semester/Intro to Social Data Science/ISDS-Group/Project
2024-08-16 19:43:06;200;35345;https://borgerforslag.dk/se-og-stoet-forslag/?Id=FT-16514;/Users/olivernyropweeks/Library/CloudStorage/OneDrive-UniversityofCopenhagen/KUonedriveOW/9. Semester/Intro to Social Data Science/ISDS-Group/Project
2024-08-16 19:43:08;200;35711;https://borgerforslag.dk/se-og-stoet-forslag/?Id=FT-16614;/Users/olivernyropweeks/Library/CloudStorage/OneDrive-UniversityofCopenhagen/KUonedriveOW/9. Semester/Intro to Social Data Science/ISDS-Group/Project
2024-08-16 19:43:10;200;36569;https://borgerforslag.dk/se-og-stoet-forslag/?Id=FT-16546;/Users/olivernyropweeks/Library/CloudStorage/OneDrive-UniversityofCopenhagen/KUonedriveOW/9. Semester/Intro to Social Data Science/ISDS-Group/Project
2024-08-16 19:43:12;200;34835;https://borgerforslag.dk/se-og-stoet-forslag/?Id=FT-16575;/Users/olivernyropweeks/Library/CloudStorage/OneDrive-UniversityofCopenhagen/KUonedriveOW/9. Semester/Intro to Social Data Science/ISDS-Group/Project
2024-08-16 19:43:14;200;43058;https://borgerforslag.dk/se-og-stoet-forslag/?Id=FT-16446;/Users/olivernyropweeks/Library/CloudStorage/OneDrive-UniversityofCopenhagen/KUonedriveOW/9. Semester/Intro to Social Data Science/ISDS-Group/Project
2024-08-16 19:43:15;200;39151;https://borgerforslag.dk/se-og-stoet-forslag/?Id=FT-16380;/Users/olivernyropweeks/Library/CloudStorage/OneDrive-UniversityofCopenhagen/KUonedriveOW/9. Semester/Intro to Social Data Science/ISDS-Group/Project
2024-08-16 19:43:17;200;47629;https://borgerforslag.dk/se-og-stoet-forslag/?Id=FT-16393;/Users/olivernyropweeks/Library/CloudStorage/OneDrive-UniversityofCopenhagen/KUonedriveOW/9. Semester/Intro to Social Data Science/ISDS-Group/Project
2024-08-16 19:43:19;200;37072;https://borgerforslag.dk/se-og-stoet-forslag/?Id=FT-16385;/Users/olivernyropweeks/Library/CloudStorage/OneDrive-UniversityofCopenhagen/KUonedriveOW/9. Semester/Intro to Social Data Science/ISDS-Group/Project
2024-08-16 19:43:21;200;35723;https://borgerforslag.dk/se-og-stoet-forslag/?Id=FT-16371;/Users/olivernyropweeks/Library/CloudStorage/OneDrive-UniversityofCopenhagen/KUonedriveOW/9. Semester/Intro to Social Data Science/ISDS-Group/Project
2024-08-16 19:43:24;200;39452;https://borgerforslag.dk/se-og-stoet-forslag/?Id=FT-16345;/Users/olivernyropweeks/Library/CloudStorage/OneDrive-UniversityofCopenhagen/KUonedriveOW/9. Semester/Intro to Social Data Science/ISDS-Group/Project
2024-08-16 19:43:25;200;36612;https://borgerforslag.dk/se-og-stoet-forslag/?Id=FT-16211;/Users/olivernyropweeks/Library/CloudStorage/OneDrive-UniversityofCopenhagen/KUonedriveOW/9. Semester/Intro to Social Data Science/ISDS-Group/Project
2024-08-16 19:43:27;200;35747;https://borgerforslag.dk/se-og-stoet-forslag/?Id=FT-16333;/Users/olivernyropweeks/Library/CloudStorage/OneDrive-UniversityofCopenhagen/KUonedriveOW/9. Semester/Intro to Social Data Science/ISDS-Group/Project
2024-08-16 19:43:29;200;36759;https://borgerforslag.dk/se-og-stoet-forslag/?Id=FT-16328;/Users/olivernyropweeks/Library/CloudStorage/OneDrive-UniversityofCopenhagen/KUonedriveOW/9. Semester/Intro to Social Data Science/ISDS-Group/Project
2024-08-16 19:43:31;200;46739;https://borgerforslag.dk/se-og-stoet-forslag/?Id=FT-16316;/Users/olivernyropweeks/Library/CloudStorage/OneDrive-UniversityofCopenhagen/KUonedriveOW/9. Semester/Intro to Social Data Science/ISDS-Group/Project
2024-08-16 19:43:32;200;39860;https://borgerforslag.dk/se-og-stoet-forslag/?Id=FT-16347;/Users/olivernyropweeks/Library/CloudStorage/OneDrive-UniversityofCopenhagen/KUonedriveOW/9. Semester/Intro to Social Data Science/ISDS-Group/Project
2024-08-16 19:43:34;200;39066;https://borgerforslag.dk/se-og-stoet-forslag/?Id=FT-16250;/Users/olivernyropweeks/Library/CloudStorage/OneDrive-UniversityofCopenhagen/KUonedriveOW/9. Semester/Intro to Social Data Science/ISDS-Group/Project
2024-08-16 19:43:37;200;36736;https://borgerforslag.dk/se-og-stoet-forslag/?Id=FT-16302;/Users/olivernyropweeks/Library/CloudStorage/OneDrive-UniversityofCopenhagen/KUonedriveOW/9. Semester/Intro to Social Data Science/ISDS-Group/Project
2024-08-16 19:43:39;200;40499;https://borgerforslag.dk/se-og-stoet-forslag/?Id=FT-16179;/Users/olivernyropweeks/Library/CloudStorage/OneDrive-UniversityofCopenhagen/KUonedriveOW/9. Semester/Intro to Social Data Science/ISDS-Group/Project
2024-08-16 19:43:41;200;43646;https://borgerforslag.dk/se-og-stoet-forslag/?Id=FT-16197;/Users/olivernyropweeks/Library/CloudStorage/OneDrive-UniversityofCopenhagen/KUonedriveOW/9. Semester/Intro to Social Data Science/ISDS-Group/Project
2024-08-16 19:43:43;200;38520;https://borgerforslag.dk/se-og-stoet-forslag/?Id=FT-16181;/Users/olivernyropweeks/Library/CloudStorage/OneDrive-UniversityofCopenhagen/KUonedriveOW/9. Semester/Intro to Social Data Science/ISDS-Group/Project
2024-08-16 19:43:44;200;37116;https://borgerforslag.dk/se-og-stoet-forslag/?Id=FT-16218;/Users/olivernyropweeks/Library/CloudStorage/OneDrive-UniversityofCopenhagen/KUonedriveOW/9. Semester/Intro to Social Data Science/ISDS-Group/Project
2024-08-16 19:43:46;200;37576;https://borgerforslag.dk/se-og-stoet-forslag/?Id=FT-16153;/Users/olivernyropweeks/Library/CloudStorage/OneDrive-UniversityofCopenhagen/KUonedriveOW/9. Semester/Intro to Social Data Science/ISDS-Group/Project
2024-08-16 19:43:47;200;49204;https://borgerforslag.dk/se-og-stoet-forslag/?Id=FT-16175;/Users/olivernyropweeks/Library/CloudStorage/OneDrive-UniversityofCopenhagen/KUonedriveOW/9. Semester/Intro to Social Data Science/ISDS-Group/Project
2024-08-16 19:43:49;200;40813;https://borgerforslag.dk/se-og-stoet-forslag/?Id=FT-16134;/Users/olivernyropweeks/Library/CloudStorage/OneDrive-UniversityofCopenhagen/KUonedriveOW/9. Semester/Intro to Social Data Science/ISDS-Group/Project
2024-08-16 19:43:51;200;37184;https://borgerforslag.dk/se-og-stoet-forslag/?Id=FT-16111;/Users/olivernyropweeks/Library/CloudStorage/OneDrive-UniversityofCopenhagen/KUonedriveOW/9. Semester/Intro to Social Data Science/ISDS-Group/Project
2024-08-16 19:43:53;200;36702;https://borgerforslag.dk/se-og-stoet-forslag/?Id=FT-16130;/Users/olivernyropweeks/Library/CloudStorage/OneDrive-UniversityofCopenhagen/KUonedriveOW/9. Semester/Intro to Social Data Science/ISDS-Group/Project
2024-08-16 19:43:54;200;37185;https://borgerforslag.dk/se-og-stoet-forslag/?Id=FT-16129;/Users/olivernyropweeks/Library/CloudStorage/OneDrive-UniversityofCopenhagen/KUonedriveOW/9. Semester/Intro to Social Data Science/ISDS-Group/Project
2024-08-16 19:43:56;200;37719;https://borgerforslag.dk/se-og-stoet-forslag/?Id=FT-16135;/Users/olivernyropweeks/Library/CloudStorage/OneDrive-UniversityofCopenhagen/KUonedriveOW/9. Semester/Intro to Social Data Science/ISDS-Group/Project
2024-08-16 19:43:58;200;37132;https://borgerforslag.dk/se-og-stoet-forslag/?Id=FT-16044;/Users/olivernyropweeks/Library/CloudStorage/OneDrive-UniversityofCopenhagen/KUonedriveOW/9. Semester/Intro to Social Data Science/ISDS-Group/Project
2024-08-16 19:43:59;200;41161;https://borgerforslag.dk/se-og-stoet-forslag/?Id=FT-16034;/Users/olivernyropweeks/Library/CloudStorage/OneDrive-UniversityofCopenhagen/KUonedriveOW/9. Semester/Intro to Social Data Science/ISDS-Group/Project
2024-08-16 19:44:02;200;38494;https://borgerforslag.dk/se-og-stoet-forslag/?Id=FT-16139;/Users/olivernyropweeks/Library/CloudStorage/OneDrive-UniversityofCopenhagen/KUonedriveOW/9. Semester/Intro to Social Data Science/ISDS-Group/Project
2024-08-16 19:44:04;200;36766;https://borgerforslag.dk/se-og-stoet-forslag/?Id=FT-16087;/Users/olivernyropweeks/Library/CloudStorage/OneDrive-UniversityofCopenhagen/KUonedriveOW/9. Semester/Intro to Social Data Science/ISDS-Group/Project
2024-08-16 19:44:06;200;42346;https://borgerforslag.dk/se-og-stoet-forslag/?Id=FT-16035;/Users/olivernyropweeks/Library/CloudStorage/OneDrive-UniversityofCopenhagen/KUonedriveOW/9. Semester/Intro to Social Data Science/ISDS-Group/Project
2024-08-16 19:44:07;200;44722;https://borgerforslag.dk/se-og-stoet-forslag/?Id=FT-16151;/Users/olivernyropweeks/Library/CloudStorage/OneDrive-UniversityofCopenhagen/KUonedriveOW/9. Semester/Intro to Social Data Science/ISDS-Group/Project
2024-08-16 19:44:09;200;41552;https://borgerforslag.dk/se-og-stoet-forslag/?Id=FT-15959;/Users/olivernyropweeks/Library/CloudStorage/OneDrive-UniversityofCopenhagen/KUonedriveOW/9. Semester/Intro to Social Data Science/ISDS-Group/Project
2024-08-16 19:44:10;200;36659;https://borgerforslag.dk/se-og-stoet-forslag/?Id=FT-16014;/Users/olivernyropweeks/Library/CloudStorage/OneDrive-UniversityofCopenhagen/KUonedriveOW/9. Semester/Intro to Social Data Science/ISDS-Group/Project
2024-08-16 19:44:13;200;39032;https://borgerforslag.dk/se-og-stoet-forslag/?Id=FT-15989;/Users/olivernyropweeks/Library/CloudStorage/OneDrive-UniversityofCopenhagen/KUonedriveOW/9. Semester/Intro to Social Data Science/ISDS-Group/Project
2024-08-16 19:44:14;200;48331;https://borgerforslag.dk/se-og-stoet-forslag/?Id=FT-15801;/Users/olivernyropweeks/Library/CloudStorage/OneDrive-UniversityofCopenhagen/KUonedriveOW/9. Semester/Intro to Social Data Science/ISDS-Group/Project
2024-08-16 19:44:16;200;36903;https://borgerforslag.dk/se-og-stoet-forslag/?Id=FT-15911;/Users/olivernyropweeks/Library/CloudStorage/OneDrive-UniversityofCopenhagen/KUonedriveOW/9. Semester/Intro to Social Data Science/ISDS-Group/Project
2024-08-16 19:44:18;200;36113;https://borgerforslag.dk/se-og-stoet-forslag/?Id=FT-15856;/Users/olivernyropweeks/Library/CloudStorage/OneDrive-UniversityofCopenhagen/KUonedriveOW/9. Semester/Intro to Social Data Science/ISDS-Group/Project
2024-08-16 19:44:19;200;36591;https://borgerforslag.dk/se-og-stoet-forslag/?Id=FT-15955;/Users/olivernyropweeks/Library/CloudStorage/OneDrive-UniversityofCopenhagen/KUonedriveOW/9. Semester/Intro to Social Data Science/ISDS-Group/Project
2024-08-16 19:44:22;200;34805;https://borgerforslag.dk/se-og-stoet-forslag/?Id=FT-15966;/Users/olivernyropweeks/Library/CloudStorage/OneDrive-UniversityofCopenhagen/KUonedriveOW/9. Semester/Intro to Social Data Science/ISDS-Group/Project
2024-08-16 19:44:23;200;37168;https://borgerforslag.dk/se-og-stoet-forslag/?Id=FT-16065;/Users/olivernyropweeks/Library/CloudStorage/OneDrive-UniversityofCopenhagen/KUonedriveOW/9. Semester/Intro to Social Data Science/ISDS-Group/Project
2024-08-16 19:44:25;200;38676;https://borgerforslag.dk/se-og-stoet-forslag/?Id=FT-15946;/Users/olivernyropweeks/Library/CloudStorage/OneDrive-UniversityofCopenhagen/KUonedriveOW/9. Semester/Intro to Social Data Science/ISDS-Group/Project
2024-08-16 19:44:27;200;37741;https://borgerforslag.dk/se-og-stoet-forslag/?Id=FT-16067;/Users/olivernyropweeks/Library/CloudStorage/OneDrive-UniversityofCopenhagen/KUonedriveOW/9. Semester/Intro to Social Data Science/ISDS-Group/Project
2024-08-16 19:44:29;200;36116;https://borgerforslag.dk/se-og-stoet-forslag/?Id=FT-15935;/Users/olivernyropweeks/Library/CloudStorage/OneDrive-UniversityofCopenhagen/KUonedriveOW/9. Semester/Intro to Social Data Science/ISDS-Group/Project
2024-08-16 19:44:31;200;37909;https://borgerforslag.dk/se-og-stoet-forslag/?Id=FT-16005;/Users/olivernyropweeks/Library/CloudStorage/OneDrive-UniversityofCopenhagen/KUonedriveOW/9. Semester/Intro to Social Data Science/ISDS-Group/Project
2024-08-16 19:44:33;200;38250;https://borgerforslag.dk/se-og-stoet-forslag/?Id=FT-15909;/Users/olivernyropweeks/Library/CloudStorage/OneDrive-UniversityofCopenhagen/KUonedriveOW/9. Semester/Intro to Social Data Science/ISDS-Group/Project
2024-08-16 19:44:35;200;36591;https://borgerforslag.dk/se-og-stoet-forslag/?Id=FT-16003;/Users/olivernyropweeks/Library/CloudStorage/OneDrive-UniversityofCopenhagen/KUonedriveOW/9. Semester/Intro to Social Data Science/ISDS-Group/Project
2024-08-16 19:44:37;200;38697;https://borgerforslag.dk/se-og-stoet-forslag/?Id=FT-15902;/Users/olivernyropweeks/Library/CloudStorage/OneDrive-UniversityofCopenhagen/KUonedriveOW/9. Semester/Intro to Social Data Science/ISDS-Group/Project
2024-08-16 19:44:38;200;37957;https://borgerforslag.dk/se-og-stoet-forslag/?Id=FT-15927;/Users/olivernyropweeks/Library/CloudStorage/OneDrive-UniversityofCopenhagen/KUonedriveOW/9. Semester/Intro to Social Data Science/ISDS-Group/Project
2024-08-16 19:44:40;200;37302;https://borgerforslag.dk/se-og-stoet-forslag/?Id=FT-15974;/Users/olivernyropweeks/Library/CloudStorage/OneDrive-UniversityofCopenhagen/KUonedriveOW/9. Semester/Intro to Social Data Science/ISDS-Group/Project
2024-08-16 19:44:42;200;36237;https://borgerforslag.dk/se-og-stoet-forslag/?Id=FT-15949;/Users/olivernyropweeks/Library/CloudStorage/OneDrive-UniversityofCopenhagen/KUonedriveOW/9. Semester/Intro to Social Data Science/ISDS-Group/Project
2024-08-16 19:44:44;200;35235;https://borgerforslag.dk/se-og-stoet-forslag/?Id=FT-15920;/Users/olivernyropweeks/Library/CloudStorage/OneDrive-UniversityofCopenhagen/KUonedriveOW/9. Semester/Intro to Social Data Science/ISDS-Group/Project
2024-08-16 19:44:46;200;37972;https://borgerforslag.dk/se-og-stoet-forslag/?Id=FT-15896;/Users/olivernyropweeks/Library/CloudStorage/OneDrive-UniversityofCopenhagen/KUonedriveOW/9. Semester/Intro to Social Data Science/ISDS-Group/Project
2024-08-16 19:44:47;200;35968;https://borgerforslag.dk/se-og-stoet-forslag/?Id=FT-15867;/Users/olivernyropweeks/Library/CloudStorage/OneDrive-UniversityofCopenhagen/KUonedriveOW/9. Semester/Intro to Social Data Science/ISDS-Group/Project
2024-08-16 19:44:49;200;36339;https://borgerforslag.dk/se-og-stoet-forslag/?Id=FT-15891;/Users/olivernyropweeks/Library/CloudStorage/OneDrive-UniversityofCopenhagen/KUonedriveOW/9. Semester/Intro to Social Data Science/ISDS-Group/Project
2024-08-16 19:44:51;200;40672;https://borgerforslag.dk/se-og-stoet-forslag/?Id=FT-15824;/Users/olivernyropweeks/Library/CloudStorage/OneDrive-UniversityofCopenhagen/KUonedriveOW/9. Semester/Intro to Social Data Science/ISDS-Group/Project
2024-08-16 19:44:53;200;46644;https://borgerforslag.dk/se-og-stoet-forslag/?Id=FT-15847;/Users/olivernyropweeks/Library/CloudStorage/OneDrive-UniversityofCopenhagen/KUonedriveOW/9. Semester/Intro to Social Data Science/ISDS-Group/Project
2024-08-16 19:44:54;200;35390;https://borgerforslag.dk/se-og-stoet-forslag/?Id=FT-15864;/Users/olivernyropweeks/Library/CloudStorage/OneDrive-UniversityofCopenhagen/KUonedriveOW/9. Semester/Intro to Social Data Science/ISDS-Group/Project
2024-08-16 19:44:56;200;38240;https://borgerforslag.dk/se-og-stoet-forslag/?Id=FT-15849;/Users/olivernyropweeks/Library/CloudStorage/OneDrive-UniversityofCopenhagen/KUonedriveOW/9. Semester/Intro to Social Data Science/ISDS-Group/Project
2024-08-16 19:44:57;200;35127;https://borgerforslag.dk/se-og-stoet-forslag/?Id=FT-15822;/Users/olivernyropweeks/Library/CloudStorage/OneDrive-UniversityofCopenhagen/KUonedriveOW/9. Semester/Intro to Social Data Science/ISDS-Group/Project
2024-08-16 19:44:59;200;37085;https://borgerforslag.dk/se-og-stoet-forslag/?Id=FT-15826;/Users/olivernyropweeks/Library/CloudStorage/OneDrive-UniversityofCopenhagen/KUonedriveOW/9. Semester/Intro to Social Data Science/ISDS-Group/Project
2024-08-16 19:45:01;200;35960;https://borgerforslag.dk/se-og-stoet-forslag/?Id=FT-15697;/Users/olivernyropweeks/Library/CloudStorage/OneDrive-UniversityofCopenhagen/KUonedriveOW/9. Semester/Intro to Social Data Science/ISDS-Group/Project
2024-08-16 19:45:03;200;36462;https://borgerforslag.dk/se-og-stoet-forslag/?Id=FT-15786;/Users/olivernyropweeks/Library/CloudStorage/OneDrive-UniversityofCopenhagen/KUonedriveOW/9. Semester/Intro to Social Data Science/ISDS-Group/Project
2024-08-16 19:45:04;200;37018;https://borgerforslag.dk/se-og-stoet-forslag/?Id=FT-15745;/Users/olivernyropweeks/Library/CloudStorage/OneDrive-UniversityofCopenhagen/KUonedriveOW/9. Semester/Intro to Social Data Science/ISDS-Group/Project
2024-08-16 19:45:06;200;40086;https://borgerforslag.dk/se-og-stoet-forslag/?Id=FT-15807;/Users/olivernyropweeks/Library/CloudStorage/OneDrive-UniversityofCopenhagen/KUonedriveOW/9. Semester/Intro to Social Data Science/ISDS-Group/Project
2024-08-16 19:45:08;200;36025;https://borgerforslag.dk/se-og-stoet-forslag/?Id=FT-15575;/Users/olivernyropweeks/Library/CloudStorage/OneDrive-UniversityofCopenhagen/KUonedriveOW/9. Semester/Intro to Social Data Science/ISDS-Group/Project
2024-08-16 19:45:09;200;39127;https://borgerforslag.dk/se-og-stoet-forslag/?Id=FT-15689;/Users/olivernyropweeks/Library/CloudStorage/OneDrive-UniversityofCopenhagen/KUonedriveOW/9. Semester/Intro to Social Data Science/ISDS-Group/Project
2024-08-16 19:45:11;200;39706;https://borgerforslag.dk/se-og-stoet-forslag/?Id=FT-15712;/Users/olivernyropweeks/Library/CloudStorage/OneDrive-UniversityofCopenhagen/KUonedriveOW/9. Semester/Intro to Social Data Science/ISDS-Group/Project
2024-08-16 19:45:13;200;40060;https://borgerforslag.dk/se-og-stoet-forslag/?Id=FT-15833;/Users/olivernyropweeks/Library/CloudStorage/OneDrive-UniversityofCopenhagen/KUonedriveOW/9. Semester/Intro to Social Data Science/ISDS-Group/Project
2024-08-16 19:45:15;200;36378;https://borgerforslag.dk/se-og-stoet-forslag/?Id=FT-15769;/Users/olivernyropweeks/Library/CloudStorage/OneDrive-UniversityofCopenhagen/KUonedriveOW/9. Semester/Intro to Social Data Science/ISDS-Group/Project
2024-08-16 19:45:16;200;43916;https://borgerforslag.dk/se-og-stoet-forslag/?Id=FT-15740;/Users/olivernyropweeks/Library/CloudStorage/OneDrive-UniversityofCopenhagen/KUonedriveOW/9. Semester/Intro to Social Data Science/ISDS-Group/Project
2024-08-16 19:45:18;200;36370;https://borgerforslag.dk/se-og-stoet-forslag/?Id=FT-15667;/Users/olivernyropweeks/Library/CloudStorage/OneDrive-UniversityofCopenhagen/KUonedriveOW/9. Semester/Intro to Social Data Science/ISDS-Group/Project
2024-08-16 19:45:20;200;38390;https://borgerforslag.dk/se-og-stoet-forslag/?Id=FT-15691;/Users/olivernyropweeks/Library/CloudStorage/OneDrive-UniversityofCopenhagen/KUonedriveOW/9. Semester/Intro to Social Data Science/ISDS-Group/Project
2024-08-16 19:45:22;200;42087;https://borgerforslag.dk/se-og-stoet-forslag/?Id=FT-15676;/Users/olivernyropweeks/Library/CloudStorage/OneDrive-UniversityofCopenhagen/KUonedriveOW/9. Semester/Intro to Social Data Science/ISDS-Group/Project
2024-08-16 19:45:24;200;41086;https://borgerforslag.dk/se-og-stoet-forslag/?Id=FT-15564;/Users/olivernyropweeks/Library/CloudStorage/OneDrive-UniversityofCopenhagen/KUonedriveOW/9. Semester/Intro to Social Data Science/ISDS-Group/Project
2024-08-16 19:45:26;200;35780;https://borgerforslag.dk/se-og-stoet-forslag/?Id=FT-15581;/Users/olivernyropweeks/Library/CloudStorage/OneDrive-UniversityofCopenhagen/KUonedriveOW/9. Semester/Intro to Social Data Science/ISDS-Group/Project
2024-08-16 19:45:27;200;43650;https://borgerforslag.dk/se-og-stoet-forslag/?Id=FT-15531;/Users/olivernyropweeks/Library/CloudStorage/OneDrive-UniversityofCopenhagen/KUonedriveOW/9. Semester/Intro to Social Data Science/ISDS-Group/Project
2024-08-16 19:45:29;200;36345;https://borgerforslag.dk/se-og-stoet-forslag/?Id=FT-15557;/Users/olivernyropweeks/Library/CloudStorage/OneDrive-UniversityofCopenhagen/KUonedriveOW/9. Semester/Intro to Social Data Science/ISDS-Group/Project
2024-08-16 19:45:31;200;35644;https://borgerforslag.dk/se-og-stoet-forslag/?Id=FT-15613;/Users/olivernyropweeks/Library/CloudStorage/OneDrive-UniversityofCopenhagen/KUonedriveOW/9. Semester/Intro to Social Data Science/ISDS-Group/Project
2024-08-16 19:45:32;200;36513;https://borgerforslag.dk/se-og-stoet-forslag/?Id=FT-15598;/Users/olivernyropweeks/Library/CloudStorage/OneDrive-UniversityofCopenhagen/KUonedriveOW/9. Semester/Intro to Social Data Science/ISDS-Group/Project
2024-08-16 19:45:34;200;35249;https://borgerforslag.dk/se-og-stoet-forslag/?Id=FT-15618;/Users/olivernyropweeks/Library/CloudStorage/OneDrive-UniversityofCopenhagen/KUonedriveOW/9. Semester/Intro to Social Data Science/ISDS-Group/Project
2024-08-16 19:45:36;200;37555;https://borgerforslag.dk/se-og-stoet-forslag/?Id=FT-15627;/Users/olivernyropweeks/Library/CloudStorage/OneDrive-UniversityofCopenhagen/KUonedriveOW/9. Semester/Intro to Social Data Science/ISDS-Group/Project
2024-08-16 19:45:37;200;35341;https://borgerforslag.dk/se-og-stoet-forslag/?Id=FT-15608;/Users/olivernyropweeks/Library/CloudStorage/OneDrive-UniversityofCopenhagen/KUonedriveOW/9. Semester/Intro to Social Data Science/ISDS-Group/Project
2024-08-16 19:45:39;200;41163;https://borgerforslag.dk/se-og-stoet-forslag/?Id=FT-15366;/Users/olivernyropweeks/Library/CloudStorage/OneDrive-UniversityofCopenhagen/KUonedriveOW/9. Semester/Intro to Social Data Science/ISDS-Group/Project
2024-08-16 19:45:41;200;36034;https://borgerforslag.dk/se-og-stoet-forslag/?Id=FT-15624;/Users/olivernyropweeks/Library/CloudStorage/OneDrive-UniversityofCopenhagen/KUonedriveOW/9. Semester/Intro to Social Data Science/ISDS-Group/Project
2024-08-16 19:45:42;200;42715;https://borgerforslag.dk/se-og-stoet-forslag/?Id=FT-15594;/Users/olivernyropweeks/Library/CloudStorage/OneDrive-UniversityofCopenhagen/KUonedriveOW/9. Semester/Intro to Social Data Science/ISDS-Group/Project
2024-08-16 19:45:44;200;34765;https://borgerforslag.dk/se-og-stoet-forslag/?Id=FT-15582;/Users/olivernyropweeks/Library/CloudStorage/OneDrive-UniversityofCopenhagen/KUonedriveOW/9. Semester/Intro to Social Data Science/ISDS-Group/Project
2024-08-16 19:45:46;200;44789;https://borgerforslag.dk/se-og-stoet-forslag/?Id=FT-15444;/Users/olivernyropweeks/Library/CloudStorage/OneDrive-UniversityofCopenhagen/KUonedriveOW/9. Semester/Intro to Social Data Science/ISDS-Group/Project
2024-08-16 19:45:48;200;36660;https://borgerforslag.dk/se-og-stoet-forslag/?Id=FT-15493;/Users/olivernyropweeks/Library/CloudStorage/OneDrive-UniversityofCopenhagen/KUonedriveOW/9. Semester/Intro to Social Data Science/ISDS-Group/Project
2024-08-16 19:45:50;200;41779;https://borgerforslag.dk/se-og-stoet-forslag/?Id=FT-15532;/Users/olivernyropweeks/Library/CloudStorage/OneDrive-UniversityofCopenhagen/KUonedriveOW/9. Semester/Intro to Social Data Science/ISDS-Group/Project
2024-08-16 19:45:51;200;36507;https://borgerforslag.dk/se-og-stoet-forslag/?Id=FT-15505;/Users/olivernyropweeks/Library/CloudStorage/OneDrive-UniversityofCopenhagen/KUonedriveOW/9. Semester/Intro to Social Data Science/ISDS-Group/Project
2024-08-16 19:45:53;200;36517;https://borgerforslag.dk/se-og-stoet-forslag/?Id=FT-15537;/Users/olivernyropweeks/Library/CloudStorage/OneDrive-UniversityofCopenhagen/KUonedriveOW/9. Semester/Intro to Social Data Science/ISDS-Group/Project
2024-08-16 19:45:55;200;35178;https://borgerforslag.dk/se-og-stoet-forslag/?Id=FT-15453;/Users/olivernyropweeks/Library/CloudStorage/OneDrive-UniversityofCopenhagen/KUonedriveOW/9. Semester/Intro to Social Data Science/ISDS-Group/Project
2024-08-16 19:45:57;200;41165;https://borgerforslag.dk/se-og-stoet-forslag/?Id=FT-15490;/Users/olivernyropweeks/Library/CloudStorage/OneDrive-UniversityofCopenhagen/KUonedriveOW/9. Semester/Intro to Social Data Science/ISDS-Group/Project
2024-08-16 19:45:59;200;40303;https://borgerforslag.dk/se-og-stoet-forslag/?Id=FT-15477;/Users/olivernyropweeks/Library/CloudStorage/OneDrive-UniversityofCopenhagen/KUonedriveOW/9. Semester/Intro to Social Data Science/ISDS-Group/Project
2024-08-16 19:46:00;200;35249;https://borgerforslag.dk/se-og-stoet-forslag/?Id=FT-15371;/Users/olivernyropweeks/Library/CloudStorage/OneDrive-UniversityofCopenhagen/KUonedriveOW/9. Semester/Intro to Social Data Science/ISDS-Group/Project
2024-08-16 19:46:02;200;37108;https://borgerforslag.dk/se-og-stoet-forslag/?Id=FT-15483;/Users/olivernyropweeks/Library/CloudStorage/OneDrive-UniversityofCopenhagen/KUonedriveOW/9. Semester/Intro to Social Data Science/ISDS-Group/Project
2024-08-16 19:46:04;200;35931;https://borgerforslag.dk/se-og-stoet-forslag/?Id=FT-15368;/Users/olivernyropweeks/Library/CloudStorage/OneDrive-UniversityofCopenhagen/KUonedriveOW/9. Semester/Intro to Social Data Science/ISDS-Group/Project
2024-08-16 19:46:06;200;35710;https://borgerforslag.dk/se-og-stoet-forslag/?Id=FT-15292;/Users/olivernyropweeks/Library/CloudStorage/OneDrive-UniversityofCopenhagen/KUonedriveOW/9. Semester/Intro to Social Data Science/ISDS-Group/Project
2024-08-16 19:46:08;200;39298;https://borgerforslag.dk/se-og-stoet-forslag/?Id=FT-15462;/Users/olivernyropweeks/Library/CloudStorage/OneDrive-UniversityofCopenhagen/KUonedriveOW/9. Semester/Intro to Social Data Science/ISDS-Group/Project
2024-08-16 19:46:11;200;38970;https://borgerforslag.dk/se-og-stoet-forslag/?Id=FT-15254;/Users/olivernyropweeks/Library/CloudStorage/OneDrive-UniversityofCopenhagen/KUonedriveOW/9. Semester/Intro to Social Data Science/ISDS-Group/Project
2024-08-16 19:46:12;200;35480;https://borgerforslag.dk/se-og-stoet-forslag/?Id=FT-15335;/Users/olivernyropweeks/Library/CloudStorage/OneDrive-UniversityofCopenhagen/KUonedriveOW/9. Semester/Intro to Social Data Science/ISDS-Group/Project
2024-08-16 19:46:14;200;36522;https://borgerforslag.dk/se-og-stoet-forslag/?Id=FT-15338;/Users/olivernyropweeks/Library/CloudStorage/OneDrive-UniversityofCopenhagen/KUonedriveOW/9. Semester/Intro to Social Data Science/ISDS-Group/Project
2024-08-16 19:46:16;200;36091;https://borgerforslag.dk/se-og-stoet-forslag/?Id=FT-15332;/Users/olivernyropweeks/Library/CloudStorage/OneDrive-UniversityofCopenhagen/KUonedriveOW/9. Semester/Intro to Social Data Science/ISDS-Group/Project
2024-08-16 19:46:17;200;39070;https://borgerforslag.dk/se-og-stoet-forslag/?Id=FT-15311;/Users/olivernyropweeks/Library/CloudStorage/OneDrive-UniversityofCopenhagen/KUonedriveOW/9. Semester/Intro to Social Data Science/ISDS-Group/Project
2024-08-16 19:46:19;200;38418;https://borgerforslag.dk/se-og-stoet-forslag/?Id=FT-15141;/Users/olivernyropweeks/Library/CloudStorage/OneDrive-UniversityofCopenhagen/KUonedriveOW/9. Semester/Intro to Social Data Science/ISDS-Group/Project
2024-08-16 19:46:21;200;39691;https://borgerforslag.dk/se-og-stoet-forslag/?Id=FT-15276;/Users/olivernyropweeks/Library/CloudStorage/OneDrive-UniversityofCopenhagen/KUonedriveOW/9. Semester/Intro to Social Data Science/ISDS-Group/Project
2024-08-16 19:46:23;200;35912;https://borgerforslag.dk/se-og-stoet-forslag/?Id=FT-15280;/Users/olivernyropweeks/Library/CloudStorage/OneDrive-UniversityofCopenhagen/KUonedriveOW/9. Semester/Intro to Social Data Science/ISDS-Group/Project
2024-08-16 19:46:25;200;35904;https://borgerforslag.dk/se-og-stoet-forslag/?Id=FT-15176;/Users/olivernyropweeks/Library/CloudStorage/OneDrive-UniversityofCopenhagen/KUonedriveOW/9. Semester/Intro to Social Data Science/ISDS-Group/Project
2024-08-16 19:46:27;200;37813;https://borgerforslag.dk/se-og-stoet-forslag/?Id=FT-15177;/Users/olivernyropweeks/Library/CloudStorage/OneDrive-UniversityofCopenhagen/KUonedriveOW/9. Semester/Intro to Social Data Science/ISDS-Group/Project
2024-08-16 19:46:28;200;37137;https://borgerforslag.dk/se-og-stoet-forslag/?Id=FT-15221;/Users/olivernyropweeks/Library/CloudStorage/OneDrive-UniversityofCopenhagen/KUonedriveOW/9. Semester/Intro to Social Data Science/ISDS-Group/Project
2024-08-16 19:46:30;200;47701;https://borgerforslag.dk/se-og-stoet-forslag/?Id=FT-15076;/Users/olivernyropweeks/Library/CloudStorage/OneDrive-UniversityofCopenhagen/KUonedriveOW/9. Semester/Intro to Social Data Science/ISDS-Group/Project
2024-08-16 19:46:32;200;36250;https://borgerforslag.dk/se-og-stoet-forslag/?Id=FT-15201;/Users/olivernyropweeks/Library/CloudStorage/OneDrive-UniversityofCopenhagen/KUonedriveOW/9. Semester/Intro to Social Data Science/ISDS-Group/Project
2024-08-16 19:46:34;200;35004;https://borgerforslag.dk/se-og-stoet-forslag/?Id=FT-15186;/Users/olivernyropweeks/Library/CloudStorage/OneDrive-UniversityofCopenhagen/KUonedriveOW/9. Semester/Intro to Social Data Science/ISDS-Group/Project
2024-08-16 19:46:36;200;35059;https://borgerforslag.dk/se-og-stoet-forslag/?Id=FT-15210;/Users/olivernyropweeks/Library/CloudStorage/OneDrive-UniversityofCopenhagen/KUonedriveOW/9. Semester/Intro to Social Data Science/ISDS-Group/Project
2024-08-16 19:46:37;200;36290;https://borgerforslag.dk/se-og-stoet-forslag/?Id=FT-15168;/Users/olivernyropweeks/Library/CloudStorage/OneDrive-UniversityofCopenhagen/KUonedriveOW/9. Semester/Intro to Social Data Science/ISDS-Group/Project
2024-08-16 19:46:39;200;39128;https://borgerforslag.dk/se-og-stoet-forslag/?Id=FT-15096;/Users/olivernyropweeks/Library/CloudStorage/OneDrive-UniversityofCopenhagen/KUonedriveOW/9. Semester/Intro to Social Data Science/ISDS-Group/Project
2024-08-16 19:46:41;200;39410;https://borgerforslag.dk/se-og-stoet-forslag/?Id=FT-15121;/Users/olivernyropweeks/Library/CloudStorage/OneDrive-UniversityofCopenhagen/KUonedriveOW/9. Semester/Intro to Social Data Science/ISDS-Group/Project
2024-08-16 19:46:43;200;38381;https://borgerforslag.dk/se-og-stoet-forslag/?Id=FT-15061;/Users/olivernyropweeks/Library/CloudStorage/OneDrive-UniversityofCopenhagen/KUonedriveOW/9. Semester/Intro to Social Data Science/ISDS-Group/Project
2024-08-16 19:46:45;200;37481;https://borgerforslag.dk/se-og-stoet-forslag/?Id=FT-15092;/Users/olivernyropweeks/Library/CloudStorage/OneDrive-UniversityofCopenhagen/KUonedriveOW/9. Semester/Intro to Social Data Science/ISDS-Group/Project
2024-08-16 19:46:47;200;39982;https://borgerforslag.dk/se-og-stoet-forslag/?Id=FT-15024;/Users/olivernyropweeks/Library/CloudStorage/OneDrive-UniversityofCopenhagen/KUonedriveOW/9. Semester/Intro to Social Data Science/ISDS-Group/Project
2024-08-16 19:46:49;200;36813;https://borgerforslag.dk/se-og-stoet-forslag/?Id=FT-14993;/Users/olivernyropweeks/Library/CloudStorage/OneDrive-UniversityofCopenhagen/KUonedriveOW/9. Semester/Intro to Social Data Science/ISDS-Group/Project
2024-08-16 19:46:51;200;37614;https://borgerforslag.dk/se-og-stoet-forslag/?Id=FT-15094;/Users/olivernyropweeks/Library/CloudStorage/OneDrive-UniversityofCopenhagen/KUonedriveOW/9. Semester/Intro to Social Data Science/ISDS-Group/Project
2024-08-16 19:46:53;200;35850;https://borgerforslag.dk/se-og-stoet-forslag/?Id=FT-15081;/Users/olivernyropweeks/Library/CloudStorage/OneDrive-UniversityofCopenhagen/KUonedriveOW/9. Semester/Intro to Social Data Science/ISDS-Group/Project
2024-08-16 19:46:54;200;36277;https://borgerforslag.dk/se-og-stoet-forslag/?Id=FT-15052;/Users/olivernyropweeks/Library/CloudStorage/OneDrive-UniversityofCopenhagen/KUonedriveOW/9. Semester/Intro to Social Data Science/ISDS-Group/Project
2024-08-16 19:46:56;200;38050;https://borgerforslag.dk/se-og-stoet-forslag/?Id=FT-15086;/Users/olivernyropweeks/Library/CloudStorage/OneDrive-UniversityofCopenhagen/KUonedriveOW/9. Semester/Intro to Social Data Science/ISDS-Group/Project
2024-08-16 19:46:58;200;37278;https://borgerforslag.dk/se-og-stoet-forslag/?Id=FT-14999;/Users/olivernyropweeks/Library/CloudStorage/OneDrive-UniversityofCopenhagen/KUonedriveOW/9. Semester/Intro to Social Data Science/ISDS-Group/Project
2024-08-16 19:47:00;200;37250;https://borgerforslag.dk/se-og-stoet-forslag/?Id=FT-15068;/Users/olivernyropweeks/Library/CloudStorage/OneDrive-UniversityofCopenhagen/KUonedriveOW/9. Semester/Intro to Social Data Science/ISDS-Group/Project
2024-08-16 19:47:02;200;38949;https://borgerforslag.dk/se-og-stoet-forslag/?Id=FT-15064;/Users/olivernyropweeks/Library/CloudStorage/OneDrive-UniversityofCopenhagen/KUonedriveOW/9. Semester/Intro to Social Data Science/ISDS-Group/Project
2024-08-16 19:47:04;200;35868;https://borgerforslag.dk/se-og-stoet-forslag/?Id=FT-15019;/Users/olivernyropweeks/Library/CloudStorage/OneDrive-UniversityofCopenhagen/KUonedriveOW/9. Semester/Intro to Social Data Science/ISDS-Group/Project
2024-08-16 19:47:06;200;36658;https://borgerforslag.dk/se-og-stoet-forslag/?Id=FT-14893;/Users/olivernyropweeks/Library/CloudStorage/OneDrive-UniversityofCopenhagen/KUonedriveOW/9. Semester/Intro to Social Data Science/ISDS-Group/Project
2024-08-16 19:47:07;200;36583;https://borgerforslag.dk/se-og-stoet-forslag/?Id=FT-15051;/Users/olivernyropweeks/Library/CloudStorage/OneDrive-UniversityofCopenhagen/KUonedriveOW/9. Semester/Intro to Social Data Science/ISDS-Group/Project
2024-08-16 19:47:08;200;39860;https://borgerforslag.dk/se-og-stoet-forslag/?Id=FT-14998;/Users/olivernyropweeks/Library/CloudStorage/OneDrive-UniversityofCopenhagen/KUonedriveOW/9. Semester/Intro to Social Data Science/ISDS-Group/Project
2024-08-16 19:47:10;200;36168;https://borgerforslag.dk/se-og-stoet-forslag/?Id=FT-14869;/Users/olivernyropweeks/Library/CloudStorage/OneDrive-UniversityofCopenhagen/KUonedriveOW/9. Semester/Intro to Social Data Science/ISDS-Group/Project
2024-08-16 19:47:12;200;37596;https://borgerforslag.dk/se-og-stoet-forslag/?Id=FT-14975;/Users/olivernyropweeks/Library/CloudStorage/OneDrive-UniversityofCopenhagen/KUonedriveOW/9. Semester/Intro to Social Data Science/ISDS-Group/Project
2024-08-16 19:47:13;200;36732;https://borgerforslag.dk/se-og-stoet-forslag/?Id=FT-14960;/Users/olivernyropweeks/Library/CloudStorage/OneDrive-UniversityofCopenhagen/KUonedriveOW/9. Semester/Intro to Social Data Science/ISDS-Group/Project
2024-08-16 19:47:15;200;36975;https://borgerforslag.dk/se-og-stoet-forslag/?Id=FT-14854;/Users/olivernyropweeks/Library/CloudStorage/OneDrive-UniversityofCopenhagen/KUonedriveOW/9. Semester/Intro to Social Data Science/ISDS-Group/Project
2024-08-16 19:47:17;200;36340;https://borgerforslag.dk/se-og-stoet-forslag/?Id=FT-14913;/Users/olivernyropweeks/Library/CloudStorage/OneDrive-UniversityofCopenhagen/KUonedriveOW/9. Semester/Intro to Social Data Science/ISDS-Group/Project
2024-08-16 19:47:19;200;40009;https://borgerforslag.dk/se-og-stoet-forslag/?Id=FT-14881;/Users/olivernyropweeks/Library/CloudStorage/OneDrive-UniversityofCopenhagen/KUonedriveOW/9. Semester/Intro to Social Data Science/ISDS-Group/Project
2024-08-16 19:47:20;200;36059;https://borgerforslag.dk/se-og-stoet-forslag/?Id=FT-14936;/Users/olivernyropweeks/Library/CloudStorage/OneDrive-UniversityofCopenhagen/KUonedriveOW/9. Semester/Intro to Social Data Science/ISDS-Group/Project
2024-08-16 19:47:22;200;36007;https://borgerforslag.dk/se-og-stoet-forslag/?Id=FT-14878;/Users/olivernyropweeks/Library/CloudStorage/OneDrive-UniversityofCopenhagen/KUonedriveOW/9. Semester/Intro to Social Data Science/ISDS-Group/Project
2024-08-16 19:47:24;200;43192;https://borgerforslag.dk/se-og-stoet-forslag/?Id=FT-14883;/Users/olivernyropweeks/Library/CloudStorage/OneDrive-UniversityofCopenhagen/KUonedriveOW/9. Semester/Intro to Social Data Science/ISDS-Group/Project
2024-08-16 19:47:26;200;38604;https://borgerforslag.dk/se-og-stoet-forslag/?Id=FT-14723;/Users/olivernyropweeks/Library/CloudStorage/OneDrive-UniversityofCopenhagen/KUonedriveOW/9. Semester/Intro to Social Data Science/ISDS-Group/Project
2024-08-16 19:47:27;200;36703;https://borgerforslag.dk/se-og-stoet-forslag/?Id=FT-14935;/Users/olivernyropweeks/Library/CloudStorage/OneDrive-UniversityofCopenhagen/KUonedriveOW/9. Semester/Intro to Social Data Science/ISDS-Group/Project
2024-08-16 19:47:28;200;35369;https://borgerforslag.dk/se-og-stoet-forslag/?Id=FT-14920;/Users/olivernyropweeks/Library/CloudStorage/OneDrive-UniversityofCopenhagen/KUonedriveOW/9. Semester/Intro to Social Data Science/ISDS-Group/Project
2024-08-16 19:47:30;200;35015;https://borgerforslag.dk/se-og-stoet-forslag/?Id=FT-14900;/Users/olivernyropweeks/Library/CloudStorage/OneDrive-UniversityofCopenhagen/KUonedriveOW/9. Semester/Intro to Social Data Science/ISDS-Group/Project
2024-08-16 19:47:32;200;38798;https://borgerforslag.dk/se-og-stoet-forslag/?Id=FT-14902;/Users/olivernyropweeks/Library/CloudStorage/OneDrive-UniversityofCopenhagen/KUonedriveOW/9. Semester/Intro to Social Data Science/ISDS-Group/Project
2024-08-16 19:47:34;200;40190;https://borgerforslag.dk/se-og-stoet-forslag/?Id=FT-14868;/Users/olivernyropweeks/Library/CloudStorage/OneDrive-UniversityofCopenhagen/KUonedriveOW/9. Semester/Intro to Social Data Science/ISDS-Group/Project
2024-08-16 19:47:35;200;37825;https://borgerforslag.dk/se-og-stoet-forslag/?Id=FT-14860;/Users/olivernyropweeks/Library/CloudStorage/OneDrive-UniversityofCopenhagen/KUonedriveOW/9. Semester/Intro to Social Data Science/ISDS-Group/Project
2024-08-16 19:47:37;200;39709;https://borgerforslag.dk/se-og-stoet-forslag/?Id=FT-14759;/Users/olivernyropweeks/Library/CloudStorage/OneDrive-UniversityofCopenhagen/KUonedriveOW/9. Semester/Intro to Social Data Science/ISDS-Group/Project
2024-08-16 19:47:39;200;37054;https://borgerforslag.dk/se-og-stoet-forslag/?Id=FT-14716;/Users/olivernyropweeks/Library/CloudStorage/OneDrive-UniversityofCopenhagen/KUonedriveOW/9. Semester/Intro to Social Data Science/ISDS-Group/Project
2024-08-16 19:47:41;200;36063;https://borgerforslag.dk/se-og-stoet-forslag/?Id=FT-14753;/Users/olivernyropweeks/Library/CloudStorage/OneDrive-UniversityofCopenhagen/KUonedriveOW/9. Semester/Intro to Social Data Science/ISDS-Group/Project
2024-08-16 19:47:43;200;37089;https://borgerforslag.dk/se-og-stoet-forslag/?Id=FT-14756;/Users/olivernyropweeks/Library/CloudStorage/OneDrive-UniversityofCopenhagen/KUonedriveOW/9. Semester/Intro to Social Data Science/ISDS-Group/Project
2024-08-16 19:47:45;200;36190;https://borgerforslag.dk/se-og-stoet-forslag/?Id=FT-14840;/Users/olivernyropweeks/Library/CloudStorage/OneDrive-UniversityofCopenhagen/KUonedriveOW/9. Semester/Intro to Social Data Science/ISDS-Group/Project
2024-08-16 19:47:46;200;44422;https://borgerforslag.dk/se-og-stoet-forslag/?Id=FT-14799;/Users/olivernyropweeks/Library/CloudStorage/OneDrive-UniversityofCopenhagen/KUonedriveOW/9. Semester/Intro to Social Data Science/ISDS-Group/Project
2024-08-16 19:47:48;200;41791;https://borgerforslag.dk/se-og-stoet-forslag/?Id=FT-14718;/Users/olivernyropweeks/Library/CloudStorage/OneDrive-UniversityofCopenhagen/KUonedriveOW/9. Semester/Intro to Social Data Science/ISDS-Group/Project
2024-08-16 19:47:49;200;41957;https://borgerforslag.dk/se-og-stoet-forslag/?Id=FT-14748;/Users/olivernyropweeks/Library/CloudStorage/OneDrive-UniversityofCopenhagen/KUonedriveOW/9. Semester/Intro to Social Data Science/ISDS-Group/Project
2024-08-16 19:47:52;200;38163;https://borgerforslag.dk/se-og-stoet-forslag/?Id=FT-14709;/Users/olivernyropweeks/Library/CloudStorage/OneDrive-UniversityofCopenhagen/KUonedriveOW/9. Semester/Intro to Social Data Science/ISDS-Group/Project
2024-08-16 19:47:54;200;42606;https://borgerforslag.dk/se-og-stoet-forslag/?Id=FT-14688;/Users/olivernyropweeks/Library/CloudStorage/OneDrive-UniversityofCopenhagen/KUonedriveOW/9. Semester/Intro to Social Data Science/ISDS-Group/Project
2024-08-16 19:47:56;200;36293;https://borgerforslag.dk/se-og-stoet-forslag/?Id=FT-14614;/Users/olivernyropweeks/Library/CloudStorage/OneDrive-UniversityofCopenhagen/KUonedriveOW/9. Semester/Intro to Social Data Science/ISDS-Group/Project
2024-08-16 19:47:57;200;37133;https://borgerforslag.dk/se-og-stoet-forslag/?Id=FT-14779;/Users/olivernyropweeks/Library/CloudStorage/OneDrive-UniversityofCopenhagen/KUonedriveOW/9. Semester/Intro to Social Data Science/ISDS-Group/Project
2024-08-16 19:47:59;200;41390;https://borgerforslag.dk/se-og-stoet-forslag/?Id=FT-14607;/Users/olivernyropweeks/Library/CloudStorage/OneDrive-UniversityofCopenhagen/KUonedriveOW/9. Semester/Intro to Social Data Science/ISDS-Group/Project
2024-08-16 19:48:00;200;44151;https://borgerforslag.dk/se-og-stoet-forslag/?Id=FT-14603;/Users/olivernyropweeks/Library/CloudStorage/OneDrive-UniversityofCopenhagen/KUonedriveOW/9. Semester/Intro to Social Data Science/ISDS-Group/Project
2024-08-16 19:48:02;200;37772;https://borgerforslag.dk/se-og-stoet-forslag/?Id=FT-14696;/Users/olivernyropweeks/Library/CloudStorage/OneDrive-UniversityofCopenhagen/KUonedriveOW/9. Semester/Intro to Social Data Science/ISDS-Group/Project
2024-08-16 19:48:03;200;37300;https://borgerforslag.dk/se-og-stoet-forslag/?Id=FT-14685;/Users/olivernyropweeks/Library/CloudStorage/OneDrive-UniversityofCopenhagen/KUonedriveOW/9. Semester/Intro to Social Data Science/ISDS-Group/Project
2024-08-16 19:48:05;200;35710;https://borgerforslag.dk/se-og-stoet-forslag/?Id=FT-14596;/Users/olivernyropweeks/Library/CloudStorage/OneDrive-UniversityofCopenhagen/KUonedriveOW/9. Semester/Intro to Social Data Science/ISDS-Group/Project
2024-08-16 19:48:07;200;43220;https://borgerforslag.dk/se-og-stoet-forslag/?Id=FT-14576;/Users/olivernyropweeks/Library/CloudStorage/OneDrive-UniversityofCopenhagen/KUonedriveOW/9. Semester/Intro to Social Data Science/ISDS-Group/Project
2024-08-16 19:48:08;200;40603;https://borgerforslag.dk/se-og-stoet-forslag/?Id=FT-14550;/Users/olivernyropweeks/Library/CloudStorage/OneDrive-UniversityofCopenhagen/KUonedriveOW/9. Semester/Intro to Social Data Science/ISDS-Group/Project
2024-08-16 19:48:10;200;37073;https://borgerforslag.dk/se-og-stoet-forslag/?Id=FT-14535;/Users/olivernyropweeks/Library/CloudStorage/OneDrive-UniversityofCopenhagen/KUonedriveOW/9. Semester/Intro to Social Data Science/ISDS-Group/Project
2024-08-16 19:48:12;200;34903;https://borgerforslag.dk/se-og-stoet-forslag/?Id=FT-14519;/Users/olivernyropweeks/Library/CloudStorage/OneDrive-UniversityofCopenhagen/KUonedriveOW/9. Semester/Intro to Social Data Science/ISDS-Group/Project
2024-08-16 19:48:14;200;36787;https://borgerforslag.dk/se-og-stoet-forslag/?Id=FT-14448;/Users/olivernyropweeks/Library/CloudStorage/OneDrive-UniversityofCopenhagen/KUonedriveOW/9. Semester/Intro to Social Data Science/ISDS-Group/Project
2024-08-16 19:48:16;200;40564;https://borgerforslag.dk/se-og-stoet-forslag/?Id=FT-14502;/Users/olivernyropweeks/Library/CloudStorage/OneDrive-UniversityofCopenhagen/KUonedriveOW/9. Semester/Intro to Social Data Science/ISDS-Group/Project
2024-08-16 19:48:17;200;39403;https://borgerforslag.dk/se-og-stoet-forslag/?Id=FT-14453;/Users/olivernyropweeks/Library/CloudStorage/OneDrive-UniversityofCopenhagen/KUonedriveOW/9. Semester/Intro to Social Data Science/ISDS-Group/Project
2024-08-16 19:48:20;200;40362;https://borgerforslag.dk/se-og-stoet-forslag/?Id=FT-14451;/Users/olivernyropweeks/Library/CloudStorage/OneDrive-UniversityofCopenhagen/KUonedriveOW/9. Semester/Intro to Social Data Science/ISDS-Group/Project
2024-08-16 19:48:21;200;40518;https://borgerforslag.dk/se-og-stoet-forslag/?Id=FT-14446;/Users/olivernyropweeks/Library/CloudStorage/OneDrive-UniversityofCopenhagen/KUonedriveOW/9. Semester/Intro to Social Data Science/ISDS-Group/Project
2024-08-16 19:48:23;200;39396;https://borgerforslag.dk/se-og-stoet-forslag/?Id=FT-14449;/Users/olivernyropweeks/Library/CloudStorage/OneDrive-UniversityofCopenhagen/KUonedriveOW/9. Semester/Intro to Social Data Science/ISDS-Group/Project
2024-08-16 19:48:25;200;35788;https://borgerforslag.dk/se-og-stoet-forslag/?Id=FT-14383;/Users/olivernyropweeks/Library/CloudStorage/OneDrive-UniversityofCopenhagen/KUonedriveOW/9. Semester/Intro to Social Data Science/ISDS-Group/Project
2024-08-16 19:48:27;200;36310;https://borgerforslag.dk/se-og-stoet-forslag/?Id=FT-14432;/Users/olivernyropweeks/Library/CloudStorage/OneDrive-UniversityofCopenhagen/KUonedriveOW/9. Semester/Intro to Social Data Science/ISDS-Group/Project
2024-08-16 19:48:28;200;34923;https://borgerforslag.dk/se-og-stoet-forslag/?Id=FT-14278;/Users/olivernyropweeks/Library/CloudStorage/OneDrive-UniversityofCopenhagen/KUonedriveOW/9. Semester/Intro to Social Data Science/ISDS-Group/Project
2024-08-16 19:48:30;200;47074;https://borgerforslag.dk/se-og-stoet-forslag/?Id=FT-14408;/Users/olivernyropweeks/Library/CloudStorage/OneDrive-UniversityofCopenhagen/KUonedriveOW/9. Semester/Intro to Social Data Science/ISDS-Group/Project
2024-08-16 19:48:32;200;48147;https://borgerforslag.dk/se-og-stoet-forslag/?Id=FT-14345;/Users/olivernyropweeks/Library/CloudStorage/OneDrive-UniversityofCopenhagen/KUonedriveOW/9. Semester/Intro to Social Data Science/ISDS-Group/Project
2024-08-16 19:48:33;200;39925;https://borgerforslag.dk/se-og-stoet-forslag/?Id=FT-14316;/Users/olivernyropweeks/Library/CloudStorage/OneDrive-UniversityofCopenhagen/KUonedriveOW/9. Semester/Intro to Social Data Science/ISDS-Group/Project
2024-08-16 19:48:35;200;36587;https://borgerforslag.dk/se-og-stoet-forslag/?Id=FT-14389;/Users/olivernyropweeks/Library/CloudStorage/OneDrive-UniversityofCopenhagen/KUonedriveOW/9. Semester/Intro to Social Data Science/ISDS-Group/Project
2024-08-16 19:48:37;200;38400;https://borgerforslag.dk/se-og-stoet-forslag/?Id=FT-14398;/Users/olivernyropweeks/Library/CloudStorage/OneDrive-UniversityofCopenhagen/KUonedriveOW/9. Semester/Intro to Social Data Science/ISDS-Group/Project
2024-08-16 19:48:38;200;36214;https://borgerforslag.dk/se-og-stoet-forslag/?Id=FT-14377;/Users/olivernyropweeks/Library/CloudStorage/OneDrive-UniversityofCopenhagen/KUonedriveOW/9. Semester/Intro to Social Data Science/ISDS-Group/Project
2024-08-16 19:48:40;200;43607;https://borgerforslag.dk/se-og-stoet-forslag/?Id=FT-14179;/Users/olivernyropweeks/Library/CloudStorage/OneDrive-UniversityofCopenhagen/KUonedriveOW/9. Semester/Intro to Social Data Science/ISDS-Group/Project
2024-08-16 19:48:41;200;36610;https://borgerforslag.dk/se-og-stoet-forslag/?Id=FT-14259;/Users/olivernyropweeks/Library/CloudStorage/OneDrive-UniversityofCopenhagen/KUonedriveOW/9. Semester/Intro to Social Data Science/ISDS-Group/Project
2024-08-16 19:48:43;200;37449;https://borgerforslag.dk/se-og-stoet-forslag/?Id=FT-14365;/Users/olivernyropweeks/Library/CloudStorage/OneDrive-UniversityofCopenhagen/KUonedriveOW/9. Semester/Intro to Social Data Science/ISDS-Group/Project
2024-08-16 19:48:45;200;38802;https://borgerforslag.dk/se-og-stoet-forslag/?Id=FT-14337;/Users/olivernyropweeks/Library/CloudStorage/OneDrive-UniversityofCopenhagen/KUonedriveOW/9. Semester/Intro to Social Data Science/ISDS-Group/Project
2024-08-16 19:48:47;200;37164;https://borgerforslag.dk/se-og-stoet-forslag/?Id=FT-14355;/Users/olivernyropweeks/Library/CloudStorage/OneDrive-UniversityofCopenhagen/KUonedriveOW/9. Semester/Intro to Social Data Science/ISDS-Group/Project
2024-08-16 19:48:49;200;35353;https://borgerforslag.dk/se-og-stoet-forslag/?Id=FT-14373;/Users/olivernyropweeks/Library/CloudStorage/OneDrive-UniversityofCopenhagen/KUonedriveOW/9. Semester/Intro to Social Data Science/ISDS-Group/Project
2024-08-16 19:48:51;200;38997;https://borgerforslag.dk/se-og-stoet-forslag/?Id=FT-14329;/Users/olivernyropweeks/Library/CloudStorage/OneDrive-UniversityofCopenhagen/KUonedriveOW/9. Semester/Intro to Social Data Science/ISDS-Group/Project
2024-08-16 19:48:53;200;36218;https://borgerforslag.dk/se-og-stoet-forslag/?Id=FT-14268;/Users/olivernyropweeks/Library/CloudStorage/OneDrive-UniversityofCopenhagen/KUonedriveOW/9. Semester/Intro to Social Data Science/ISDS-Group/Project
2024-08-16 19:48:54;200;45279;https://borgerforslag.dk/se-og-stoet-forslag/?Id=FT-14269;/Users/olivernyropweeks/Library/CloudStorage/OneDrive-UniversityofCopenhagen/KUonedriveOW/9. Semester/Intro to Social Data Science/ISDS-Group/Project
2024-08-16 19:48:56;200;36243;https://borgerforslag.dk/se-og-stoet-forslag/?Id=FT-14324;/Users/olivernyropweeks/Library/CloudStorage/OneDrive-UniversityofCopenhagen/KUonedriveOW/9. Semester/Intro to Social Data Science/ISDS-Group/Project
2024-08-16 19:48:58;200;36960;https://borgerforslag.dk/se-og-stoet-forslag/?Id=FT-14330;/Users/olivernyropweeks/Library/CloudStorage/OneDrive-UniversityofCopenhagen/KUonedriveOW/9. Semester/Intro to Social Data Science/ISDS-Group/Project
2024-08-16 19:48:59;200;37306;https://borgerforslag.dk/se-og-stoet-forslag/?Id=FT-14246;/Users/olivernyropweeks/Library/CloudStorage/OneDrive-UniversityofCopenhagen/KUonedriveOW/9. Semester/Intro to Social Data Science/ISDS-Group/Project
2024-08-16 19:49:01;200;37493;https://borgerforslag.dk/se-og-stoet-forslag/?Id=FT-14117;/Users/olivernyropweeks/Library/CloudStorage/OneDrive-UniversityofCopenhagen/KUonedriveOW/9. Semester/Intro to Social Data Science/ISDS-Group/Project
2024-08-16 19:49:03;200;36516;https://borgerforslag.dk/se-og-stoet-forslag/?Id=FT-14181;/Users/olivernyropweeks/Library/CloudStorage/OneDrive-UniversityofCopenhagen/KUonedriveOW/9. Semester/Intro to Social Data Science/ISDS-Group/Project
2024-08-16 19:49:05;200;35398;https://borgerforslag.dk/se-og-stoet-forslag/?Id=FT-14284;/Users/olivernyropweeks/Library/CloudStorage/OneDrive-UniversityofCopenhagen/KUonedriveOW/9. Semester/Intro to Social Data Science/ISDS-Group/Project
2024-08-16 19:49:07;200;37009;https://borgerforslag.dk/se-og-stoet-forslag/?Id=FT-14244;/Users/olivernyropweeks/Library/CloudStorage/OneDrive-UniversityofCopenhagen/KUonedriveOW/9. Semester/Intro to Social Data Science/ISDS-Group/Project
2024-08-16 19:49:08;200;35767;https://borgerforslag.dk/se-og-stoet-forslag/?Id=FT-14239;/Users/olivernyropweeks/Library/CloudStorage/OneDrive-UniversityofCopenhagen/KUonedriveOW/9. Semester/Intro to Social Data Science/ISDS-Group/Project
2024-08-16 19:49:11;200;35070;https://borgerforslag.dk/se-og-stoet-forslag/?Id=FT-14180;/Users/olivernyropweeks/Library/CloudStorage/OneDrive-UniversityofCopenhagen/KUonedriveOW/9. Semester/Intro to Social Data Science/ISDS-Group/Project
2024-08-16 19:49:13;200;37287;https://borgerforslag.dk/se-og-stoet-forslag/?Id=FT-14087;/Users/olivernyropweeks/Library/CloudStorage/OneDrive-UniversityofCopenhagen/KUonedriveOW/9. Semester/Intro to Social Data Science/ISDS-Group/Project
2024-08-16 19:49:15;200;35068;https://borgerforslag.dk/se-og-stoet-forslag/?Id=FT-14049;/Users/olivernyropweeks/Library/CloudStorage/OneDrive-UniversityofCopenhagen/KUonedriveOW/9. Semester/Intro to Social Data Science/ISDS-Group/Project
2024-08-16 19:49:16;200;36520;https://borgerforslag.dk/se-og-stoet-forslag/?Id=FT-14142;/Users/olivernyropweeks/Library/CloudStorage/OneDrive-UniversityofCopenhagen/KUonedriveOW/9. Semester/Intro to Social Data Science/ISDS-Group/Project
2024-08-16 19:49:19;200;38715;https://borgerforslag.dk/se-og-stoet-forslag/?Id=FT-13855;/Users/olivernyropweeks/Library/CloudStorage/OneDrive-UniversityofCopenhagen/KUonedriveOW/9. Semester/Intro to Social Data Science/ISDS-Group/Project
2024-08-16 19:49:20;200;37621;https://borgerforslag.dk/se-og-stoet-forslag/?Id=FT-13987;/Users/olivernyropweeks/Library/CloudStorage/OneDrive-UniversityofCopenhagen/KUonedriveOW/9. Semester/Intro to Social Data Science/ISDS-Group/Project
2024-08-16 19:49:21;200;45533;https://borgerforslag.dk/se-og-stoet-forslag/?Id=FT-13869;/Users/olivernyropweeks/Library/CloudStorage/OneDrive-UniversityofCopenhagen/KUonedriveOW/9. Semester/Intro to Social Data Science/ISDS-Group/Project
2024-08-16 19:49:23;200;42702;https://borgerforslag.dk/se-og-stoet-forslag/?Id=FT-13919;/Users/olivernyropweeks/Library/CloudStorage/OneDrive-UniversityofCopenhagen/KUonedriveOW/9. Semester/Intro to Social Data Science/ISDS-Group/Project
2024-08-16 19:49:25;200;36894;https://borgerforslag.dk/se-og-stoet-forslag/?Id=FT-14153;/Users/olivernyropweeks/Library/CloudStorage/OneDrive-UniversityofCopenhagen/KUonedriveOW/9. Semester/Intro to Social Data Science/ISDS-Group/Project
2024-08-16 19:49:27;200;37711;https://borgerforslag.dk/se-og-stoet-forslag/?Id=FT-13952;/Users/olivernyropweeks/Library/CloudStorage/OneDrive-UniversityofCopenhagen/KUonedriveOW/9. Semester/Intro to Social Data Science/ISDS-Group/Project
2024-08-16 19:49:29;200;36014;https://borgerforslag.dk/se-og-stoet-forslag/?Id=FT-14050;/Users/olivernyropweeks/Library/CloudStorage/OneDrive-UniversityofCopenhagen/KUonedriveOW/9. Semester/Intro to Social Data Science/ISDS-Group/Project
2024-08-16 19:49:31;200;38159;https://borgerforslag.dk/se-og-stoet-forslag/?Id=FT-13900;/Users/olivernyropweeks/Library/CloudStorage/OneDrive-UniversityofCopenhagen/KUonedriveOW/9. Semester/Intro to Social Data Science/ISDS-Group/Project
2024-08-16 19:49:32;200;40749;https://borgerforslag.dk/se-og-stoet-forslag/?Id=FT-14027;/Users/olivernyropweeks/Library/CloudStorage/OneDrive-UniversityofCopenhagen/KUonedriveOW/9. Semester/Intro to Social Data Science/ISDS-Group/Project
2024-08-16 19:49:34;200;38338;https://borgerforslag.dk/se-og-stoet-forslag/?Id=FT-13951;/Users/olivernyropweeks/Library/CloudStorage/OneDrive-UniversityofCopenhagen/KUonedriveOW/9. Semester/Intro to Social Data Science/ISDS-Group/Project
2024-08-16 19:49:36;200;41571;https://borgerforslag.dk/se-og-stoet-forslag/?Id=FT-14091;/Users/olivernyropweeks/Library/CloudStorage/OneDrive-UniversityofCopenhagen/KUonedriveOW/9. Semester/Intro to Social Data Science/ISDS-Group/Project
2024-08-16 19:49:38;200;36453;https://borgerforslag.dk/se-og-stoet-forslag/?Id=FT-14096;/Users/olivernyropweeks/Library/CloudStorage/OneDrive-UniversityofCopenhagen/KUonedriveOW/9. Semester/Intro to Social Data Science/ISDS-Group/Project
2024-08-16 19:49:40;200;36911;https://borgerforslag.dk/se-og-stoet-forslag/?Id=FT-13936;/Users/olivernyropweeks/Library/CloudStorage/OneDrive-UniversityofCopenhagen/KUonedriveOW/9. Semester/Intro to Social Data Science/ISDS-Group/Project
2024-08-16 19:49:41;200;35875;https://borgerforslag.dk/se-og-stoet-forslag/?Id=FT-14011;/Users/olivernyropweeks/Library/CloudStorage/OneDrive-UniversityofCopenhagen/KUonedriveOW/9. Semester/Intro to Social Data Science/ISDS-Group/Project
2024-08-16 19:49:43;200;39000;https://borgerforslag.dk/se-og-stoet-forslag/?Id=FT-13789;/Users/olivernyropweeks/Library/CloudStorage/OneDrive-UniversityofCopenhagen/KUonedriveOW/9. Semester/Intro to Social Data Science/ISDS-Group/Project
2024-08-16 19:49:45;200;38029;https://borgerforslag.dk/se-og-stoet-forslag/?Id=FT-13821;/Users/olivernyropweeks/Library/CloudStorage/OneDrive-UniversityofCopenhagen/KUonedriveOW/9. Semester/Intro to Social Data Science/ISDS-Group/Project
2024-08-16 19:49:46;200;36671;https://borgerforslag.dk/se-og-stoet-forslag/?Id=FT-13701;/Users/olivernyropweeks/Library/CloudStorage/OneDrive-UniversityofCopenhagen/KUonedriveOW/9. Semester/Intro to Social Data Science/ISDS-Group/Project
2024-08-16 19:49:48;200;35918;https://borgerforslag.dk/se-og-stoet-forslag/?Id=FT-13587;/Users/olivernyropweeks/Library/CloudStorage/OneDrive-UniversityofCopenhagen/KUonedriveOW/9. Semester/Intro to Social Data Science/ISDS-Group/Project
2024-08-16 19:49:50;200;35617;https://borgerforslag.dk/se-og-stoet-forslag/?Id=FT-13709;/Users/olivernyropweeks/Library/CloudStorage/OneDrive-UniversityofCopenhagen/KUonedriveOW/9. Semester/Intro to Social Data Science/ISDS-Group/Project
2024-08-16 19:49:52;200;35792;https://borgerforslag.dk/se-og-stoet-forslag/?Id=FT-13762;/Users/olivernyropweeks/Library/CloudStorage/OneDrive-UniversityofCopenhagen/KUonedriveOW/9. Semester/Intro to Social Data Science/ISDS-Group/Project
2024-08-16 19:49:54;200;49147;https://borgerforslag.dk/se-og-stoet-forslag/?Id=FT-13751;/Users/olivernyropweeks/Library/CloudStorage/OneDrive-UniversityofCopenhagen/KUonedriveOW/9. Semester/Intro to Social Data Science/ISDS-Group/Project
2024-08-16 19:49:56;200;42597;https://borgerforslag.dk/se-og-stoet-forslag/?Id=FT-13763;/Users/olivernyropweeks/Library/CloudStorage/OneDrive-UniversityofCopenhagen/KUonedriveOW/9. Semester/Intro to Social Data Science/ISDS-Group/Project
2024-08-16 19:49:57;200;35619;https://borgerforslag.dk/se-og-stoet-forslag/?Id=FT-13874;/Users/olivernyropweeks/Library/CloudStorage/OneDrive-UniversityofCopenhagen/KUonedriveOW/9. Semester/Intro to Social Data Science/ISDS-Group/Project
2024-08-16 19:49:59;200;37912;https://borgerforslag.dk/se-og-stoet-forslag/?Id=FT-13846;/Users/olivernyropweeks/Library/CloudStorage/OneDrive-UniversityofCopenhagen/KUonedriveOW/9. Semester/Intro to Social Data Science/ISDS-Group/Project
2024-08-16 19:50:01;200;39771;https://borgerforslag.dk/se-og-stoet-forslag/?Id=FT-13761;/Users/olivernyropweeks/Library/CloudStorage/OneDrive-UniversityofCopenhagen/KUonedriveOW/9. Semester/Intro to Social Data Science/ISDS-Group/Project
2024-08-16 19:50:02;200;47419;https://borgerforslag.dk/se-og-stoet-forslag/?Id=FT-13650;/Users/olivernyropweeks/Library/CloudStorage/OneDrive-UniversityofCopenhagen/KUonedriveOW/9. Semester/Intro to Social Data Science/ISDS-Group/Project
2024-08-16 19:50:04;200;35524;https://borgerforslag.dk/se-og-stoet-forslag/?Id=FT-13684;/Users/olivernyropweeks/Library/CloudStorage/OneDrive-UniversityofCopenhagen/KUonedriveOW/9. Semester/Intro to Social Data Science/ISDS-Group/Project
2024-08-16 19:50:06;200;37691;https://borgerforslag.dk/se-og-stoet-forslag/?Id=FT-13573;/Users/olivernyropweeks/Library/CloudStorage/OneDrive-UniversityofCopenhagen/KUonedriveOW/9. Semester/Intro to Social Data Science/ISDS-Group/Project
2024-08-16 19:50:07;200;42146;https://borgerforslag.dk/se-og-stoet-forslag/?Id=FT-13757;/Users/olivernyropweeks/Library/CloudStorage/OneDrive-UniversityofCopenhagen/KUonedriveOW/9. Semester/Intro to Social Data Science/ISDS-Group/Project
2024-08-16 19:50:09;200;37987;https://borgerforslag.dk/se-og-stoet-forslag/?Id=FT-13599;/Users/olivernyropweeks/Library/CloudStorage/OneDrive-UniversityofCopenhagen/KUonedriveOW/9. Semester/Intro to Social Data Science/ISDS-Group/Project
2024-08-16 19:50:10;200;36018;https://borgerforslag.dk/se-og-stoet-forslag/?Id=FT-13489;/Users/olivernyropweeks/Library/CloudStorage/OneDrive-UniversityofCopenhagen/KUonedriveOW/9. Semester/Intro to Social Data Science/ISDS-Group/Project
2024-08-16 19:50:12;200;36222;https://borgerforslag.dk/se-og-stoet-forslag/?Id=FT-13597;/Users/olivernyropweeks/Library/CloudStorage/OneDrive-UniversityofCopenhagen/KUonedriveOW/9. Semester/Intro to Social Data Science/ISDS-Group/Project
2024-08-16 19:50:15;200;47864;https://borgerforslag.dk/se-og-stoet-forslag/?Id=FT-13492;/Users/olivernyropweeks/Library/CloudStorage/OneDrive-UniversityofCopenhagen/KUonedriveOW/9. Semester/Intro to Social Data Science/ISDS-Group/Project
2024-08-16 19:50:16;200;35482;https://borgerforslag.dk/se-og-stoet-forslag/?Id=FT-13482;/Users/olivernyropweeks/Library/CloudStorage/OneDrive-UniversityofCopenhagen/KUonedriveOW/9. Semester/Intro to Social Data Science/ISDS-Group/Project
2024-08-16 19:50:18;200;36026;https://borgerforslag.dk/se-og-stoet-forslag/?Id=FT-13612;/Users/olivernyropweeks/Library/CloudStorage/OneDrive-UniversityofCopenhagen/KUonedriveOW/9. Semester/Intro to Social Data Science/ISDS-Group/Project
2024-08-16 19:50:19;200;35612;https://borgerforslag.dk/se-og-stoet-forslag/?Id=FT-13610;/Users/olivernyropweeks/Library/CloudStorage/OneDrive-UniversityofCopenhagen/KUonedriveOW/9. Semester/Intro to Social Data Science/ISDS-Group/Project
2024-08-16 19:50:21;200;35357;https://borgerforslag.dk/se-og-stoet-forslag/?Id=FT-13526;/Users/olivernyropweeks/Library/CloudStorage/OneDrive-UniversityofCopenhagen/KUonedriveOW/9. Semester/Intro to Social Data Science/ISDS-Group/Project
2024-08-16 19:50:23;200;39689;https://borgerforslag.dk/se-og-stoet-forslag/?Id=FT-13547;/Users/olivernyropweeks/Library/CloudStorage/OneDrive-UniversityofCopenhagen/KUonedriveOW/9. Semester/Intro to Social Data Science/ISDS-Group/Project
2024-08-16 19:50:25;200;35593;https://borgerforslag.dk/se-og-stoet-forslag/?Id=FT-13528;/Users/olivernyropweeks/Library/CloudStorage/OneDrive-UniversityofCopenhagen/KUonedriveOW/9. Semester/Intro to Social Data Science/ISDS-Group/Project
2024-08-16 19:50:26;200;37222;https://borgerforslag.dk/se-og-stoet-forslag/?Id=FT-13546;/Users/olivernyropweeks/Library/CloudStorage/OneDrive-UniversityofCopenhagen/KUonedriveOW/9. Semester/Intro to Social Data Science/ISDS-Group/Project
2024-08-16 19:50:28;200;35787;https://borgerforslag.dk/se-og-stoet-forslag/?Id=FT-13238;/Users/olivernyropweeks/Library/CloudStorage/OneDrive-UniversityofCopenhagen/KUonedriveOW/9. Semester/Intro to Social Data Science/ISDS-Group/Project
2024-08-16 19:50:30;200;35880;https://borgerforslag.dk/se-og-stoet-forslag/?Id=FT-13452;/Users/olivernyropweeks/Library/CloudStorage/OneDrive-UniversityofCopenhagen/KUonedriveOW/9. Semester/Intro to Social Data Science/ISDS-Group/Project
2024-08-16 19:50:32;200;36159;https://borgerforslag.dk/se-og-stoet-forslag/?Id=FT-13359;/Users/olivernyropweeks/Library/CloudStorage/OneDrive-UniversityofCopenhagen/KUonedriveOW/9. Semester/Intro to Social Data Science/ISDS-Group/Project
2024-08-16 19:50:34;200;35719;https://borgerforslag.dk/se-og-stoet-forslag/?Id=FT-13545;/Users/olivernyropweeks/Library/CloudStorage/OneDrive-UniversityofCopenhagen/KUonedriveOW/9. Semester/Intro to Social Data Science/ISDS-Group/Project
2024-08-16 19:50:36;200;35590;https://borgerforslag.dk/se-og-stoet-forslag/?Id=FT-13520;/Users/olivernyropweeks/Library/CloudStorage/OneDrive-UniversityofCopenhagen/KUonedriveOW/9. Semester/Intro to Social Data Science/ISDS-Group/Project
2024-08-16 19:50:38;200;35625;https://borgerforslag.dk/se-og-stoet-forslag/?Id=FT-13548;/Users/olivernyropweeks/Library/CloudStorage/OneDrive-UniversityofCopenhagen/KUonedriveOW/9. Semester/Intro to Social Data Science/ISDS-Group/Project
2024-08-16 19:50:39;200;36537;https://borgerforslag.dk/se-og-stoet-forslag/?Id=FT-13559;/Users/olivernyropweeks/Library/CloudStorage/OneDrive-UniversityofCopenhagen/KUonedriveOW/9. Semester/Intro to Social Data Science/ISDS-Group/Project
2024-08-16 19:50:41;200;36209;https://borgerforslag.dk/se-og-stoet-forslag/?Id=FT-13383;/Users/olivernyropweeks/Library/CloudStorage/OneDrive-UniversityofCopenhagen/KUonedriveOW/9. Semester/Intro to Social Data Science/ISDS-Group/Project
2024-08-16 19:50:44;200;38949;https://borgerforslag.dk/se-og-stoet-forslag/?Id=FT-13337;/Users/olivernyropweeks/Library/CloudStorage/OneDrive-UniversityofCopenhagen/KUonedriveOW/9. Semester/Intro to Social Data Science/ISDS-Group/Project
2024-08-16 19:50:46;200;40960;https://borgerforslag.dk/se-og-stoet-forslag/?Id=FT-13498;/Users/olivernyropweeks/Library/CloudStorage/OneDrive-UniversityofCopenhagen/KUonedriveOW/9. Semester/Intro to Social Data Science/ISDS-Group/Project
2024-08-16 19:50:48;200;46429;https://borgerforslag.dk/se-og-stoet-forslag/?Id=FT-13499;/Users/olivernyropweeks/Library/CloudStorage/OneDrive-UniversityofCopenhagen/KUonedriveOW/9. Semester/Intro to Social Data Science/ISDS-Group/Project
2024-08-16 19:50:50;200;37487;https://borgerforslag.dk/se-og-stoet-forslag/?Id=FT-13317;/Users/olivernyropweeks/Library/CloudStorage/OneDrive-UniversityofCopenhagen/KUonedriveOW/9. Semester/Intro to Social Data Science/ISDS-Group/Project
2024-08-16 19:50:52;200;37460;https://borgerforslag.dk/se-og-stoet-forslag/?Id=FT-13446;/Users/olivernyropweeks/Library/CloudStorage/OneDrive-UniversityofCopenhagen/KUonedriveOW/9. Semester/Intro to Social Data Science/ISDS-Group/Project
2024-08-16 19:50:54;200;36484;https://borgerforslag.dk/se-og-stoet-forslag/?Id=FT-13431;/Users/olivernyropweeks/Library/CloudStorage/OneDrive-UniversityofCopenhagen/KUonedriveOW/9. Semester/Intro to Social Data Science/ISDS-Group/Project
2024-08-16 19:50:56;200;35765;https://borgerforslag.dk/se-og-stoet-forslag/?Id=FT-13427;/Users/olivernyropweeks/Library/CloudStorage/OneDrive-UniversityofCopenhagen/KUonedriveOW/9. Semester/Intro to Social Data Science/ISDS-Group/Project
2024-08-16 19:50:58;200;40380;https://borgerforslag.dk/se-og-stoet-forslag/?Id=FT-13272;/Users/olivernyropweeks/Library/CloudStorage/OneDrive-UniversityofCopenhagen/KUonedriveOW/9. Semester/Intro to Social Data Science/ISDS-Group/Project
2024-08-16 19:50:59;200;35956;https://borgerforslag.dk/se-og-stoet-forslag/?Id=FT-13352;/Users/olivernyropweeks/Library/CloudStorage/OneDrive-UniversityofCopenhagen/KUonedriveOW/9. Semester/Intro to Social Data Science/ISDS-Group/Project
2024-08-16 19:51:01;200;36108;https://borgerforslag.dk/se-og-stoet-forslag/?Id=FT-13404;/Users/olivernyropweeks/Library/CloudStorage/OneDrive-UniversityofCopenhagen/KUonedriveOW/9. Semester/Intro to Social Data Science/ISDS-Group/Project
2024-08-16 19:51:03;200;37730;https://borgerforslag.dk/se-og-stoet-forslag/?Id=FT-13365;/Users/olivernyropweeks/Library/CloudStorage/OneDrive-UniversityofCopenhagen/KUonedriveOW/9. Semester/Intro to Social Data Science/ISDS-Group/Project
2024-08-16 19:51:05;200;39009;https://borgerforslag.dk/se-og-stoet-forslag/?Id=FT-13344;/Users/olivernyropweeks/Library/CloudStorage/OneDrive-UniversityofCopenhagen/KUonedriveOW/9. Semester/Intro to Social Data Science/ISDS-Group/Project
2024-08-16 19:51:07;200;39336;https://borgerforslag.dk/se-og-stoet-forslag/?Id=FT-13355;/Users/olivernyropweeks/Library/CloudStorage/OneDrive-UniversityofCopenhagen/KUonedriveOW/9. Semester/Intro to Social Data Science/ISDS-Group/Project
2024-08-16 19:51:09;200;44284;https://borgerforslag.dk/se-og-stoet-forslag/?Id=FT-13037;/Users/olivernyropweeks/Library/CloudStorage/OneDrive-UniversityofCopenhagen/KUonedriveOW/9. Semester/Intro to Social Data Science/ISDS-Group/Project
2024-08-16 19:51:11;200;36479;https://borgerforslag.dk/se-og-stoet-forslag/?Id=FT-13263;/Users/olivernyropweeks/Library/CloudStorage/OneDrive-UniversityofCopenhagen/KUonedriveOW/9. Semester/Intro to Social Data Science/ISDS-Group/Project
2024-08-16 19:51:13;200;37070;https://borgerforslag.dk/se-og-stoet-forslag/?Id=FT-13172;/Users/olivernyropweeks/Library/CloudStorage/OneDrive-UniversityofCopenhagen/KUonedriveOW/9. Semester/Intro to Social Data Science/ISDS-Group/Project
2024-08-16 19:51:15;200;37284;https://borgerforslag.dk/se-og-stoet-forslag/?Id=FT-13181;/Users/olivernyropweeks/Library/CloudStorage/OneDrive-UniversityofCopenhagen/KUonedriveOW/9. Semester/Intro to Social Data Science/ISDS-Group/Project
2024-08-16 19:51:17;200;37671;https://borgerforslag.dk/se-og-stoet-forslag/?Id=FT-13258;/Users/olivernyropweeks/Library/CloudStorage/OneDrive-UniversityofCopenhagen/KUonedriveOW/9. Semester/Intro to Social Data Science/ISDS-Group/Project
2024-08-16 19:51:19;200;39395;https://borgerforslag.dk/se-og-stoet-forslag/?Id=FT-12991;/Users/olivernyropweeks/Library/CloudStorage/OneDrive-UniversityofCopenhagen/KUonedriveOW/9. Semester/Intro to Social Data Science/ISDS-Group/Project
2024-08-16 19:51:21;200;42171;https://borgerforslag.dk/se-og-stoet-forslag/?Id=FT-13242;/Users/olivernyropweeks/Library/CloudStorage/OneDrive-UniversityofCopenhagen/KUonedriveOW/9. Semester/Intro to Social Data Science/ISDS-Group/Project
2024-08-16 19:51:22;200;37616;https://borgerforslag.dk/se-og-stoet-forslag/?Id=FT-13254;/Users/olivernyropweeks/Library/CloudStorage/OneDrive-UniversityofCopenhagen/KUonedriveOW/9. Semester/Intro to Social Data Science/ISDS-Group/Project
2024-08-16 19:51:24;200;35717;https://borgerforslag.dk/se-og-stoet-forslag/?Id=FT-13207;/Users/olivernyropweeks/Library/CloudStorage/OneDrive-UniversityofCopenhagen/KUonedriveOW/9. Semester/Intro to Social Data Science/ISDS-Group/Project
2024-08-16 19:51:25;200;35179;https://borgerforslag.dk/se-og-stoet-forslag/?Id=FT-13213;/Users/olivernyropweeks/Library/CloudStorage/OneDrive-UniversityofCopenhagen/KUonedriveOW/9. Semester/Intro to Social Data Science/ISDS-Group/Project
2024-08-16 19:51:28;200;35671;https://borgerforslag.dk/se-og-stoet-forslag/?Id=FT-13212;/Users/olivernyropweeks/Library/CloudStorage/OneDrive-UniversityofCopenhagen/KUonedriveOW/9. Semester/Intro to Social Data Science/ISDS-Group/Project
2024-08-16 19:51:30;200;35610;https://borgerforslag.dk/se-og-stoet-forslag/?Id=FT-13086;/Users/olivernyropweeks/Library/CloudStorage/OneDrive-UniversityofCopenhagen/KUonedriveOW/9. Semester/Intro to Social Data Science/ISDS-Group/Project
2024-08-16 19:51:32;200;40339;https://borgerforslag.dk/se-og-stoet-forslag/?Id=FT-12975;/Users/olivernyropweeks/Library/CloudStorage/OneDrive-UniversityofCopenhagen/KUonedriveOW/9. Semester/Intro to Social Data Science/ISDS-Group/Project
2024-08-16 19:51:33;200;37553;https://borgerforslag.dk/se-og-stoet-forslag/?Id=FT-13169;/Users/olivernyropweeks/Library/CloudStorage/OneDrive-UniversityofCopenhagen/KUonedriveOW/9. Semester/Intro to Social Data Science/ISDS-Group/Project
2024-08-16 19:51:35;200;38479;https://borgerforslag.dk/se-og-stoet-forslag/?Id=FT-13024;/Users/olivernyropweeks/Library/CloudStorage/OneDrive-UniversityofCopenhagen/KUonedriveOW/9. Semester/Intro to Social Data Science/ISDS-Group/Project
2024-08-16 19:51:37;200;35958;https://borgerforslag.dk/se-og-stoet-forslag/?Id=FT-13140;/Users/olivernyropweeks/Library/CloudStorage/OneDrive-UniversityofCopenhagen/KUonedriveOW/9. Semester/Intro to Social Data Science/ISDS-Group/Project
2024-08-16 19:51:39;200;36279;https://borgerforslag.dk/se-og-stoet-forslag/?Id=FT-13080;/Users/olivernyropweeks/Library/CloudStorage/OneDrive-UniversityofCopenhagen/KUonedriveOW/9. Semester/Intro to Social Data Science/ISDS-Group/Project
2024-08-16 19:51:40;200;35611;https://borgerforslag.dk/se-og-stoet-forslag/?Id=FT-12926;/Users/olivernyropweeks/Library/CloudStorage/OneDrive-UniversityofCopenhagen/KUonedriveOW/9. Semester/Intro to Social Data Science/ISDS-Group/Project
2024-08-16 19:51:43;200;38861;https://borgerforslag.dk/se-og-stoet-forslag/?Id=FT-12945;/Users/olivernyropweeks/Library/CloudStorage/OneDrive-UniversityofCopenhagen/KUonedriveOW/9. Semester/Intro to Social Data Science/ISDS-Group/Project
2024-08-16 19:51:45;200;36031;https://borgerforslag.dk/se-og-stoet-forslag/?Id=FT-13102;/Users/olivernyropweeks/Library/CloudStorage/OneDrive-UniversityofCopenhagen/KUonedriveOW/9. Semester/Intro to Social Data Science/ISDS-Group/Project
2024-08-16 19:51:46;200;35297;https://borgerforslag.dk/se-og-stoet-forslag/?Id=FT-13087;/Users/olivernyropweeks/Library/CloudStorage/OneDrive-UniversityofCopenhagen/KUonedriveOW/9. Semester/Intro to Social Data Science/ISDS-Group/Project
2024-08-16 19:51:48;200;39914;https://borgerforslag.dk/se-og-stoet-forslag/?Id=FT-12981;/Users/olivernyropweeks/Library/CloudStorage/OneDrive-UniversityofCopenhagen/KUonedriveOW/9. Semester/Intro to Social Data Science/ISDS-Group/Project
2024-08-16 19:51:50;200;36510;https://borgerforslag.dk/se-og-stoet-forslag/?Id=FT-12913;/Users/olivernyropweeks/Library/CloudStorage/OneDrive-UniversityofCopenhagen/KUonedriveOW/9. Semester/Intro to Social Data Science/ISDS-Group/Project
2024-08-16 19:51:52;200;37539;https://borgerforslag.dk/se-og-stoet-forslag/?Id=FT-12980;/Users/olivernyropweeks/Library/CloudStorage/OneDrive-UniversityofCopenhagen/KUonedriveOW/9. Semester/Intro to Social Data Science/ISDS-Group/Project
2024-08-16 19:51:54;200;37648;https://borgerforslag.dk/se-og-stoet-forslag/?Id=FT-12942;/Users/olivernyropweeks/Library/CloudStorage/OneDrive-UniversityofCopenhagen/KUonedriveOW/9. Semester/Intro to Social Data Science/ISDS-Group/Project
2024-08-16 19:51:55;200;35662;https://borgerforslag.dk/se-og-stoet-forslag/?Id=FT-12837;/Users/olivernyropweeks/Library/CloudStorage/OneDrive-UniversityofCopenhagen/KUonedriveOW/9. Semester/Intro to Social Data Science/ISDS-Group/Project
2024-08-16 19:51:57;200;45803;https://borgerforslag.dk/se-og-stoet-forslag/?Id=FT-12661;/Users/olivernyropweeks/Library/CloudStorage/OneDrive-UniversityofCopenhagen/KUonedriveOW/9. Semester/Intro to Social Data Science/ISDS-Group/Project
2024-08-16 19:51:58;200;40068;https://borgerforslag.dk/se-og-stoet-forslag/?Id=FT-12817;/Users/olivernyropweeks/Library/CloudStorage/OneDrive-UniversityofCopenhagen/KUonedriveOW/9. Semester/Intro to Social Data Science/ISDS-Group/Project
2024-08-16 19:52:01;200;36053;https://borgerforslag.dk/se-og-stoet-forslag/?Id=FT-12852;/Users/olivernyropweeks/Library/CloudStorage/OneDrive-UniversityofCopenhagen/KUonedriveOW/9. Semester/Intro to Social Data Science/ISDS-Group/Project
2024-08-16 19:52:02;200;38220;https://borgerforslag.dk/se-og-stoet-forslag/?Id=FT-12588;/Users/olivernyropweeks/Library/CloudStorage/OneDrive-UniversityofCopenhagen/KUonedriveOW/9. Semester/Intro to Social Data Science/ISDS-Group/Project
2024-08-16 19:52:04;200;36444;https://borgerforslag.dk/se-og-stoet-forslag/?Id=FT-12731;/Users/olivernyropweeks/Library/CloudStorage/OneDrive-UniversityofCopenhagen/KUonedriveOW/9. Semester/Intro to Social Data Science/ISDS-Group/Project
2024-08-16 19:52:05;200;42915;https://borgerforslag.dk/se-og-stoet-forslag/?Id=FT-12710;/Users/olivernyropweeks/Library/CloudStorage/OneDrive-UniversityofCopenhagen/KUonedriveOW/9. Semester/Intro to Social Data Science/ISDS-Group/Project
2024-08-16 19:52:08;200;44075;https://borgerforslag.dk/se-og-stoet-forslag/?Id=FT-12713;/Users/olivernyropweeks/Library/CloudStorage/OneDrive-UniversityofCopenhagen/KUonedriveOW/9. Semester/Intro to Social Data Science/ISDS-Group/Project
2024-08-16 19:52:10;200;36138;https://borgerforslag.dk/se-og-stoet-forslag/?Id=FT-12789;/Users/olivernyropweeks/Library/CloudStorage/OneDrive-UniversityofCopenhagen/KUonedriveOW/9. Semester/Intro to Social Data Science/ISDS-Group/Project
2024-08-16 19:52:12;200;43062;https://borgerforslag.dk/se-og-stoet-forslag/?Id=FT-12826;/Users/olivernyropweeks/Library/CloudStorage/OneDrive-UniversityofCopenhagen/KUonedriveOW/9. Semester/Intro to Social Data Science/ISDS-Group/Project
2024-08-16 19:52:14;200;41854;https://borgerforslag.dk/se-og-stoet-forslag/?Id=FT-12650;/Users/olivernyropweeks/Library/CloudStorage/OneDrive-UniversityofCopenhagen/KUonedriveOW/9. Semester/Intro to Social Data Science/ISDS-Group/Project
2024-08-16 19:52:16;200;35883;https://borgerforslag.dk/se-og-stoet-forslag/?Id=FT-12781;/Users/olivernyropweeks/Library/CloudStorage/OneDrive-UniversityofCopenhagen/KUonedriveOW/9. Semester/Intro to Social Data Science/ISDS-Group/Project
2024-08-16 19:52:17;200;36788;https://borgerforslag.dk/se-og-stoet-forslag/?Id=FT-12827;/Users/olivernyropweeks/Library/CloudStorage/OneDrive-UniversityofCopenhagen/KUonedriveOW/9. Semester/Intro to Social Data Science/ISDS-Group/Project
2024-08-16 19:52:19;200;42071;https://borgerforslag.dk/se-og-stoet-forslag/?Id=FT-12751;/Users/olivernyropweeks/Library/CloudStorage/OneDrive-UniversityofCopenhagen/KUonedriveOW/9. Semester/Intro to Social Data Science/ISDS-Group/Project
2024-08-16 19:52:21;200;36246;https://borgerforslag.dk/se-og-stoet-forslag/?Id=FT-12671;/Users/olivernyropweeks/Library/CloudStorage/OneDrive-UniversityofCopenhagen/KUonedriveOW/9. Semester/Intro to Social Data Science/ISDS-Group/Project
2024-08-16 19:52:23;200;37911;https://borgerforslag.dk/se-og-stoet-forslag/?Id=FT-12755;/Users/olivernyropweeks/Library/CloudStorage/OneDrive-UniversityofCopenhagen/KUonedriveOW/9. Semester/Intro to Social Data Science/ISDS-Group/Project
2024-08-16 19:52:24;200;36146;https://borgerforslag.dk/se-og-stoet-forslag/?Id=FT-12507;/Users/olivernyropweeks/Library/CloudStorage/OneDrive-UniversityofCopenhagen/KUonedriveOW/9. Semester/Intro to Social Data Science/ISDS-Group/Project
2024-08-16 19:52:26;200;38377;https://borgerforslag.dk/se-og-stoet-forslag/?Id=FT-12722;/Users/olivernyropweeks/Library/CloudStorage/OneDrive-UniversityofCopenhagen/KUonedriveOW/9. Semester/Intro to Social Data Science/ISDS-Group/Project
2024-08-16 19:52:28;200;38142;https://borgerforslag.dk/se-og-stoet-forslag/?Id=FT-12756;/Users/olivernyropweeks/Library/CloudStorage/OneDrive-UniversityofCopenhagen/KUonedriveOW/9. Semester/Intro to Social Data Science/ISDS-Group/Project
2024-08-16 19:52:29;200;39977;https://borgerforslag.dk/se-og-stoet-forslag/?Id=FT-12735;/Users/olivernyropweeks/Library/CloudStorage/OneDrive-UniversityofCopenhagen/KUonedriveOW/9. Semester/Intro to Social Data Science/ISDS-Group/Project
2024-08-16 19:52:32;200;38365;https://borgerforslag.dk/se-og-stoet-forslag/?Id=FT-12459;/Users/olivernyropweeks/Library/CloudStorage/OneDrive-UniversityofCopenhagen/KUonedriveOW/9. Semester/Intro to Social Data Science/ISDS-Group/Project
2024-08-16 19:52:33;200;37612;https://borgerforslag.dk/se-og-stoet-forslag/?Id=FT-12734;/Users/olivernyropweeks/Library/CloudStorage/OneDrive-UniversityofCopenhagen/KUonedriveOW/9. Semester/Intro to Social Data Science/ISDS-Group/Project
2024-08-16 19:52:35;200;35664;https://borgerforslag.dk/se-og-stoet-forslag/?Id=FT-12766;/Users/olivernyropweeks/Library/CloudStorage/OneDrive-UniversityofCopenhagen/KUonedriveOW/9. Semester/Intro to Social Data Science/ISDS-Group/Project
2024-08-16 19:52:37;200;36263;https://borgerforslag.dk/se-og-stoet-forslag/?Id=FT-12653;/Users/olivernyropweeks/Library/CloudStorage/OneDrive-UniversityofCopenhagen/KUonedriveOW/9. Semester/Intro to Social Data Science/ISDS-Group/Project
2024-08-16 19:52:39;200;36675;https://borgerforslag.dk/se-og-stoet-forslag/?Id=FT-12681;/Users/olivernyropweeks/Library/CloudStorage/OneDrive-UniversityofCopenhagen/KUonedriveOW/9. Semester/Intro to Social Data Science/ISDS-Group/Project
2024-08-16 19:52:41;200;37602;https://borgerforslag.dk/se-og-stoet-forslag/?Id=FT-12674;/Users/olivernyropweeks/Library/CloudStorage/OneDrive-UniversityofCopenhagen/KUonedriveOW/9. Semester/Intro to Social Data Science/ISDS-Group/Project
2024-08-16 19:52:43;200;39523;https://borgerforslag.dk/se-og-stoet-forslag/?Id=FT-12545;/Users/olivernyropweeks/Library/CloudStorage/OneDrive-UniversityofCopenhagen/KUonedriveOW/9. Semester/Intro to Social Data Science/ISDS-Group/Project
2024-08-16 19:52:45;200;45449;https://borgerforslag.dk/se-og-stoet-forslag/?Id=FT-12531;/Users/olivernyropweeks/Library/CloudStorage/OneDrive-UniversityofCopenhagen/KUonedriveOW/9. Semester/Intro to Social Data Science/ISDS-Group/Project
2024-08-16 19:52:47;200;42425;https://borgerforslag.dk/se-og-stoet-forslag/?Id=FT-12505;/Users/olivernyropweeks/Library/CloudStorage/OneDrive-UniversityofCopenhagen/KUonedriveOW/9. Semester/Intro to Social Data Science/ISDS-Group/Project
2024-08-16 19:52:49;200;36043;https://borgerforslag.dk/se-og-stoet-forslag/?Id=FT-12621;/Users/olivernyropweeks/Library/CloudStorage/OneDrive-UniversityofCopenhagen/KUonedriveOW/9. Semester/Intro to Social Data Science/ISDS-Group/Project
2024-08-16 19:52:51;200;40417;https://borgerforslag.dk/se-og-stoet-forslag/?Id=FT-12488;/Users/olivernyropweeks/Library/CloudStorage/OneDrive-UniversityofCopenhagen/KUonedriveOW/9. Semester/Intro to Social Data Science/ISDS-Group/Project
2024-08-16 19:52:52;200;44751;https://borgerforslag.dk/se-og-stoet-forslag/?Id=FT-12430;/Users/olivernyropweeks/Library/CloudStorage/OneDrive-UniversityofCopenhagen/KUonedriveOW/9. Semester/Intro to Social Data Science/ISDS-Group/Project
2024-08-16 19:52:54;200;35967;https://borgerforslag.dk/se-og-stoet-forslag/?Id=FT-12563;/Users/olivernyropweeks/Library/CloudStorage/OneDrive-UniversityofCopenhagen/KUonedriveOW/9. Semester/Intro to Social Data Science/ISDS-Group/Project
2024-08-16 19:52:56;200;37462;https://borgerforslag.dk/se-og-stoet-forslag/?Id=FT-12573;/Users/olivernyropweeks/Library/CloudStorage/OneDrive-UniversityofCopenhagen/KUonedriveOW/9. Semester/Intro to Social Data Science/ISDS-Group/Project
2024-08-16 19:52:58;200;37171;https://borgerforslag.dk/se-og-stoet-forslag/?Id=FT-12433;/Users/olivernyropweeks/Library/CloudStorage/OneDrive-UniversityofCopenhagen/KUonedriveOW/9. Semester/Intro to Social Data Science/ISDS-Group/Project
2024-08-16 19:52:59;200;38247;https://borgerforslag.dk/se-og-stoet-forslag/?Id=FT-12466;/Users/olivernyropweeks/Library/CloudStorage/OneDrive-UniversityofCopenhagen/KUonedriveOW/9. Semester/Intro to Social Data Science/ISDS-Group/Project
2024-08-16 19:53:01;200;35415;https://borgerforslag.dk/se-og-stoet-forslag/?Id=FT-12477;/Users/olivernyropweeks/Library/CloudStorage/OneDrive-UniversityofCopenhagen/KUonedriveOW/9. Semester/Intro to Social Data Science/ISDS-Group/Project
2024-08-16 19:53:03;200;35626;https://borgerforslag.dk/se-og-stoet-forslag/?Id=FT-12483;/Users/olivernyropweeks/Library/CloudStorage/OneDrive-UniversityofCopenhagen/KUonedriveOW/9. Semester/Intro to Social Data Science/ISDS-Group/Project
2024-08-16 19:53:05;200;41606;https://borgerforslag.dk/se-og-stoet-forslag/?Id=FT-12321;/Users/olivernyropweeks/Library/CloudStorage/OneDrive-UniversityofCopenhagen/KUonedriveOW/9. Semester/Intro to Social Data Science/ISDS-Group/Project
2024-08-16 19:53:06;200;37733;https://borgerforslag.dk/se-og-stoet-forslag/?Id=FT-12452;/Users/olivernyropweeks/Library/CloudStorage/OneDrive-UniversityofCopenhagen/KUonedriveOW/9. Semester/Intro to Social Data Science/ISDS-Group/Project
2024-08-16 19:53:08;200;37464;https://borgerforslag.dk/se-og-stoet-forslag/?Id=FT-12444;/Users/olivernyropweeks/Library/CloudStorage/OneDrive-UniversityofCopenhagen/KUonedriveOW/9. Semester/Intro to Social Data Science/ISDS-Group/Project
2024-08-16 19:53:10;200;39396;https://borgerforslag.dk/se-og-stoet-forslag/?Id=FT-12445;/Users/olivernyropweeks/Library/CloudStorage/OneDrive-UniversityofCopenhagen/KUonedriveOW/9. Semester/Intro to Social Data Science/ISDS-Group/Project
2024-08-16 19:53:12;200;35718;https://borgerforslag.dk/se-og-stoet-forslag/?Id=FT-12439;/Users/olivernyropweeks/Library/CloudStorage/OneDrive-UniversityofCopenhagen/KUonedriveOW/9. Semester/Intro to Social Data Science/ISDS-Group/Project
2024-08-16 19:53:13;200;35191;https://borgerforslag.dk/se-og-stoet-forslag/?Id=FT-12432;/Users/olivernyropweeks/Library/CloudStorage/OneDrive-UniversityofCopenhagen/KUonedriveOW/9. Semester/Intro to Social Data Science/ISDS-Group/Project
2024-08-16 19:53:15;200;35974;https://borgerforslag.dk/se-og-stoet-forslag/?Id=FT-12325;/Users/olivernyropweeks/Library/CloudStorage/OneDrive-UniversityofCopenhagen/KUonedriveOW/9. Semester/Intro to Social Data Science/ISDS-Group/Project
2024-08-16 19:53:17;200;35002;https://borgerforslag.dk/se-og-stoet-forslag/?Id=FT-12390;/Users/olivernyropweeks/Library/CloudStorage/OneDrive-UniversityofCopenhagen/KUonedriveOW/9. Semester/Intro to Social Data Science/ISDS-Group/Project
2024-08-16 19:53:19;200;38125;https://borgerforslag.dk/se-og-stoet-forslag/?Id=FT-12235;/Users/olivernyropweeks/Library/CloudStorage/OneDrive-UniversityofCopenhagen/KUonedriveOW/9. Semester/Intro to Social Data Science/ISDS-Group/Project
2024-08-16 19:53:20;200;35818;https://borgerforslag.dk/se-og-stoet-forslag/?Id=FT-12381;/Users/olivernyropweeks/Library/CloudStorage/OneDrive-UniversityofCopenhagen/KUonedriveOW/9. Semester/Intro to Social Data Science/ISDS-Group/Project
2024-08-16 19:53:22;200;37315;https://borgerforslag.dk/se-og-stoet-forslag/?Id=FT-12261;/Users/olivernyropweeks/Library/CloudStorage/OneDrive-UniversityofCopenhagen/KUonedriveOW/9. Semester/Intro to Social Data Science/ISDS-Group/Project
2024-08-16 19:53:24;200;39389;https://borgerforslag.dk/se-og-stoet-forslag/?Id=FT-12380;/Users/olivernyropweeks/Library/CloudStorage/OneDrive-UniversityofCopenhagen/KUonedriveOW/9. Semester/Intro to Social Data Science/ISDS-Group/Project
2024-08-16 19:53:27;200;36632;https://borgerforslag.dk/se-og-stoet-forslag/?Id=FT-12318;/Users/olivernyropweeks/Library/CloudStorage/OneDrive-UniversityofCopenhagen/KUonedriveOW/9. Semester/Intro to Social Data Science/ISDS-Group/Project
2024-08-16 19:53:30;200;39864;https://borgerforslag.dk/se-og-stoet-forslag/?Id=FT-12317;/Users/olivernyropweeks/Library/CloudStorage/OneDrive-UniversityofCopenhagen/KUonedriveOW/9. Semester/Intro to Social Data Science/ISDS-Group/Project
2024-08-16 19:53:33;200;35986;https://borgerforslag.dk/se-og-stoet-forslag/?Id=FT-12308;/Users/olivernyropweeks/Library/CloudStorage/OneDrive-UniversityofCopenhagen/KUonedriveOW/9. Semester/Intro to Social Data Science/ISDS-Group/Project
2024-08-16 19:53:35;200;42580;https://borgerforslag.dk/se-og-stoet-forslag/?Id=FT-12301;/Users/olivernyropweeks/Library/CloudStorage/OneDrive-UniversityofCopenhagen/KUonedriveOW/9. Semester/Intro to Social Data Science/ISDS-Group/Project
2024-08-16 19:53:37;200;43641;https://borgerforslag.dk/se-og-stoet-forslag/?Id=FT-12161;/Users/olivernyropweeks/Library/CloudStorage/OneDrive-UniversityofCopenhagen/KUonedriveOW/9. Semester/Intro to Social Data Science/ISDS-Group/Project
2024-08-16 19:53:39;200;38500;https://borgerforslag.dk/se-og-stoet-forslag/?Id=FT-12271;/Users/olivernyropweeks/Library/CloudStorage/OneDrive-UniversityofCopenhagen/KUonedriveOW/9. Semester/Intro to Social Data Science/ISDS-Group/Project
2024-08-16 19:53:41;200;35345;https://borgerforslag.dk/se-og-stoet-forslag/?Id=FT-12275;/Users/olivernyropweeks/Library/CloudStorage/OneDrive-UniversityofCopenhagen/KUonedriveOW/9. Semester/Intro to Social Data Science/ISDS-Group/Project
2024-08-16 19:53:43;200;39023;https://borgerforslag.dk/se-og-stoet-forslag/?Id=FT-12258;/Users/olivernyropweeks/Library/CloudStorage/OneDrive-UniversityofCopenhagen/KUonedriveOW/9. Semester/Intro to Social Data Science/ISDS-Group/Project
2024-08-16 19:53:44;200;42496;https://borgerforslag.dk/se-og-stoet-forslag/?Id=FT-12205;/Users/olivernyropweeks/Library/CloudStorage/OneDrive-UniversityofCopenhagen/KUonedriveOW/9. Semester/Intro to Social Data Science/ISDS-Group/Project
2024-08-16 19:53:46;200;37058;https://borgerforslag.dk/se-og-stoet-forslag/?Id=FT-12173;/Users/olivernyropweeks/Library/CloudStorage/OneDrive-UniversityofCopenhagen/KUonedriveOW/9. Semester/Intro to Social Data Science/ISDS-Group/Project
2024-08-16 19:53:48;200;38196;https://borgerforslag.dk/se-og-stoet-forslag/?Id=FT-12210;/Users/olivernyropweeks/Library/CloudStorage/OneDrive-UniversityofCopenhagen/KUonedriveOW/9. Semester/Intro to Social Data Science/ISDS-Group/Project
2024-08-16 19:53:50;200;36774;https://borgerforslag.dk/se-og-stoet-forslag/?Id=FT-12078;/Users/olivernyropweeks/Library/CloudStorage/OneDrive-UniversityofCopenhagen/KUonedriveOW/9. Semester/Intro to Social Data Science/ISDS-Group/Project
2024-08-16 19:53:52;200;37619;https://borgerforslag.dk/se-og-stoet-forslag/?Id=FT-12195;/Users/olivernyropweeks/Library/CloudStorage/OneDrive-UniversityofCopenhagen/KUonedriveOW/9. Semester/Intro to Social Data Science/ISDS-Group/Project
2024-08-16 19:53:54;200;42300;https://borgerforslag.dk/se-og-stoet-forslag/?Id=FT-12194;/Users/olivernyropweeks/Library/CloudStorage/OneDrive-UniversityofCopenhagen/KUonedriveOW/9. Semester/Intro to Social Data Science/ISDS-Group/Project
2024-08-16 19:53:55;200;36635;https://borgerforslag.dk/se-og-stoet-forslag/?Id=FT-12033;/Users/olivernyropweeks/Library/CloudStorage/OneDrive-UniversityofCopenhagen/KUonedriveOW/9. Semester/Intro to Social Data Science/ISDS-Group/Project
2024-08-16 19:53:57;200;37155;https://borgerforslag.dk/se-og-stoet-forslag/?Id=FT-12172;/Users/olivernyropweeks/Library/CloudStorage/OneDrive-UniversityofCopenhagen/KUonedriveOW/9. Semester/Intro to Social Data Science/ISDS-Group/Project
2024-08-16 19:53:59;200;36477;https://borgerforslag.dk/se-og-stoet-forslag/?Id=FT-12064;/Users/olivernyropweeks/Library/CloudStorage/OneDrive-UniversityofCopenhagen/KUonedriveOW/9. Semester/Intro to Social Data Science/ISDS-Group/Project
2024-08-16 19:54:01;200;39461;https://borgerforslag.dk/se-og-stoet-forslag/?Id=FT-12144;/Users/olivernyropweeks/Library/CloudStorage/OneDrive-UniversityofCopenhagen/KUonedriveOW/9. Semester/Intro to Social Data Science/ISDS-Group/Project
2024-08-16 19:54:03;200;36066;https://borgerforslag.dk/se-og-stoet-forslag/?Id=FT-12112;/Users/olivernyropweeks/Library/CloudStorage/OneDrive-UniversityofCopenhagen/KUonedriveOW/9. Semester/Intro to Social Data Science/ISDS-Group/Project
2024-08-16 19:54:05;200;39745;https://borgerforslag.dk/se-og-stoet-forslag/?Id=FT-11994;/Users/olivernyropweeks/Library/CloudStorage/OneDrive-UniversityofCopenhagen/KUonedriveOW/9. Semester/Intro to Social Data Science/ISDS-Group/Project
2024-08-16 19:54:06;200;36951;https://borgerforslag.dk/se-og-stoet-forslag/?Id=FT-11990;/Users/olivernyropweeks/Library/CloudStorage/OneDrive-UniversityofCopenhagen/KUonedriveOW/9. Semester/Intro to Social Data Science/ISDS-Group/Project
2024-08-16 19:54:09;200;36097;https://borgerforslag.dk/se-og-stoet-forslag/?Id=FT-11954;/Users/olivernyropweeks/Library/CloudStorage/OneDrive-UniversityofCopenhagen/KUonedriveOW/9. Semester/Intro to Social Data Science/ISDS-Group/Project
2024-08-16 19:54:11;200;35456;https://borgerforslag.dk/se-og-stoet-forslag/?Id=FT-12025;/Users/olivernyropweeks/Library/CloudStorage/OneDrive-UniversityofCopenhagen/KUonedriveOW/9. Semester/Intro to Social Data Science/ISDS-Group/Project
2024-08-16 19:54:13;200;45114;https://borgerforslag.dk/se-og-stoet-forslag/?Id=FT-11915;/Users/olivernyropweeks/Library/CloudStorage/OneDrive-UniversityofCopenhagen/KUonedriveOW/9. Semester/Intro to Social Data Science/ISDS-Group/Project
2024-08-16 19:54:15;200;35877;https://borgerforslag.dk/se-og-stoet-forslag/?Id=FT-11928;/Users/olivernyropweeks/Library/CloudStorage/OneDrive-UniversityofCopenhagen/KUonedriveOW/9. Semester/Intro to Social Data Science/ISDS-Group/Project
2024-08-16 19:54:17;200;36700;https://borgerforslag.dk/se-og-stoet-forslag/?Id=FT-11902;/Users/olivernyropweeks/Library/CloudStorage/OneDrive-UniversityofCopenhagen/KUonedriveOW/9. Semester/Intro to Social Data Science/ISDS-Group/Project
2024-08-16 19:54:20;200;38367;https://borgerforslag.dk/se-og-stoet-forslag/?Id=FT-11958;/Users/olivernyropweeks/Library/CloudStorage/OneDrive-UniversityofCopenhagen/KUonedriveOW/9. Semester/Intro to Social Data Science/ISDS-Group/Project
2024-08-16 19:54:22;200;37634;https://borgerforslag.dk/se-og-stoet-forslag/?Id=FT-11949;/Users/olivernyropweeks/Library/CloudStorage/OneDrive-UniversityofCopenhagen/KUonedriveOW/9. Semester/Intro to Social Data Science/ISDS-Group/Project
2024-08-16 19:54:24;200;37824;https://borgerforslag.dk/se-og-stoet-forslag/?Id=FT-11824;/Users/olivernyropweeks/Library/CloudStorage/OneDrive-UniversityofCopenhagen/KUonedriveOW/9. Semester/Intro to Social Data Science/ISDS-Group/Project
2024-08-16 19:54:26;200;37889;https://borgerforslag.dk/se-og-stoet-forslag/?Id=FT-11894;/Users/olivernyropweeks/Library/CloudStorage/OneDrive-UniversityofCopenhagen/KUonedriveOW/9. Semester/Intro to Social Data Science/ISDS-Group/Project
2024-08-16 19:54:27;200;37366;https://borgerforslag.dk/se-og-stoet-forslag/?Id=FT-11855;/Users/olivernyropweeks/Library/CloudStorage/OneDrive-UniversityofCopenhagen/KUonedriveOW/9. Semester/Intro to Social Data Science/ISDS-Group/Project
2024-08-16 19:54:29;200;37570;https://borgerforslag.dk/se-og-stoet-forslag/?Id=FT-11798;/Users/olivernyropweeks/Library/CloudStorage/OneDrive-UniversityofCopenhagen/KUonedriveOW/9. Semester/Intro to Social Data Science/ISDS-Group/Project
2024-08-16 19:54:30;200;38234;https://borgerforslag.dk/se-og-stoet-forslag/?Id=FT-11864;/Users/olivernyropweeks/Library/CloudStorage/OneDrive-UniversityofCopenhagen/KUonedriveOW/9. Semester/Intro to Social Data Science/ISDS-Group/Project
2024-08-16 19:54:32;200;38421;https://borgerforslag.dk/se-og-stoet-forslag/?Id=FT-11738;/Users/olivernyropweeks/Library/CloudStorage/OneDrive-UniversityofCopenhagen/KUonedriveOW/9. Semester/Intro to Social Data Science/ISDS-Group/Project
2024-08-16 19:54:34;200;38254;https://borgerforslag.dk/se-og-stoet-forslag/?Id=FT-11801;/Users/olivernyropweeks/Library/CloudStorage/OneDrive-UniversityofCopenhagen/KUonedriveOW/9. Semester/Intro to Social Data Science/ISDS-Group/Project
2024-08-16 19:54:37;200;48571;https://borgerforslag.dk/se-og-stoet-forslag/?Id=FT-11693;/Users/olivernyropweeks/Library/CloudStorage/OneDrive-UniversityofCopenhagen/KUonedriveOW/9. Semester/Intro to Social Data Science/ISDS-Group/Project
2024-08-16 19:54:38;200;50470;https://borgerforslag.dk/se-og-stoet-forslag/?Id=FT-11451;/Users/olivernyropweeks/Library/CloudStorage/OneDrive-UniversityofCopenhagen/KUonedriveOW/9. Semester/Intro to Social Data Science/ISDS-Group/Project
2024-08-16 19:54:40;200;36441;https://borgerforslag.dk/se-og-stoet-forslag/?Id=FT-11808;/Users/olivernyropweeks/Library/CloudStorage/OneDrive-UniversityofCopenhagen/KUonedriveOW/9. Semester/Intro to Social Data Science/ISDS-Group/Project
2024-08-16 19:54:41;200;39355;https://borgerforslag.dk/se-og-stoet-forslag/?Id=FT-11742;/Users/olivernyropweeks/Library/CloudStorage/OneDrive-UniversityofCopenhagen/KUonedriveOW/9. Semester/Intro to Social Data Science/ISDS-Group/Project
2024-08-16 19:54:44;200;39130;https://borgerforslag.dk/se-og-stoet-forslag/?Id=FT-11739;/Users/olivernyropweeks/Library/CloudStorage/OneDrive-UniversityofCopenhagen/KUonedriveOW/9. Semester/Intro to Social Data Science/ISDS-Group/Project
2024-08-16 19:54:46;200;36085;https://borgerforslag.dk/se-og-stoet-forslag/?Id=FT-11847;/Users/olivernyropweeks/Library/CloudStorage/OneDrive-UniversityofCopenhagen/KUonedriveOW/9. Semester/Intro to Social Data Science/ISDS-Group/Project
2024-08-16 19:54:48;200;35651;https://borgerforslag.dk/se-og-stoet-forslag/?Id=FT-11851;/Users/olivernyropweeks/Library/CloudStorage/OneDrive-UniversityofCopenhagen/KUonedriveOW/9. Semester/Intro to Social Data Science/ISDS-Group/Project
2024-08-16 19:54:50;200;45362;https://borgerforslag.dk/se-og-stoet-forslag/?Id=FT-11761;/Users/olivernyropweeks/Library/CloudStorage/OneDrive-UniversityofCopenhagen/KUonedriveOW/9. Semester/Intro to Social Data Science/ISDS-Group/Project
2024-08-16 19:54:52;200;37293;https://borgerforslag.dk/se-og-stoet-forslag/?Id=FT-11696;/Users/olivernyropweeks/Library/CloudStorage/OneDrive-UniversityofCopenhagen/KUonedriveOW/9. Semester/Intro to Social Data Science/ISDS-Group/Project
2024-08-16 19:54:54;200;37710;https://borgerforslag.dk/se-og-stoet-forslag/?Id=FT-11809;/Users/olivernyropweeks/Library/CloudStorage/OneDrive-UniversityofCopenhagen/KUonedriveOW/9. Semester/Intro to Social Data Science/ISDS-Group/Project
2024-08-16 19:54:56;200;36753;https://borgerforslag.dk/se-og-stoet-forslag/?Id=FT-11663;/Users/olivernyropweeks/Library/CloudStorage/OneDrive-UniversityofCopenhagen/KUonedriveOW/9. Semester/Intro to Social Data Science/ISDS-Group/Project
2024-08-16 19:54:58;200;39350;https://borgerforslag.dk/se-og-stoet-forslag/?Id=FT-11655;/Users/olivernyropweeks/Library/CloudStorage/OneDrive-UniversityofCopenhagen/KUonedriveOW/9. Semester/Intro to Social Data Science/ISDS-Group/Project
2024-08-16 19:55:01;200;36067;https://borgerforslag.dk/se-og-stoet-forslag/?Id=FT-11658;/Users/olivernyropweeks/Library/CloudStorage/OneDrive-UniversityofCopenhagen/KUonedriveOW/9. Semester/Intro to Social Data Science/ISDS-Group/Project
2024-08-16 19:55:03;200;36364;https://borgerforslag.dk/se-og-stoet-forslag/?Id=FT-11780;/Users/olivernyropweeks/Library/CloudStorage/OneDrive-UniversityofCopenhagen/KUonedriveOW/9. Semester/Intro to Social Data Science/ISDS-Group/Project
2024-08-16 19:55:05;200;37443;https://borgerforslag.dk/se-og-stoet-forslag/?Id=FT-11727;/Users/olivernyropweeks/Library/CloudStorage/OneDrive-UniversityofCopenhagen/KUonedriveOW/9. Semester/Intro to Social Data Science/ISDS-Group/Project
2024-08-16 19:55:07;200;38522;https://borgerforslag.dk/se-og-stoet-forslag/?Id=FT-11732;/Users/olivernyropweeks/Library/CloudStorage/OneDrive-UniversityofCopenhagen/KUonedriveOW/9. Semester/Intro to Social Data Science/ISDS-Group/Project
2024-08-16 19:55:08;200;39449;https://borgerforslag.dk/se-og-stoet-forslag/?Id=FT-11604;/Users/olivernyropweeks/Library/CloudStorage/OneDrive-UniversityofCopenhagen/KUonedriveOW/9. Semester/Intro to Social Data Science/ISDS-Group/Project
2024-08-16 19:55:11;200;35759;https://borgerforslag.dk/se-og-stoet-forslag/?Id=FT-11746;/Users/olivernyropweeks/Library/CloudStorage/OneDrive-UniversityofCopenhagen/KUonedriveOW/9. Semester/Intro to Social Data Science/ISDS-Group/Project
2024-08-16 19:55:12;200;44152;https://borgerforslag.dk/se-og-stoet-forslag/?Id=FT-11649;/Users/olivernyropweeks/Library/CloudStorage/OneDrive-UniversityofCopenhagen/KUonedriveOW/9. Semester/Intro to Social Data Science/ISDS-Group/Project
2024-08-16 19:55:13;200;40385;https://borgerforslag.dk/se-og-stoet-forslag/?Id=FT-11628;/Users/olivernyropweeks/Library/CloudStorage/OneDrive-UniversityofCopenhagen/KUonedriveOW/9. Semester/Intro to Social Data Science/ISDS-Group/Project
2024-08-16 19:55:15;200;41698;https://borgerforslag.dk/se-og-stoet-forslag/?Id=FT-11620;/Users/olivernyropweeks/Library/CloudStorage/OneDrive-UniversityofCopenhagen/KUonedriveOW/9. Semester/Intro to Social Data Science/ISDS-Group/Project
2024-08-16 19:55:17;200;36801;https://borgerforslag.dk/se-og-stoet-forslag/?Id=FT-11615;/Users/olivernyropweeks/Library/CloudStorage/OneDrive-UniversityofCopenhagen/KUonedriveOW/9. Semester/Intro to Social Data Science/ISDS-Group/Project
2024-08-16 19:55:19;200;36473;https://borgerforslag.dk/se-og-stoet-forslag/?Id=FT-11606;/Users/olivernyropweeks/Library/CloudStorage/OneDrive-UniversityofCopenhagen/KUonedriveOW/9. Semester/Intro to Social Data Science/ISDS-Group/Project
2024-08-16 19:55:21;200;39922;https://borgerforslag.dk/se-og-stoet-forslag/?Id=FT-11456;/Users/olivernyropweeks/Library/CloudStorage/OneDrive-UniversityofCopenhagen/KUonedriveOW/9. Semester/Intro to Social Data Science/ISDS-Group/Project
2024-08-16 19:55:22;200;34936;https://borgerforslag.dk/se-og-stoet-forslag/?Id=FT-11586;/Users/olivernyropweeks/Library/CloudStorage/OneDrive-UniversityofCopenhagen/KUonedriveOW/9. Semester/Intro to Social Data Science/ISDS-Group/Project
2024-08-16 19:55:25;200;39322;https://borgerforslag.dk/se-og-stoet-forslag/?Id=FT-11400;/Users/olivernyropweeks/Library/CloudStorage/OneDrive-UniversityofCopenhagen/KUonedriveOW/9. Semester/Intro to Social Data Science/ISDS-Group/Project
2024-08-16 19:55:27;200;37396;https://borgerforslag.dk/se-og-stoet-forslag/?Id=FT-11381;/Users/olivernyropweeks/Library/CloudStorage/OneDrive-UniversityofCopenhagen/KUonedriveOW/9. Semester/Intro to Social Data Science/ISDS-Group/Project
2024-08-16 19:55:29;200;36239;https://borgerforslag.dk/se-og-stoet-forslag/?Id=FT-11480;/Users/olivernyropweeks/Library/CloudStorage/OneDrive-UniversityofCopenhagen/KUonedriveOW/9. Semester/Intro to Social Data Science/ISDS-Group/Project
2024-08-16 19:55:30;200;39135;https://borgerforslag.dk/se-og-stoet-forslag/?Id=FT-11467;/Users/olivernyropweeks/Library/CloudStorage/OneDrive-UniversityofCopenhagen/KUonedriveOW/9. Semester/Intro to Social Data Science/ISDS-Group/Project
2024-08-16 19:55:32;200;38263;https://borgerforslag.dk/se-og-stoet-forslag/?Id=FT-11393;/Users/olivernyropweeks/Library/CloudStorage/OneDrive-UniversityofCopenhagen/KUonedriveOW/9. Semester/Intro to Social Data Science/ISDS-Group/Project
2024-08-16 19:55:34;200;36823;https://borgerforslag.dk/se-og-stoet-forslag/?Id=FT-11440;/Users/olivernyropweeks/Library/CloudStorage/OneDrive-UniversityofCopenhagen/KUonedriveOW/9. Semester/Intro to Social Data Science/ISDS-Group/Project
2024-08-16 19:55:36;200;42322;https://borgerforslag.dk/se-og-stoet-forslag/?Id=FT-11378;/Users/olivernyropweeks/Library/CloudStorage/OneDrive-UniversityofCopenhagen/KUonedriveOW/9. Semester/Intro to Social Data Science/ISDS-Group/Project
2024-08-16 19:55:38;200;36672;https://borgerforslag.dk/se-og-stoet-forslag/?Id=FT-11331;/Users/olivernyropweeks/Library/CloudStorage/OneDrive-UniversityofCopenhagen/KUonedriveOW/9. Semester/Intro to Social Data Science/ISDS-Group/Project
2024-08-16 19:55:40;200;43245;https://borgerforslag.dk/se-og-stoet-forslag/?Id=FT-11332;/Users/olivernyropweeks/Library/CloudStorage/OneDrive-UniversityofCopenhagen/KUonedriveOW/9. Semester/Intro to Social Data Science/ISDS-Group/Project
2024-08-16 19:55:42;200;39425;https://borgerforslag.dk/se-og-stoet-forslag/?Id=FT-11433;/Users/olivernyropweeks/Library/CloudStorage/OneDrive-UniversityofCopenhagen/KUonedriveOW/9. Semester/Intro to Social Data Science/ISDS-Group/Project
2024-08-16 19:55:43;200;40907;https://borgerforslag.dk/se-og-stoet-forslag/?Id=FT-11387;/Users/olivernyropweeks/Library/CloudStorage/OneDrive-UniversityofCopenhagen/KUonedriveOW/9. Semester/Intro to Social Data Science/ISDS-Group/Project
2024-08-16 19:56:15;200;36526;https://borgerforslag.dk/se-og-stoet-forslag/?Id=FT-11424;/Users/olivernyropweeks/Library/CloudStorage/OneDrive-UniversityofCopenhagen/KUonedriveOW/9. Semester/Intro to Social Data Science/ISDS-Group/Project
2024-08-16 19:56:16;200;42592;https://borgerforslag.dk/se-og-stoet-forslag/?Id=FT-11255;/Users/olivernyropweeks/Library/CloudStorage/OneDrive-UniversityofCopenhagen/KUonedriveOW/9. Semester/Intro to Social Data Science/ISDS-Group/Project
2024-08-16 19:56:18;200;36522;https://borgerforslag.dk/se-og-stoet-forslag/?Id=FT-11290;/Users/olivernyropweeks/Library/CloudStorage/OneDrive-UniversityofCopenhagen/KUonedriveOW/9. Semester/Intro to Social Data Science/ISDS-Group/Project
2024-08-16 19:56:20;200;37757;https://borgerforslag.dk/se-og-stoet-forslag/?Id=FT-11316;/Users/olivernyropweeks/Library/CloudStorage/OneDrive-UniversityofCopenhagen/KUonedriveOW/9. Semester/Intro to Social Data Science/ISDS-Group/Project
2024-08-16 19:56:21;200;41648;https://borgerforslag.dk/se-og-stoet-forslag/?Id=FT-11310;/Users/olivernyropweeks/Library/CloudStorage/OneDrive-UniversityofCopenhagen/KUonedriveOW/9. Semester/Intro to Social Data Science/ISDS-Group/Project
2024-08-16 19:56:23;200;37295;https://borgerforslag.dk/se-og-stoet-forslag/?Id=FT-11327;/Users/olivernyropweeks/Library/CloudStorage/OneDrive-UniversityofCopenhagen/KUonedriveOW/9. Semester/Intro to Social Data Science/ISDS-Group/Project
2024-08-16 19:56:25;200;35713;https://borgerforslag.dk/se-og-stoet-forslag/?Id=FT-11280;/Users/olivernyropweeks/Library/CloudStorage/OneDrive-UniversityofCopenhagen/KUonedriveOW/9. Semester/Intro to Social Data Science/ISDS-Group/Project
2024-08-16 19:56:27;200;43201;https://borgerforslag.dk/se-og-stoet-forslag/?Id=FT-11207;/Users/olivernyropweeks/Library/CloudStorage/OneDrive-UniversityofCopenhagen/KUonedriveOW/9. Semester/Intro to Social Data Science/ISDS-Group/Project
2024-08-16 19:56:29;200;38656;https://borgerforslag.dk/se-og-stoet-forslag/?Id=FT-11201;/Users/olivernyropweeks/Library/CloudStorage/OneDrive-UniversityofCopenhagen/KUonedriveOW/9. Semester/Intro to Social Data Science/ISDS-Group/Project
2024-08-16 19:56:31;200;37778;https://borgerforslag.dk/se-og-stoet-forslag/?Id=FT-11134;/Users/olivernyropweeks/Library/CloudStorage/OneDrive-UniversityofCopenhagen/KUonedriveOW/9. Semester/Intro to Social Data Science/ISDS-Group/Project
2024-08-16 19:56:33;200;35800;https://borgerforslag.dk/se-og-stoet-forslag/?Id=FT-11256;/Users/olivernyropweeks/Library/CloudStorage/OneDrive-UniversityofCopenhagen/KUonedriveOW/9. Semester/Intro to Social Data Science/ISDS-Group/Project
2024-08-16 19:56:34;200;36483;https://borgerforslag.dk/se-og-stoet-forslag/?Id=FT-11184;/Users/olivernyropweeks/Library/CloudStorage/OneDrive-UniversityofCopenhagen/KUonedriveOW/9. Semester/Intro to Social Data Science/ISDS-Group/Project
2024-08-16 19:56:36;200;50058;https://borgerforslag.dk/se-og-stoet-forslag/?Id=FT-11149;/Users/olivernyropweeks/Library/CloudStorage/OneDrive-UniversityofCopenhagen/KUonedriveOW/9. Semester/Intro to Social Data Science/ISDS-Group/Project
2024-08-16 19:56:38;200;50480;https://borgerforslag.dk/se-og-stoet-forslag/?Id=FT-11147;/Users/olivernyropweeks/Library/CloudStorage/OneDrive-UniversityofCopenhagen/KUonedriveOW/9. Semester/Intro to Social Data Science/ISDS-Group/Project
2024-08-16 19:56:41;200;50077;https://borgerforslag.dk/se-og-stoet-forslag/?Id=FT-11150;/Users/olivernyropweeks/Library/CloudStorage/OneDrive-UniversityofCopenhagen/KUonedriveOW/9. Semester/Intro to Social Data Science/ISDS-Group/Project
2024-08-16 19:56:42;200;36294;https://borgerforslag.dk/se-og-stoet-forslag/?Id=FT-11168;/Users/olivernyropweeks/Library/CloudStorage/OneDrive-UniversityofCopenhagen/KUonedriveOW/9. Semester/Intro to Social Data Science/ISDS-Group/Project
2024-08-16 19:56:44;200;39063;https://borgerforslag.dk/se-og-stoet-forslag/?Id=FT-11135;/Users/olivernyropweeks/Library/CloudStorage/OneDrive-UniversityofCopenhagen/KUonedriveOW/9. Semester/Intro to Social Data Science/ISDS-Group/Project
2024-08-16 19:56:46;200;35843;https://borgerforslag.dk/se-og-stoet-forslag/?Id=FT-11210;/Users/olivernyropweeks/Library/CloudStorage/OneDrive-UniversityofCopenhagen/KUonedriveOW/9. Semester/Intro to Social Data Science/ISDS-Group/Project
2024-08-16 19:56:48;200;36074;https://borgerforslag.dk/se-og-stoet-forslag/?Id=FT-11104;/Users/olivernyropweeks/Library/CloudStorage/OneDrive-UniversityofCopenhagen/KUonedriveOW/9. Semester/Intro to Social Data Science/ISDS-Group/Project
2024-08-16 19:56:50;200;37134;https://borgerforslag.dk/se-og-stoet-forslag/?Id=FT-11115;/Users/olivernyropweeks/Library/CloudStorage/OneDrive-UniversityofCopenhagen/KUonedriveOW/9. Semester/Intro to Social Data Science/ISDS-Group/Project
2024-08-16 19:56:52;200;37135;https://borgerforslag.dk/se-og-stoet-forslag/?Id=FT-11231;/Users/olivernyropweeks/Library/CloudStorage/OneDrive-UniversityofCopenhagen/KUonedriveOW/9. Semester/Intro to Social Data Science/ISDS-Group/Project
2024-08-16 19:56:54;200;37063;https://borgerforslag.dk/se-og-stoet-forslag/?Id=FT-11176;/Users/olivernyropweeks/Library/CloudStorage/OneDrive-UniversityofCopenhagen/KUonedriveOW/9. Semester/Intro to Social Data Science/ISDS-Group/Project
2024-08-16 19:56:55;200;38544;https://borgerforslag.dk/se-og-stoet-forslag/?Id=FT-11090;/Users/olivernyropweeks/Library/CloudStorage/OneDrive-UniversityofCopenhagen/KUonedriveOW/9. Semester/Intro to Social Data Science/ISDS-Group/Project
2024-08-16 19:56:57;200;39088;https://borgerforslag.dk/se-og-stoet-forslag/?Id=FT-11016;/Users/olivernyropweeks/Library/CloudStorage/OneDrive-UniversityofCopenhagen/KUonedriveOW/9. Semester/Intro to Social Data Science/ISDS-Group/Project
2024-08-16 19:56:59;200;36719;https://borgerforslag.dk/se-og-stoet-forslag/?Id=FT-11059;/Users/olivernyropweeks/Library/CloudStorage/OneDrive-UniversityofCopenhagen/KUonedriveOW/9. Semester/Intro to Social Data Science/ISDS-Group/Project
2024-08-16 19:57:01;200;38626;https://borgerforslag.dk/se-og-stoet-forslag/?Id=FT-11137;/Users/olivernyropweeks/Library/CloudStorage/OneDrive-UniversityofCopenhagen/KUonedriveOW/9. Semester/Intro to Social Data Science/ISDS-Group/Project
2024-08-16 19:58:29;200;35936;https://borgerforslag.dk/se-og-stoet-forslag/?Id=FT-11139;/Users/olivernyropweeks/Library/CloudStorage/OneDrive-UniversityofCopenhagen/KUonedriveOW/9. Semester/Intro to Social Data Science/ISDS-Group/Project
2024-08-16 19:58:30;200;37588;https://borgerforslag.dk/se-og-stoet-forslag/?Id=FT-11112;/Users/olivernyropweeks/Library/CloudStorage/OneDrive-UniversityofCopenhagen/KUonedriveOW/9. Semester/Intro to Social Data Science/ISDS-Group/Project
2024-08-16 19:58:32;200;35221;https://borgerforslag.dk/se-og-stoet-forslag/?Id=FT-11096;/Users/olivernyropweeks/Library/CloudStorage/OneDrive-UniversityofCopenhagen/KUonedriveOW/9. Semester/Intro to Social Data Science/ISDS-Group/Project
2024-08-16 19:58:33;200;36276;https://borgerforslag.dk/se-og-stoet-forslag/?Id=FT-10972;/Users/olivernyropweeks/Library/CloudStorage/OneDrive-UniversityofCopenhagen/KUonedriveOW/9. Semester/Intro to Social Data Science/ISDS-Group/Project
2024-08-16 19:58:35;200;37245;https://borgerforslag.dk/se-og-stoet-forslag/?Id=FT-11157;/Users/olivernyropweeks/Library/CloudStorage/OneDrive-UniversityofCopenhagen/KUonedriveOW/9. Semester/Intro to Social Data Science/ISDS-Group/Project
2024-08-16 19:58:37;200;35512;https://borgerforslag.dk/se-og-stoet-forslag/?Id=FT-11123;/Users/olivernyropweeks/Library/CloudStorage/OneDrive-UniversityofCopenhagen/KUonedriveOW/9. Semester/Intro to Social Data Science/ISDS-Group/Project
2024-08-16 19:58:39;200;36173;https://borgerforslag.dk/se-og-stoet-forslag/?Id=FT-10973;/Users/olivernyropweeks/Library/CloudStorage/OneDrive-UniversityofCopenhagen/KUonedriveOW/9. Semester/Intro to Social Data Science/ISDS-Group/Project
2024-08-16 19:58:41;200;41449;https://borgerforslag.dk/se-og-stoet-forslag/?Id=FT-11078;/Users/olivernyropweeks/Library/CloudStorage/OneDrive-UniversityofCopenhagen/KUonedriveOW/9. Semester/Intro to Social Data Science/ISDS-Group/Project
2024-08-16 19:58:43;200;37121;https://borgerforslag.dk/se-og-stoet-forslag/?Id=FT-10802;/Users/olivernyropweeks/Library/CloudStorage/OneDrive-UniversityofCopenhagen/KUonedriveOW/9. Semester/Intro to Social Data Science/ISDS-Group/Project
2024-08-16 19:58:45;200;36112;https://borgerforslag.dk/se-og-stoet-forslag/?Id=FT-10934;/Users/olivernyropweeks/Library/CloudStorage/OneDrive-UniversityofCopenhagen/KUonedriveOW/9. Semester/Intro to Social Data Science/ISDS-Group/Project
2024-08-16 19:58:47;200;36289;https://borgerforslag.dk/se-og-stoet-forslag/?Id=FT-10913;/Users/olivernyropweeks/Library/CloudStorage/OneDrive-UniversityofCopenhagen/KUonedriveOW/9. Semester/Intro to Social Data Science/ISDS-Group/Project
2024-08-16 19:58:49;200;37142;https://borgerforslag.dk/se-og-stoet-forslag/?Id=FT-11110;/Users/olivernyropweeks/Library/CloudStorage/OneDrive-UniversityofCopenhagen/KUonedriveOW/9. Semester/Intro to Social Data Science/ISDS-Group/Project
2024-08-16 19:58:51;200;38233;https://borgerforslag.dk/se-og-stoet-forslag/?Id=FT-10994;/Users/olivernyropweeks/Library/CloudStorage/OneDrive-UniversityofCopenhagen/KUonedriveOW/9. Semester/Intro to Social Data Science/ISDS-Group/Project
2024-08-16 19:58:53;200;34792;https://borgerforslag.dk/se-og-stoet-forslag/?Id=FT-11043;/Users/olivernyropweeks/Library/CloudStorage/OneDrive-UniversityofCopenhagen/KUonedriveOW/9. Semester/Intro to Social Data Science/ISDS-Group/Project
2024-08-16 19:58:55;200;37460;https://borgerforslag.dk/se-og-stoet-forslag/?Id=FT-11025;/Users/olivernyropweeks/Library/CloudStorage/OneDrive-UniversityofCopenhagen/KUonedriveOW/9. Semester/Intro to Social Data Science/ISDS-Group/Project
2024-08-16 19:58:57;200;36464;https://borgerforslag.dk/se-og-stoet-forslag/?Id=FT-10893;/Users/olivernyropweeks/Library/CloudStorage/OneDrive-UniversityofCopenhagen/KUonedriveOW/9. Semester/Intro to Social Data Science/ISDS-Group/Project
2024-08-16 19:58:58;200;35771;https://borgerforslag.dk/se-og-stoet-forslag/?Id=FT-10959;/Users/olivernyropweeks/Library/CloudStorage/OneDrive-UniversityofCopenhagen/KUonedriveOW/9. Semester/Intro to Social Data Science/ISDS-Group/Project
2024-08-16 19:59:00;200;35656;https://borgerforslag.dk/se-og-stoet-forslag/?Id=FT-10935;/Users/olivernyropweeks/Library/CloudStorage/OneDrive-UniversityofCopenhagen/KUonedriveOW/9. Semester/Intro to Social Data Science/ISDS-Group/Project
2024-08-16 19:59:03;200;35287;https://borgerforslag.dk/se-og-stoet-forslag/?Id=FT-10859;/Users/olivernyropweeks/Library/CloudStorage/OneDrive-UniversityofCopenhagen/KUonedriveOW/9. Semester/Intro to Social Data Science/ISDS-Group/Project
2024-08-16 19:59:05;200;35435;https://borgerforslag.dk/se-og-stoet-forslag/?Id=FT-10970;/Users/olivernyropweeks/Library/CloudStorage/OneDrive-UniversityofCopenhagen/KUonedriveOW/9. Semester/Intro to Social Data Science/ISDS-Group/Project
2024-08-16 19:59:06;200;35578;https://borgerforslag.dk/se-og-stoet-forslag/?Id=FT-10984;/Users/olivernyropweeks/Library/CloudStorage/OneDrive-UniversityofCopenhagen/KUonedriveOW/9. Semester/Intro to Social Data Science/ISDS-Group/Project
2024-08-16 19:59:08;200;36285;https://borgerforslag.dk/se-og-stoet-forslag/?Id=FT-10872;/Users/olivernyropweeks/Library/CloudStorage/OneDrive-UniversityofCopenhagen/KUonedriveOW/9. Semester/Intro to Social Data Science/ISDS-Group/Project
2024-08-16 19:59:09;200;35587;https://borgerforslag.dk/se-og-stoet-forslag/?Id=FT-10672;/Users/olivernyropweeks/Library/CloudStorage/OneDrive-UniversityofCopenhagen/KUonedriveOW/9. Semester/Intro to Social Data Science/ISDS-Group/Project
2024-08-16 19:59:11;200;35710;https://borgerforslag.dk/se-og-stoet-forslag/?Id=FT-10931;/Users/olivernyropweeks/Library/CloudStorage/OneDrive-UniversityofCopenhagen/KUonedriveOW/9. Semester/Intro to Social Data Science/ISDS-Group/Project
2024-08-16 19:59:12;200;37245;https://borgerforslag.dk/se-og-stoet-forslag/?Id=FT-10807;/Users/olivernyropweeks/Library/CloudStorage/OneDrive-UniversityofCopenhagen/KUonedriveOW/9. Semester/Intro to Social Data Science/ISDS-Group/Project
