Title,URL
Fartbøder forhindrer i at opnå Dansk statsborgerskab,https://borgerforslag.dk/se-og-stoet-forslag/?Id=FT-18099
Forbyd dressurridning som konkurrencesport,https://borgerforslag.dk/se-og-stoet-forslag/?Id=FT-18075
Lavere skat og fjernelse af minimumsalder på pensionsudbetaling for personer med uhelbredelig sygdom,https://borgerforslag.dk/se-og-stoet-forslag/?Id=FT-18046
Bloddonorpligt. (Som værnepligt),https://borgerforslag.dk/se-og-stoet-forslag/?Id=FT-18044
Giv politiet mulighed for at nedsætte straks-navneforbud i særlige sager,https://borgerforslag.dk/se-og-stoet-forslag/?Id=FT-18028
Mistillidsvotum til statsminimister Mette Frederiksen,https://borgerforslag.dk/se-og-stoet-forslag/?Id=FT-18016
"Reklamer – ja tak! – men kun til dem, der ønsker det …",https://borgerforslag.dk/se-og-stoet-forslag/?Id=FT-17997
Varedeklarationer på madvarer skal indeholde energi fordelingen af hele varen,https://borgerforslag.dk/se-og-stoet-forslag/?Id=FT-18050
Statslig støtte til fjernelse af asbestholdigt tagmateriale,https://borgerforslag.dk/se-og-stoet-forslag/?Id=FT-18032
Feriepenge til pensionister.,https://borgerforslag.dk/se-og-stoet-forslag/?Id=FT-18062
Giv igen forældre ret til selv at bestemme over barsel,https://borgerforslag.dk/se-og-stoet-forslag/?Id=FT-18029
Sygeplejersker skal have løn under praktikforløb.,https://borgerforslag.dk/se-og-stoet-forslag/?Id=FT-18030
"I gentagelsestilfælde af personfarlig kriminalitet, herunder seksualforbrydelser, bør sager ikke kunne forældes",https://borgerforslag.dk/se-og-stoet-forslag/?Id=FT-17960
Sikring af borgere mod uberettiget omregistrering af bil,https://borgerforslag.dk/se-og-stoet-forslag/?Id=FT-17930
"Ønske om ændring af lukkelovens §1 for mindre detailbutikker beliggende i turist- og kystnære områder, hvor §9. Stk. 2 ikke gør sig gældende",https://borgerforslag.dk/se-og-stoet-forslag/?Id=FT-17914
Nej til KUN 58 SU klip,https://borgerforslag.dk/se-og-stoet-forslag/?Id=FT-17912
Myndighedsansvar ved lovbrud,https://borgerforslag.dk/se-og-stoet-forslag/?Id=FT-17980
Slå vejrabatterne,https://borgerforslag.dk/se-og-stoet-forslag/?Id=FT-17962
Skattelettelser til den almene borger.,https://borgerforslag.dk/se-og-stoet-forslag/?Id=FT-17945
Forbedret håndtering af spædbarnskolik og udvidet støtte til berørte familier,https://borgerforslag.dk/se-og-stoet-forslag/?Id=FT-17961
Ret til forældres adgang til sygesikringsbevis indtil det 18 fødeår,https://borgerforslag.dk/se-og-stoet-forslag/?Id=FT-17926
Afskat kirkeskatten - og skab mere lighed,https://borgerforslag.dk/se-og-stoet-forslag/?Id=FT-17781
stop spild af køreprøver,https://borgerforslag.dk/se-og-stoet-forslag/?Id=FT-17938
SU-reformen skal ikke ramme med tilbagevirkende kraft,https://borgerforslag.dk/se-og-stoet-forslag/?Id=FT-17913
ÆNDRING AF BO- OG GAVEAFGIFT:,https://borgerforslag.dk/se-og-stoet-forslag/?Id=FT-17881
"Ejer til hund der har bidt (menneske eller andet dyr) skal straffes, ikke hunden og hunden skal fjernes fra ejeren.",https://borgerforslag.dk/se-og-stoet-forslag/?Id=FT-17891
Termonet i Landdistrikterne,https://borgerforslag.dk/se-og-stoet-forslag/?Id=FT-17910
"Dansk nej tak, til kommende WHO-pandemi traktater!",https://borgerforslag.dk/se-og-stoet-forslag/?Id=FT-17828
"Oprettelse af diagnosekode og behandlingplan for den udbredte, men og ukendte sygdom Lipødem",https://borgerforslag.dk/se-og-stoet-forslag/?Id=FT-17873
Nedsættelse af gebyr for udstedelse af Pas,https://borgerforslag.dk/se-og-stoet-forslag/?Id=FT-17810
Krav om årlig MitID accept for medarbejdende ægtefælle,https://borgerforslag.dk/se-og-stoet-forslag/?Id=FT-17838
Borgerligt ombud - forhøjelse af vederlag for domsmænd og nævninge,https://borgerforslag.dk/se-og-stoet-forslag/?Id=FT-17875
Afskrive danskernes gæld til det offentlige,https://borgerforslag.dk/se-og-stoet-forslag/?Id=FT-17815
Gratis selvforsvar til unge piger/kvinder,https://borgerforslag.dk/se-og-stoet-forslag/?Id=FT-17855
"Uændring af pris for sygeplejeautorisation, for sygeplejestuderende",https://borgerforslag.dk/se-og-stoet-forslag/?Id=FT-17822
Stop Hvidvask: Obligatorisk elektronisk registrering af fakturaer for virksomheder,https://borgerforslag.dk/se-og-stoet-forslag/?Id=FT-17871
"Skat yder fuld kompensation til alle de danske skatteborgere, der er ofre for Skats ubrugelige systemer til gældsinddrivelse",https://borgerforslag.dk/se-og-stoet-forslag/?Id=FT-17874
Hjælp til sorgbearbejdelse ved dødsfald i nærmeste familie,https://borgerforslag.dk/se-og-stoet-forslag/?Id=FT-17816
Gratis tandlæge for alle borgere med permanent bopæl i Danmark.,https://borgerforslag.dk/se-og-stoet-forslag/?Id=FT-17794
betalt sygefravær under menstruation,https://borgerforslag.dk/se-og-stoet-forslag/?Id=FT-17805
"Alle samtaler, telefonopkald og møder i børnesager i kommunen, familieretshuset og familieretten skal optages og gemmes.",https://borgerforslag.dk/se-og-stoet-forslag/?Id=FT-17814
Afdøds aske til brug ved minde smykker,https://borgerforslag.dk/se-og-stoet-forslag/?Id=FT-17779
"I lyset af kritikken af figurerne Onkel Reje og John Dillermand, beder vi Folketinget se på, om DR lever op til public service-kontrakten.",https://borgerforslag.dk/se-og-stoet-forslag/?Id=FT-17790
Skolemad til alle – snart,https://borgerforslag.dk/se-og-stoet-forslag/?Id=FT-17683
Tidligere screening for brystkræft,https://borgerforslag.dk/se-og-stoet-forslag/?Id=FT-17720
Udvidet overhalingsforbud for lastbiler mm.,https://borgerforslag.dk/se-og-stoet-forslag/?Id=FT-17735
Ungestøtte (efterværn) skal være en selvfølge for alle anbragte børn og unge.,https://borgerforslag.dk/se-og-stoet-forslag/?Id=FT-17748
LGBT-organisationer bør tildeles status som anerkendte trossamfund,https://borgerforslag.dk/se-og-stoet-forslag/?Id=FT-17732
Genberegning af det adgangsgivende eksamensresultat ved optagelse på videregående uddannelser,https://borgerforslag.dk/se-og-stoet-forslag/?Id=FT-17690
Ingen form for anonym underretning til myndighed.,https://borgerforslag.dk/se-og-stoet-forslag/?Id=FT-17751
"rygeforbud udendørs v. bar, cafe, restaurant",https://borgerforslag.dk/se-og-stoet-forslag/?Id=FT-17726
Betalt transport til og fra sygeplejerskestuderendes praktik!,https://borgerforslag.dk/se-og-stoet-forslag/?Id=FT-17705
Nybyg skal etableres med regnvandopsamling/genbrug af brusevand til toiletskyl mm.,https://borgerforslag.dk/se-og-stoet-forslag/?Id=FT-17674
Nye lov ændring om bevisførelse i krænkelsessager,https://borgerforslag.dk/se-og-stoet-forslag/?Id=FT-17620
Kort ventetid til udredning af børn og unge hos det offentlige.,https://borgerforslag.dk/se-og-stoet-forslag/?Id=FT-17655
Fertilitetsbehandling til 50 år,https://borgerforslag.dk/se-og-stoet-forslag/?Id=FT-17694
"Advarselstrekant og QR-kode i flot diskret design, der informerer om alkoholens sindspåvirkninger, beruselse, hjælp og lovgivningen herom.",https://borgerforslag.dk/se-og-stoet-forslag/?Id=FT-17621
Som borger skal man selv kunne vælge i en svær sygdomsperiode.,https://borgerforslag.dk/se-og-stoet-forslag/?Id=FT-17587
Nej til Bede rum og tørklæder i forsvaret.,https://borgerforslag.dk/se-og-stoet-forslag/?Id=FT-17590
Forbud mod pelsdyravl i Danmark,https://borgerforslag.dk/se-og-stoet-forslag/?Id=FT-17460
Ret til specialiseret tværfaglig og koordineret behandling for personer med hjernerystelse,https://borgerforslag.dk/se-og-stoet-forslag/?Id=FT-17445
Gratis bind og tamponer på folkeskoler og gymnasier,https://borgerforslag.dk/se-og-stoet-forslag/?Id=FT-17600
Krav om svendebrev ved oprettelse af CVR-nummer inden for alle håndværksfag med tilhørende uddannelse.,https://borgerforslag.dk/se-og-stoet-forslag/?Id=FT-17625
Kørselsfradrag skal overføres fra forskudsopgørelse til årsopgørelse,https://borgerforslag.dk/se-og-stoet-forslag/?Id=FT-17563
Omsorgsdag til gymnasieelever,https://borgerforslag.dk/se-og-stoet-forslag/?Id=FT-17573
Velfærd,https://borgerforslag.dk/se-og-stoet-forslag/?Id=FT-17670
Forbud for opsætning af gasfyr i Danmark efter 2030 i private hjem,https://borgerforslag.dk/se-og-stoet-forslag/?Id=FT-17632
Sorgorlov for forældre med dræbte/pludseligt døde børn over 18,https://borgerforslag.dk/se-og-stoet-forslag/?Id=FT-17479
Afskaf brøkpension,https://borgerforslag.dk/se-og-stoet-forslag/?Id=FT-17557
Røgfiltre på alle skorstene/forbrændingsenheder.,https://borgerforslag.dk/se-og-stoet-forslag/?Id=FT-17435
"Stop salget af F-16 kampfly til Argentina, og doner dem i stedet til Ukraine over tid",https://borgerforslag.dk/se-og-stoet-forslag/?Id=FT-17529
Ændring af lov om kørekortregler,https://borgerforslag.dk/se-og-stoet-forslag/?Id=FT-17505
Nul kvælstof i landbruget! Nye dyrknings metoder skal tages i brug!,https://borgerforslag.dk/se-og-stoet-forslag/?Id=FT-17413
Fjern partistøtte,https://borgerforslag.dk/se-og-stoet-forslag/?Id=FT-17448
førtidspensionister,https://borgerforslag.dk/se-og-stoet-forslag/?Id=FT-17340
"Alle børn og unge skal have en undervisning, der gør dem dygtige til at læse. Og det begrænser mistrivsel, uro, rå adfærd og lav læselyst.",https://borgerforslag.dk/se-og-stoet-forslag/?Id=FT-17410
Overpris på transport af strøm,https://borgerforslag.dk/se-og-stoet-forslag/?Id=FT-17392
Folkets Basisindkomst,https://borgerforslag.dk/se-og-stoet-forslag/?Id=FT-17368
Hævelse af spærreklausulen i Folketinget til 5 %,https://borgerforslag.dk/se-og-stoet-forslag/?Id=FT-17325
Reduktion af forældrebetaling for ophold ved tvangsanbringelser af børn fra familier på overførselsindkomster.,https://borgerforslag.dk/se-og-stoet-forslag/?Id=FT-17300
Mod en Balanceret Dialog: Vejen Fremad uden Woke Ideologi,https://borgerforslag.dk/se-og-stoet-forslag/?Id=FT-17262
"Lempelser af restriktionerne for brug af fiskeredskaber benyttet af lyst- og fritidsfiskere, samt lempelse af forbud mod fangst af ål.",https://borgerforslag.dk/se-og-stoet-forslag/?Id=FT-17317
Forkort ventetid på handicaptillæg,https://borgerforslag.dk/se-og-stoet-forslag/?Id=FT-17241
De mest specialiserede indenfor fysiske og psykiske sygdomme er Læger og speciallæger. Derfor skal deres ord vægtes højest i sagsbehandling.,https://borgerforslag.dk/se-og-stoet-forslag/?Id=FT-17315
Formålet er at indføre og integrere arbejdet med sociale og følelsesmæssige kompetencer i folkeskolens undervisning fra 0 til 10 klasse.,https://borgerforslag.dk/se-og-stoet-forslag/?Id=FT-17272
"Dispensation for krav om hjemsendelse af ikke-EU-borgere, med det formål at fastholde udenlandsk sundhedspersonale i Danmark.",https://borgerforslag.dk/se-og-stoet-forslag/?Id=FT-17191
Oprettelse af sundhedsfagligt team til behandling af efterfødselskomplikationer,https://borgerforslag.dk/se-og-stoet-forslag/?Id=FT-17165
"Tillæg til straffelovens §293 stk.2 så en tinglyst vejret kan håndhæves ved lov, og overtrædelse kan straffes.",https://borgerforslag.dk/se-og-stoet-forslag/?Id=FT-17257
Bedsteforældre har også ret til samvær,https://borgerforslag.dk/se-og-stoet-forslag/?Id=FT-17254
Tilbageførsel af Beslutningsansvar vedrørende skolefravær til forældre.,https://borgerforslag.dk/se-og-stoet-forslag/?Id=FT-17225
Inddrivelsesrenten skal være fradragsberettiget i SKAT,https://borgerforslag.dk/se-og-stoet-forslag/?Id=FT-17226
"Juridisk abort til mænd, under lign. forudsætninger som for kvinder.",https://borgerforslag.dk/se-og-stoet-forslag/?Id=FT-17228
"Forbud mod seksuelle forhold mellem enkeltpersoner, hvis der er en aldersforskel på mere end fem år, samt den ene part er under 18 år gammel",https://borgerforslag.dk/se-og-stoet-forslag/?Id=FT-17151
"Ændring af formuegrænsen for samlevende for at være berettiget til ældrecheck, ældrecheck bør kun afhænge af modtagerens egen formue!",https://borgerforslag.dk/se-og-stoet-forslag/?Id=FT-17104
Kontantpuklen - forslag til frit lejde for indsættelse af kontanter i pengeinstitutter i begrænset periode,https://borgerforslag.dk/se-og-stoet-forslag/?Id=FT-16985
Obligatorisk ret til efterværn,https://borgerforslag.dk/se-og-stoet-forslag/?Id=FT-17039
"Rettidig opsporing af og viden om kongenit CMV infektion (den største, oversete, infektiøse årsag til udviklingsforstyrrelser hos børn)",https://borgerforslag.dk/se-og-stoet-forslag/?Id=FT-17153
Privat jordmoder til kvinder der har været udsat for seksuelt misbrug,https://borgerforslag.dk/se-og-stoet-forslag/?Id=FT-17148
"Ændring af konkursloven - skærpelse mht. ansvar, sikkerhed og forbud mod konkursrytteri",https://borgerforslag.dk/se-og-stoet-forslag/?Id=FT-17121
Afskaf eftervederlag til ministre med mindre end én måneds ansættelse i ministerembedet,https://borgerforslag.dk/se-og-stoet-forslag/?Id=FT-16998
Forbyd energidrikke med koffein til børn under 16 år,https://borgerforslag.dk/se-og-stoet-forslag/?Id=FT-17026
Indførsel af aldersgrænse på energidrik,https://borgerforslag.dk/se-og-stoet-forslag/?Id=FT-16962
Placering af vinterferie,https://borgerforslag.dk/se-og-stoet-forslag/?Id=FT-16957
Unødvendige pesticider bør fases ud.,https://borgerforslag.dk/se-og-stoet-forslag/?Id=FT-16992
Feriepenge optjent på feriekonto bør udbetales automatisk en gang om året.,https://borgerforslag.dk/se-og-stoet-forslag/?Id=FT-17055
Krav om annullering af den underskrevne forsvarssamarbejdsaftale med USA om de planlagte amerikanske militærbaser på dansk territorium.,https://borgerforslag.dk/se-og-stoet-forslag/?Id=FT-16911
Ingen spilreklamer,https://borgerforslag.dk/se-og-stoet-forslag/?Id=FT-16776
Vinterdæk på køretøjer,https://borgerforslag.dk/se-og-stoet-forslag/?Id=FT-16886
Indførelse af National Helligdag på Kongens fødselsdag d. 26 maj,https://borgerforslag.dk/se-og-stoet-forslag/?Id=FT-17018
Storebæltsbroen omdøbes til “Dronning Magrethe den 2.’s Bro”,https://borgerforslag.dk/se-og-stoet-forslag/?Id=FT-16855
Danmark har pligt til at forhindre folkedrab,https://borgerforslag.dk/se-og-stoet-forslag/?Id=FT-16870
Special kørekort til ambulancer og andre udrykning- og militærkøretøjer.,https://borgerforslag.dk/se-og-stoet-forslag/?Id=FT-16810
Fra 80 til 100 km/t,https://borgerforslag.dk/se-og-stoet-forslag/?Id=FT-16712
Forbud om affyring af fyrværkeri af private,https://borgerforslag.dk/se-og-stoet-forslag/?Id=FT-16898
Vinterdæk for alle køretøjer på offentlige veje,https://borgerforslag.dk/se-og-stoet-forslag/?Id=FT-16858
Energibesparelse med afløbsvarmeveksler i offentlige og private brusebade.,https://borgerforslag.dk/se-og-stoet-forslag/?Id=FT-16763
Mærke- eller helligdag d. 14. januar,https://borgerforslag.dk/se-og-stoet-forslag/?Id=FT-16843
"Forslag til at overføre omkostninger ved ""særlige rådgivere"" til partierne eller ministrene selv",https://borgerforslag.dk/se-og-stoet-forslag/?Id=FT-16765
Danmark skal arbejde for at efterforske krigsforbrydelser begået af Israel,https://borgerforslag.dk/se-og-stoet-forslag/?Id=FT-16805
Energi zoner ved motorvejene,https://borgerforslag.dk/se-og-stoet-forslag/?Id=FT-16741
"Afskaf ministereftervederlag hos ministre, der har været ansat under ét år i Folketinget.",https://borgerforslag.dk/se-og-stoet-forslag/?Id=FT-16822
UDFASNING AF 1000 kr sedler,https://borgerforslag.dk/se-og-stoet-forslag/?Id=FT-16693
Uddannelse i kritisk tænkning og transparens vedrørende UFO/ET-emnet i folkeskolens øvre klassetrin,https://borgerforslag.dk/se-og-stoet-forslag/?Id=FT-16642
Danmark skal kæmpe for varig våbenhvile mellem de palæstinensiske militante grupper og Israel og for løsladelse af alle gidsler,https://borgerforslag.dk/se-og-stoet-forslag/?Id=FT-16611
Lov mod at kvalificeret flertal kan forhindre uvildige advokat-eller dommerundersøgelser.,https://borgerforslag.dk/se-og-stoet-forslag/?Id=FT-16709
Fremrykning af regulering af folkepensionen,https://borgerforslag.dk/se-og-stoet-forslag/?Id=FT-16676
Fratagelse af dyrlægers autorisation i forbindelse med manglende indberetning af vanrøgt af dyr,https://borgerforslag.dk/se-og-stoet-forslag/?Id=FT-16408
Lad queer mænd donere blod!,https://borgerforslag.dk/se-og-stoet-forslag/?Id=FT-16661
Lovændring om begrænsning af beføjelserne for Skattestyrelsen og Gældsstyrelsen,https://borgerforslag.dk/se-og-stoet-forslag/?Id=FT-16663
Omsorgskatte og tryghedskatte SKULLE gerne kunne flytte ind i den almene boligsektor,https://borgerforslag.dk/se-og-stoet-forslag/?Id=FT-16644
CPR-nummer må aldrig kunne stå alene som identifikation. Dette for at forhindre identitetstyveri.,https://borgerforslag.dk/se-og-stoet-forslag/?Id=FT-16513
Stop for WHO's Pandemitraktat til maj 2024,https://borgerforslag.dk/se-og-stoet-forslag/?Id=FT-16375
Ændring af den nye lovgivning om børne/ungeydelsen,https://borgerforslag.dk/se-og-stoet-forslag/?Id=FT-16550
Det skal være lovpligtigt at køre med vinterdæk i vinterhalvåret .,https://borgerforslag.dk/se-og-stoet-forslag/?Id=FT-16508
Fremtidens folkeskole,https://borgerforslag.dk/se-og-stoet-forslag/?Id=FT-16519
Mette Frederiksen bør fratræde sin stilling som statsminister,https://borgerforslag.dk/se-og-stoet-forslag/?Id=FT-16622
Centraliser eksekveringen af behandlingsstrukturen!,https://borgerforslag.dk/se-og-stoet-forslag/?Id=FT-16535
Bevar kontanthjælpstillæg til psykisk sårbare,https://borgerforslag.dk/se-og-stoet-forslag/?Id=FT-16442
Styrk borgerens retssikkerhed: Opret Styrelsen for Kommunal klagehåndtering nu!,https://borgerforslag.dk/se-og-stoet-forslag/?Id=FT-16421
Stop eller nedsæt renten til maks. 2% på skattegæld !,https://borgerforslag.dk/se-og-stoet-forslag/?Id=FT-16482
Likvid formue,https://borgerforslag.dk/se-og-stoet-forslag/?Id=FT-16479
Fjernelse af Befordringsfradrag og nedsæt afgift på benzin / diesel.,https://borgerforslag.dk/se-og-stoet-forslag/?Id=FT-16536
Fastlægning af en fælles vinterferie i hele landet,https://borgerforslag.dk/se-og-stoet-forslag/?Id=FT-16514
Påbud om vinterdæk,https://borgerforslag.dk/se-og-stoet-forslag/?Id=FT-16614
"Mulighed for at bryde anonymitet, ved mistanke om misbrug af midler, i forbindelse med anonyme underretninger i børnesager",https://borgerforslag.dk/se-og-stoet-forslag/?Id=FT-16546
Krigen i Gaza - 10 konkrete handlekrav til den danske regering,https://borgerforslag.dk/se-og-stoet-forslag/?Id=FT-16575
"Skolemad til alle, i hele Danmark. Skolemad kan bruges som nøgle, til at løse udfordringer med trivsel, sundhed og grøn omstilling",https://borgerforslag.dk/se-og-stoet-forslag/?Id=FT-16446
Mistillidsvotum til Statsministeren og regeringen,https://borgerforslag.dk/se-og-stoet-forslag/?Id=FT-16380
Bedre vilkår for pensionister.,https://borgerforslag.dk/se-og-stoet-forslag/?Id=FT-16393
Borgerforslag om stop for udledningen af kvælstof,https://borgerforslag.dk/se-og-stoet-forslag/?Id=FT-16385
Myndighederne skal ikke kunne underkende gaver givet på dødslejet,https://borgerforslag.dk/se-og-stoet-forslag/?Id=FT-16371
Lavere priser på offentlig transport,https://borgerforslag.dk/se-og-stoet-forslag/?Id=FT-16345
Ledsager for borger over 67,https://borgerforslag.dk/se-og-stoet-forslag/?Id=FT-16211
Stop for salg af nikotinprodukter - Løbende udfasning over 15 år,https://borgerforslag.dk/se-og-stoet-forslag/?Id=FT-16333
Reduktion af Danmarks samlede økologiske fodaftryk ved forbrugsregulering gennem differentieret moms og afgifter.,https://borgerforslag.dk/se-og-stoet-forslag/?Id=FT-16328
Stop regel-tyranniet og lad foreningslivet blomstre igen!,https://borgerforslag.dk/se-og-stoet-forslag/?Id=FT-16316
Skattesystemet skal på skoleskemaet,https://borgerforslag.dk/se-og-stoet-forslag/?Id=FT-16347
Bliver forældreansvarsloven misbrugt,https://borgerforslag.dk/se-og-stoet-forslag/?Id=FT-16250
Opkøb 6000 kvadratkilometer landbrugsjord til genetablering af sunde økosystemer herunder reduktion af iltsvind i de indre danske farvande,https://borgerforslag.dk/se-og-stoet-forslag/?Id=FT-16302
"16 ugers betalt sorgorlov ved tab af partner, forælder eller søskende samt opkald vedr. sorghjælp indenfor 1 måned efter tab.",https://borgerforslag.dk/se-og-stoet-forslag/?Id=FT-16179
Strafskærpelse for partnerdrab,https://borgerforslag.dk/se-og-stoet-forslag/?Id=FT-16197
Anerkendelse af Palæstina som selvstændig stat,https://borgerforslag.dk/se-og-stoet-forslag/?Id=FT-16181
"Danmark skal fordømme israelske krigsforbrydelser i Gaza, øge dansk bistand til Palæstina og arbejde for en politisk løsning på konflikten",https://borgerforslag.dk/se-og-stoet-forslag/?Id=FT-16218
Stop det forestående folkedrab på 2 millioner palæstinensere i Gaza,https://borgerforslag.dk/se-og-stoet-forslag/?Id=FT-16153
Retslig undersøgelse af politiets handlinger i sagen om den forsvundne Farhad Ibrahim og andre sager hvor Politiet har misbrugt deres magt.,https://borgerforslag.dk/se-og-stoet-forslag/?Id=FT-16175
Dobbelt straf til politiet ved ulovlig magtanvendelse.,https://borgerforslag.dk/se-og-stoet-forslag/?Id=FT-16134
"Forsvundet person med sidste kontakt til politiet, oversendes til uvildig politikreds for eftersøgning.",https://borgerforslag.dk/se-og-stoet-forslag/?Id=FT-16111
"Mulig falsk vidne forklaring eller bevisforvanskning foretaget af politiet, skal alene afgøres af domstol.",https://borgerforslag.dk/se-og-stoet-forslag/?Id=FT-16130
Bevar fyrværkeriloven som den er,https://borgerforslag.dk/se-og-stoet-forslag/?Id=FT-16129
"""Offentlig energiplanlægning tilrettelægges ud fra, at kernekraft generation 3 og 4 hurtigst muligt skal anvendes""",https://borgerforslag.dk/se-og-stoet-forslag/?Id=FT-16135
"Drop afgangsprøver i grundskolen, og prioriter tid til læring i stedet",https://borgerforslag.dk/se-og-stoet-forslag/?Id=FT-16044
Videodokumentering af politiforretninger,https://borgerforslag.dk/se-og-stoet-forslag/?Id=FT-16034
Privatøkonomi skal være et obligatorisk fag i folkeskolen og på alle ungdomsuddannelser,https://borgerforslag.dk/se-og-stoet-forslag/?Id=FT-16139
"Lovkrav om tydelig mærkning / oplysning / fravalg af skadelige fødevarer der sikrer borgerne sundhed, samt et frit og informeret valg.",https://borgerforslag.dk/se-og-stoet-forslag/?Id=FT-16087
Beboere langs statens veje skal beskyttes mod sundhedsskadelig trafikstøj og støjgrænsen skal fastsættes ud fra et forsigtighedshensyn,https://borgerforslag.dk/se-og-stoet-forslag/?Id=FT-16035
Forbyd mod vanærende hærværk mod hellige skrifter,https://borgerforslag.dk/se-og-stoet-forslag/?Id=FT-16151
Uvildig besigtigelse ved fraflytning af lejeboliger.,https://borgerforslag.dk/se-og-stoet-forslag/?Id=FT-15959
Borgerforslag om statsreguleret salg af cannabis i en 5-årig prøveperiode,https://borgerforslag.dk/se-og-stoet-forslag/?Id=FT-16014
Folkeskolens budget skal rykkes fra kommunalbestyrelserne til undervisningsministeriet.,https://borgerforslag.dk/se-og-stoet-forslag/?Id=FT-15989
Kammerjunker og koldskål som Danmarks nye nationalret,https://borgerforslag.dk/se-og-stoet-forslag/?Id=FT-15801
Fast parkeringstilladelse og parkering til ansatte i den udekørende sygepleje/hjemmepleje.,https://borgerforslag.dk/se-og-stoet-forslag/?Id=FT-15911
Drop skat på folkepension,https://borgerforslag.dk/se-og-stoet-forslag/?Id=FT-15856
Billig offentlig transport,https://borgerforslag.dk/se-og-stoet-forslag/?Id=FT-15955
Udskydelse eller afskaffelse af det nye ejendomsvurderingsystem,https://borgerforslag.dk/se-og-stoet-forslag/?Id=FT-15966
Halver registreringsafgift på alle typebiler,https://borgerforslag.dk/se-og-stoet-forslag/?Id=FT-16065
Forkortet sagsbehandling for syge borgere i jobcenter.,https://borgerforslag.dk/se-og-stoet-forslag/?Id=FT-15946
Fratrædelsen godtgørelser,https://borgerforslag.dk/se-og-stoet-forslag/?Id=FT-16067
Ny rubrik på fremtidige stemmesedler til folkeafstemninger,https://borgerforslag.dk/se-og-stoet-forslag/?Id=FT-15935
Stop for fratrædelsesgodtgørelse ved ophør af offentlig stilling,https://borgerforslag.dk/se-og-stoet-forslag/?Id=FT-16005
Dobbelttogt til Georg Stage,https://borgerforslag.dk/se-og-stoet-forslag/?Id=FT-15909
Borgerforslag om fuld fridag til veteraner på Den Nationale Flagdag,https://borgerforslag.dk/se-og-stoet-forslag/?Id=FT-16003
Tilbagekald alle de nye ejendomsvurderinger,https://borgerforslag.dk/se-og-stoet-forslag/?Id=FT-15902
SU-Handicaptillæg til alle uddannelser der er SU berettiget.,https://borgerforslag.dk/se-og-stoet-forslag/?Id=FT-15927
Offentlig pligt til overtagelse af ejendom eller grund.,https://borgerforslag.dk/se-og-stoet-forslag/?Id=FT-15974
Ejendomsvurderinger på baggrund af faktiske vurderinger af vurderingspersoner,https://borgerforslag.dk/se-og-stoet-forslag/?Id=FT-15949
Afskaf anonyme underretninger,https://borgerforslag.dk/se-og-stoet-forslag/?Id=FT-15920
"Annuller aktuelle ejendomsvurderinger, indtil kvalitetsgennemgang af fejlmargin er gennemført.",https://borgerforslag.dk/se-og-stoet-forslag/?Id=FT-15896
Stop for salg af alkohol til unge under 18 år!,https://borgerforslag.dk/se-og-stoet-forslag/?Id=FT-15867
National handlingsplan for målrettet udredning af kvinder og mænd med (neuropatiske) smerter i bækkenbunden samt plan for behandling.,https://borgerforslag.dk/se-og-stoet-forslag/?Id=FT-15891
Ejendomsvurdering salg til staten,https://borgerforslag.dk/se-og-stoet-forslag/?Id=FT-15824
Pligt for staten til at erhverve ejerboliger til en værdi svarende til den offentlige vurdering minus 20 procent,https://borgerforslag.dk/se-og-stoet-forslag/?Id=FT-15847
Ejendomsvurderinger tilbagetrækkes,https://borgerforslag.dk/se-og-stoet-forslag/?Id=FT-15864
Staten skal være forpligtet til at købe ejendomme til den nye vurdering,https://borgerforslag.dk/se-og-stoet-forslag/?Id=FT-15849
Henvisning til hudlæge bør afskaffes.,https://borgerforslag.dk/se-og-stoet-forslag/?Id=FT-15822
Forældre skal have ret til at sine børns læge journaler.,https://borgerforslag.dk/se-og-stoet-forslag/?Id=FT-15826
afskaf dansk på A niveau på gymnasiet,https://borgerforslag.dk/se-og-stoet-forslag/?Id=FT-15697
Bedre vilkår for kejsersnit - forslag om tilbud om henvisning til fysioterapeutisk genoptræning i offentligt regi ved behov efter kejsersnit,https://borgerforslag.dk/se-og-stoet-forslag/?Id=FT-15786
Hunde skal altid føres i snor,https://borgerforslag.dk/se-og-stoet-forslag/?Id=FT-15745
"Forslag til dækning af kirurgisk behandling (fedtsugning) af sygdommen Lipødem, i offentligt regi",https://borgerforslag.dk/se-og-stoet-forslag/?Id=FT-15807
Ophævelse af Anti Doping Danmarks ret til at udføre dopingkontroller i danske motionscentre,https://borgerforslag.dk/se-og-stoet-forslag/?Id=FT-15575
"4 måneders sorgorlov, i forbindelse med dødsfald, til den tilbageværende forælder med børn under 18 år.",https://borgerforslag.dk/se-og-stoet-forslag/?Id=FT-15689
Fjern registreringsafgiften på biler for værdi på over 200.000 DKK,https://borgerforslag.dk/se-og-stoet-forslag/?Id=FT-15712
Stop fossil ekspansion ved Elly-Luke og i resten af Nordsøen,https://borgerforslag.dk/se-og-stoet-forslag/?Id=FT-15833
nedsættelse af fødevaremoms.,https://borgerforslag.dk/se-og-stoet-forslag/?Id=FT-15769
"Alle medarbejdere i kommunale og private dagtilbud, skole og fritidsordning skal have et opdateret førstehjælpskursus til babyer/børn",https://borgerforslag.dk/se-og-stoet-forslag/?Id=FT-15740
Sænk valgretsalderen til 16 år til EP-valg,https://borgerforslag.dk/se-og-stoet-forslag/?Id=FT-15667
Støtte til adopterede,https://borgerforslag.dk/se-og-stoet-forslag/?Id=FT-15691
Gør det Strafbart at lyve i familieretssager,https://borgerforslag.dk/se-og-stoet-forslag/?Id=FT-15676
Genindførsel af tilskud til Cøliakipatienter,https://borgerforslag.dk/se-og-stoet-forslag/?Id=FT-15564
Oprettelse af koalition til beskyttelse af civile skibe i Sortehavet.,https://borgerforslag.dk/se-og-stoet-forslag/?Id=FT-15581
Kørsel over Storebælt skal være gratis,https://borgerforslag.dk/se-og-stoet-forslag/?Id=FT-15531
Ændring af Boafgiftsloven: Ligestilling af boafgift mellem ægtefæller og ugifte samlevende,https://borgerforslag.dk/se-og-stoet-forslag/?Id=FT-15557
Tjek af ID på børn/unge i forretninger.,https://borgerforslag.dk/se-og-stoet-forslag/?Id=FT-15613
Brandtomter skal ryddes før udbetaling af brandforsikring,https://borgerforslag.dk/se-og-stoet-forslag/?Id=FT-15598
Sæt skatten ned på indtjening af aktier,https://borgerforslag.dk/se-og-stoet-forslag/?Id=FT-15618
Mette Frederiksen! Træd af! Du skader folkestyret og retsstaten!,https://borgerforslag.dk/se-og-stoet-forslag/?Id=FT-15627
Nedsættelse af elafgiften.,https://borgerforslag.dk/se-og-stoet-forslag/?Id=FT-15608
Styrk politiets indsats mod hadforbrydelser!,https://borgerforslag.dk/se-og-stoet-forslag/?Id=FT-15366
Barnets lov bør afskaffes,https://borgerforslag.dk/se-og-stoet-forslag/?Id=FT-15624
Oprettelse af et nationalt obligatorisk fag på pædagog- og læreruddannelsen i mistrivsel og konflikthåndtering,https://borgerforslag.dk/se-og-stoet-forslag/?Id=FT-15594
Bevar dankortet. Det er verdens billigste betalingsløsning. Bankerne skal tvinges til at tilbyde dankortet. Også i “smarte“ betalinger.,https://borgerforslag.dk/se-og-stoet-forslag/?Id=FT-15582
Førtids - og Folkepensionister har tabt kampen om ligestilling og bliver forskelsbehandlet i Danmark.,https://borgerforslag.dk/se-og-stoet-forslag/?Id=FT-15444
Portal til venteliste til psykolog og psykiater,https://borgerforslag.dk/se-og-stoet-forslag/?Id=FT-15493
Børne ungeydelse udbetales bopælsforældren,https://borgerforslag.dk/se-og-stoet-forslag/?Id=FT-15532
Alle skal bruge cykelhjelm!,https://borgerforslag.dk/se-og-stoet-forslag/?Id=FT-15505
Tobaksafgiften sættes op svarende til 100 kr. for en pakke 20 styks cigaretter,https://borgerforslag.dk/se-og-stoet-forslag/?Id=FT-15537
"Fradrag for Reparation af Tøj, Biler og Elektronik",https://borgerforslag.dk/se-og-stoet-forslag/?Id=FT-15453
Forbyd privatfly i Danmark for klimaets skyld,https://borgerforslag.dk/se-og-stoet-forslag/?Id=FT-15490
Forslag om ændring af lov om fornyelse af kørekort,https://borgerforslag.dk/se-og-stoet-forslag/?Id=FT-15477
Pas omkostnings reduktion for befolkning over 18.,https://borgerforslag.dk/se-og-stoet-forslag/?Id=FT-15371
obligatorisk undervisning i tegnsprog i folkeskolen.,https://borgerforslag.dk/se-og-stoet-forslag/?Id=FT-15483
Øget retssikkerhed i sagsgange,https://borgerforslag.dk/se-og-stoet-forslag/?Id=FT-15368
Ytringsfrihed,https://borgerforslag.dk/se-og-stoet-forslag/?Id=FT-15292
Koranafbrændinger mv.,https://borgerforslag.dk/se-og-stoet-forslag/?Id=FT-15462
Arveafgift på 0% for nærmeste familie.,https://borgerforslag.dk/se-og-stoet-forslag/?Id=FT-15254
gratis kollektiv transport (GCTB),https://borgerforslag.dk/se-og-stoet-forslag/?Id=FT-15335
Krisecentre for børn og unge,https://borgerforslag.dk/se-og-stoet-forslag/?Id=FT-15338
Hygiejne for alle - Gratis hygiejneprodukter til alle kvinder på offentlige toiletter i Danmark,https://borgerforslag.dk/se-og-stoet-forslag/?Id=FT-15332
Mulighed for at søge om handicaptillæg uden at være optaget på et studie,https://borgerforslag.dk/se-og-stoet-forslag/?Id=FT-15311
Partering af lig skal give højere straf end 6 måneder - Skærpelse af straffelovens Paragraf 139,https://borgerforslag.dk/se-og-stoet-forslag/?Id=FT-15141
"Ændring af folkeskolelovens § 50, stk. 2 (Solidarisk hæftelse)",https://borgerforslag.dk/se-og-stoet-forslag/?Id=FT-15276
Sommersolhverv med tilladelse til afbrænding af bål,https://borgerforslag.dk/se-og-stoet-forslag/?Id=FT-15280
Forslag om ændring af pensionsordninger for Folketingets medlemmer.,https://borgerforslag.dk/se-og-stoet-forslag/?Id=FT-15176
Indfør dyrepoliti og ændre dyreværnsloven - til større straf.,https://borgerforslag.dk/se-og-stoet-forslag/?Id=FT-15177
Permanent afskaffelse af EL afgiften,https://borgerforslag.dk/se-og-stoet-forslag/?Id=FT-15221
Elafgiften ændres til 8 øre pr. kWh,https://borgerforslag.dk/se-og-stoet-forslag/?Id=FT-15076
Ophøj flagningsbekendtgørelsen til lov,https://borgerforslag.dk/se-og-stoet-forslag/?Id=FT-15201
Kriminalisering af hemmeligholdelse af information om tilstedeværelsen af extraterrestrials på jorden.,https://borgerforslag.dk/se-og-stoet-forslag/?Id=FT-15186
Socialrådgivere skal have autorisation nu.,https://borgerforslag.dk/se-og-stoet-forslag/?Id=FT-15210
Ansatte i eget ApS eller A/S skal kunne overdrage 9 ugers øremærket barsel,https://borgerforslag.dk/se-og-stoet-forslag/?Id=FT-15168
Giv forældre ret til selv at bestemme over deres barsel,https://borgerforslag.dk/se-og-stoet-forslag/?Id=FT-15096
Borgerforslag om fjernelse af indskudsloft og ændring af beskatningsform på aktiesparekontoen,https://borgerforslag.dk/se-og-stoet-forslag/?Id=FT-15121
"Den danske regering skal kræve, at Færøerne bliver optaget i IOC, så de færøske atleter kan stille op til OL under eget flag.",https://borgerforslag.dk/se-og-stoet-forslag/?Id=FT-15061
Børn og unge med synsproblemer skal have gratis briller uafhængig af deres forældres indkomst.,https://borgerforslag.dk/se-og-stoet-forslag/?Id=FT-15092
Tilskud til MME(modermælkserstatning),https://borgerforslag.dk/se-og-stoet-forslag/?Id=FT-15024
"Mere orlov når man mister et barn, et barn over 18 år",https://borgerforslag.dk/se-og-stoet-forslag/?Id=FT-14993
Ændring af lovgivning ifht. destruktion af fysisk bevismateriale i voldtægtssager.,https://borgerforslag.dk/se-og-stoet-forslag/?Id=FT-15094
Fri ret til installation af mindre solkraft anlæg i boliger/huse,https://borgerforslag.dk/se-og-stoet-forslag/?Id=FT-15081
Mulighed for Special pædagogisk støtte (SPS) til unge på en ASF-linje på gymnasierne.,https://borgerforslag.dk/se-og-stoet-forslag/?Id=FT-15052
Forbud mod fyrværkeri i dyrenes ynglesæson,https://borgerforslag.dk/se-og-stoet-forslag/?Id=FT-15086
Sænke eller fjerne afgiften på frugt og grønt.,https://borgerforslag.dk/se-og-stoet-forslag/?Id=FT-14999
Den politiske stavnsbinding af fagforbundsmedlemmer skal ophøre.,https://borgerforslag.dk/se-og-stoet-forslag/?Id=FT-15068
Ligestilling i krisehjælp,https://borgerforslag.dk/se-og-stoet-forslag/?Id=FT-15064
Tænder med i sundhedsreformen,https://borgerforslag.dk/se-og-stoet-forslag/?Id=FT-15019
Juridisk Abort ligestilling,https://borgerforslag.dk/se-og-stoet-forslag/?Id=FT-14893
Mulighed for uddannelse: justering af kandidatreglen,https://borgerforslag.dk/se-og-stoet-forslag/?Id=FT-15051
Genindførelse af Store Bededag som helligdag,https://borgerforslag.dk/se-og-stoet-forslag/?Id=FT-14998
Inkluder en mere bæredygtig vinbeholder i det danske pantsystem,https://borgerforslag.dk/se-og-stoet-forslag/?Id=FT-14869
fremme dyrevelfærden: Forbyd salg af levende krebsdyr,https://borgerforslag.dk/se-og-stoet-forslag/?Id=FT-14975
"Obligatorisk oplysning og undervisning om konsekvensen af overgreb, senfølger efter overgreb skal indgå i seksualundervisning i folkeskolen.",https://borgerforslag.dk/se-og-stoet-forslag/?Id=FT-14960
Genindfør Store Bededag,https://borgerforslag.dk/se-og-stoet-forslag/?Id=FT-14854
Forbyd salg af levende krebsdyr,https://borgerforslag.dk/se-og-stoet-forslag/?Id=FT-14913
"Bevar de små landbrug og deres naturområder, flora, fauna og biodiversitet og undgå affolkning af landområderne.",https://borgerforslag.dk/se-og-stoet-forslag/?Id=FT-14881
Støt cirkulær økonomi: Afskaf brugtmomsen!,https://borgerforslag.dk/se-og-stoet-forslag/?Id=FT-14936
Afskaf udviklingsbistanden og lad danskerne beholde deres penge selv.,https://borgerforslag.dk/se-og-stoet-forslag/?Id=FT-14878
Biler og andre køretøjers lygteføring,https://borgerforslag.dk/se-og-stoet-forslag/?Id=FT-14883
Børnebidrag giver lovmæssigt betaleren ret til at se sit barn medmindre anden afgørelse foreligger,https://borgerforslag.dk/se-og-stoet-forslag/?Id=FT-14723
Optimering af mulighed for pasning af eget barn,https://borgerforslag.dk/se-og-stoet-forslag/?Id=FT-14935
Stop Onkel Reje sager i fremtiden. Vi ønsker at der laves nogle tiltag på SoMe som sikrer borgere i ikke at blive angrebet af grupper.,https://borgerforslag.dk/se-og-stoet-forslag/?Id=FT-14920
Regulering af sociale medier,https://borgerforslag.dk/se-og-stoet-forslag/?Id=FT-14900
Folkets Borgerløn,https://borgerforslag.dk/se-og-stoet-forslag/?Id=FT-14902
Kreative fag igennem hele folkeskolen,https://borgerforslag.dk/se-og-stoet-forslag/?Id=FT-14868
STOP OG LUK MOLS LABORATORIET OG RED DE STAKKELS DYR,https://borgerforslag.dk/se-og-stoet-forslag/?Id=FT-14860
Opgradering af ledsagerordning til handicappede,https://borgerforslag.dk/se-og-stoet-forslag/?Id=FT-14759
Indførelse af en lov om minimumsalder på 15 år for brugen af sociale medier i Danmark.,https://borgerforslag.dk/se-og-stoet-forslag/?Id=FT-14716
Beslutningsforslag for at forbedre vilkårene for Schweisshundeførerne og dyrevelfærden for hjortevildtet i Danmark.,https://borgerforslag.dk/se-og-stoet-forslag/?Id=FT-14753
Danmark skal opfylde WHO’s luftkvalitetskriterier inden 2030,https://borgerforslag.dk/se-og-stoet-forslag/?Id=FT-14756
"Ønske om register over sexforbrydere i Danmark, samt højere domme til pædofile og voldtægtsforbrydere. Oftere brug af forvaringsdomme.",https://borgerforslag.dk/se-og-stoet-forslag/?Id=FT-14840
Nej til kirurgisk og medicinsk kønsskifte af børn og unge under 18 år.,https://borgerforslag.dk/se-og-stoet-forslag/?Id=FT-14799
Ekstra fradrag for elever på erhvervsuddannelser,https://borgerforslag.dk/se-og-stoet-forslag/?Id=FT-14718
Lovforslag om ændring af regler for A1-kørekort til større motorcykler,https://borgerforslag.dk/se-og-stoet-forslag/?Id=FT-14748
Forslag om ændring af lovgivning om barnets ret til at blive passet hjemme af primær omsorgsperson ved almen sygdom.,https://borgerforslag.dk/se-og-stoet-forslag/?Id=FT-14709
VIL DU HAVE EN 48 METER HØJ MOBILMAST STÅENDE I BAGHAVEN ELLER I NATUREN?,https://borgerforslag.dk/se-og-stoet-forslag/?Id=FT-14688
Rettigheden til at bestemme over egen overskydende strøm.,https://borgerforslag.dk/se-og-stoet-forslag/?Id=FT-14614
"Navneforbud for børn og unge, udsat for vold og overgreb.",https://borgerforslag.dk/se-og-stoet-forslag/?Id=FT-14779
statsgaranti på lån til grøn omstilling,https://borgerforslag.dk/se-og-stoet-forslag/?Id=FT-14607
Støt friluftslivet ved at lempe lovgivningen for tilladelse til at opstille saunaer langs kysterne om vinteren,https://borgerforslag.dk/se-og-stoet-forslag/?Id=FT-14603
"Lovgivning om kompensation for værditab på ejendomme nær fremtidige biogasanlæg samt klar lovgivning om afstandskrav, trafik- og lugtgener.",https://borgerforslag.dk/se-og-stoet-forslag/?Id=FT-14696
aldersgrænse på køb af energidrik,https://borgerforslag.dk/se-og-stoet-forslag/?Id=FT-14685
forvaltningsdomstol til retssikkerhed for borgerne,https://borgerforslag.dk/se-og-stoet-forslag/?Id=FT-14596
Ø-SU til unge under 18 år med bopæl på en af de 27 danske småøer.,https://borgerforslag.dk/se-og-stoet-forslag/?Id=FT-14576
Ikke-objektiv ændring af omregningsskalaen for IB-karakterer i Danmark,https://borgerforslag.dk/se-og-stoet-forslag/?Id=FT-14550
"Lette handicappedes og gangbesværedes færden, når der renoveres eller etableres eksisterende eller nye veje og fortove med kantsten",https://borgerforslag.dk/se-og-stoet-forslag/?Id=FT-14535
Gratis offentlig transport for studerende med SU,https://borgerforslag.dk/se-og-stoet-forslag/?Id=FT-14519
Revidering af Sundhedslovens §166 - Sidestil al sygdom med følger i tænderne med anden sygdom i kroppen,https://borgerforslag.dk/se-og-stoet-forslag/?Id=FT-14448
Retten til at bære hinandens børn - lovliggørelse af partnerægdonation (vol.2),https://borgerforslag.dk/se-og-stoet-forslag/?Id=FT-14502
Ændring af Færdselsloven,https://borgerforslag.dk/se-og-stoet-forslag/?Id=FT-14453
Forbud mod alle former for spilreklamer på alle medier.,https://borgerforslag.dk/se-og-stoet-forslag/?Id=FT-14451
Regeringsskat,https://borgerforslag.dk/se-og-stoet-forslag/?Id=FT-14446
Stop tech-industriens kommercielle udnyttelse af danske børn &amp; unge!,https://borgerforslag.dk/se-og-stoet-forslag/?Id=FT-14449
Personer med insulinkrævende diabetes skal have ret til at få tildelt en sensorbaseret glukosemåler,https://borgerforslag.dk/se-og-stoet-forslag/?Id=FT-14383
Udskiftning af dans i idrætundervisningen med alternative aktiviteter,https://borgerforslag.dk/se-og-stoet-forslag/?Id=FT-14432
Lovgivning om hundehold,https://borgerforslag.dk/se-og-stoet-forslag/?Id=FT-14278
Den gode overgang fra almenklassen til specialklasse,https://borgerforslag.dk/se-og-stoet-forslag/?Id=FT-14408
Overlevering mellem institutioner,https://borgerforslag.dk/se-og-stoet-forslag/?Id=FT-14345
Inddragelse af dansk søterritorium skal kræve politisk flertal i Folketinget.,https://borgerforslag.dk/se-og-stoet-forslag/?Id=FT-14316
Danmark skal ikke tilslutte sig Verdenssundhedsorganisationens (WHO) international pandemitraktat.,https://borgerforslag.dk/se-og-stoet-forslag/?Id=FT-14389
Skat stjæler dine penge,https://borgerforslag.dk/se-og-stoet-forslag/?Id=FT-14398
Fuld deklaration på legetøj solgt i Danmark,https://borgerforslag.dk/se-og-stoet-forslag/?Id=FT-14377
Krav om fast og ens pris eller tilskud til mme (modermælkserstatning),https://borgerforslag.dk/se-og-stoet-forslag/?Id=FT-14179
Superligafodbold på DR,https://borgerforslag.dk/se-og-stoet-forslag/?Id=FT-14259
"Revurdering og nødvendig ændring af de nye dagpengeregler ift. dimittendsatsen for nyuddannede, der træder i kraft d. 1. maj 2023.",https://borgerforslag.dk/se-og-stoet-forslag/?Id=FT-14365
Tilskud til receptpligtig vægttabsmedicin,https://borgerforslag.dk/se-og-stoet-forslag/?Id=FT-14337
Stop for ekstra stigning af busbilletpriser i 2023,https://borgerforslag.dk/se-og-stoet-forslag/?Id=FT-14355
Fri adgang til menstruationsprodukter,https://borgerforslag.dk/se-og-stoet-forslag/?Id=FT-14373
Udvidelse af samtykkelovgivningen til samtykke af præventionsmidler.,https://borgerforslag.dk/se-og-stoet-forslag/?Id=FT-14329
"Giv SU til studerende, når de fylder 18",https://borgerforslag.dk/se-og-stoet-forslag/?Id=FT-14268
Beskat de danske rederiers overskud,https://borgerforslag.dk/se-og-stoet-forslag/?Id=FT-14269
SU Handicaptillæg til gymnasiale uddannelser,https://borgerforslag.dk/se-og-stoet-forslag/?Id=FT-14324
Høje Elpriser.,https://borgerforslag.dk/se-og-stoet-forslag/?Id=FT-14330
Juridisk og automatisk ret til efterværn for unge anbragte,https://borgerforslag.dk/se-og-stoet-forslag/?Id=FT-14246
Brud på serviceloven skal pålægges straf,https://borgerforslag.dk/se-og-stoet-forslag/?Id=FT-14117
Lovlig helårlig bolig på campingpladser,https://borgerforslag.dk/se-og-stoet-forslag/?Id=FT-14181
Hurtigere grøn omstilling gennem vindmøller til landsbyerne,https://borgerforslag.dk/se-og-stoet-forslag/?Id=FT-14284
Politi/borger sikkerhed,https://borgerforslag.dk/se-og-stoet-forslag/?Id=FT-14244
Veteranbiler ændres fra 35 til 25 år,https://borgerforslag.dk/se-og-stoet-forslag/?Id=FT-14239
Genindfør “blasfemiparagrafen” som blev afskaffet i 2017,https://borgerforslag.dk/se-og-stoet-forslag/?Id=FT-14180
Modelbilleder på tøj-hjemmesider bør ændres til forskellige kropstyper,https://borgerforslag.dk/se-og-stoet-forslag/?Id=FT-14087
"Insekter kun til reptiler, fisk og fugle. Det er ikke menneskeføde.",https://borgerforslag.dk/se-og-stoet-forslag/?Id=FT-14049
Følelsesforståelse på skoleskemaet i folkeskolen!,https://borgerforslag.dk/se-og-stoet-forslag/?Id=FT-14142
Aldersgrænsen for familiesammenføring skal sættes ned!,https://borgerforslag.dk/se-og-stoet-forslag/?Id=FT-13855
Fradragsberettigede fertilitetsbehandlinger,https://borgerforslag.dk/se-og-stoet-forslag/?Id=FT-13987
"Udrykning fra hjem, til redningsbåd.",https://borgerforslag.dk/se-og-stoet-forslag/?Id=FT-13869
PFAS (per- og polyfluoroalkyl-stoffer),https://borgerforslag.dk/se-og-stoet-forslag/?Id=FT-13919
"Obligatorisk neutralisering af udekatte, samt obligatorisk ID mærkning.",https://borgerforslag.dk/se-og-stoet-forslag/?Id=FT-14153
Fradragsberettiget fertilitetsbehandling,https://borgerforslag.dk/se-og-stoet-forslag/?Id=FT-13952
Bevar gasfyrene - skift fra naturgas til biogas,https://borgerforslag.dk/se-og-stoet-forslag/?Id=FT-14050
Sundhedsfradrag - 6000 kr. årligt pr. person,https://borgerforslag.dk/se-og-stoet-forslag/?Id=FT-13900
Ændring af tidligere erhvervsarbejdes betydning for tildeling af handicaptillæg,https://borgerforslag.dk/se-og-stoet-forslag/?Id=FT-14027
PFAS skal stoppes i Danmark NU.,https://borgerforslag.dk/se-og-stoet-forslag/?Id=FT-13951
Frigivelse af Moderne Kampvogne til Ukraines Forsvar,https://borgerforslag.dk/se-og-stoet-forslag/?Id=FT-14091
National ID til rejse i Schengen,https://borgerforslag.dk/se-og-stoet-forslag/?Id=FT-14096
Lad politikerene’s arbejds og lønvilkår afspejle den almene danskers.,https://borgerforslag.dk/se-og-stoet-forslag/?Id=FT-13936
Varighed af Folketingets sommerferie ændres til 3 uger.,https://borgerforslag.dk/se-og-stoet-forslag/?Id=FT-14011
Produkter der indeholder kød skal mærkes med dato for slagtning.,https://borgerforslag.dk/se-og-stoet-forslag/?Id=FT-13789
Genindførelse af afskaffede helligdage,https://borgerforslag.dk/se-og-stoet-forslag/?Id=FT-13821
Byg en maxi-havn ved Glatved på Djursland - så er der kun én omladning mellem Østasien og Østeuropa,https://borgerforslag.dk/se-og-stoet-forslag/?Id=FT-13701
Folketinget skal sikre danskerne uafhængig grøn information,https://borgerforslag.dk/se-og-stoet-forslag/?Id=FT-13587
Reklame for gambling og betting skal være ulovligt i Danmark,https://borgerforslag.dk/se-og-stoet-forslag/?Id=FT-13709
"Stop for opdræt, indfangning og udsætning af fasaner, agerhøns og gråænder til jagt i Danmark",https://borgerforslag.dk/se-og-stoet-forslag/?Id=FT-13762
"Borgerforslag for ændring af 5-års-regel ved egenbetalt nedfrysning af æg, udtaget uden medicinsk indikation",https://borgerforslag.dk/se-og-stoet-forslag/?Id=FT-13751
"Lovgivning om implementering af blockchain teknologi i Danmark: En mulighed for økonomisk vækst, øget sikkerhed og frihed.",https://borgerforslag.dk/se-og-stoet-forslag/?Id=FT-13763
Flere bededage,https://borgerforslag.dk/se-og-stoet-forslag/?Id=FT-13874
Salg og brug af fyrværkeri til private skal forbydes ved lov,https://borgerforslag.dk/se-og-stoet-forslag/?Id=FT-13846
"Pensionen skal stige, når lønningerne stiger",https://borgerforslag.dk/se-og-stoet-forslag/?Id=FT-13761
Bevar seniorpensionen i sin nuværende form,https://borgerforslag.dk/se-og-stoet-forslag/?Id=FT-13650
Tillad cyklister at dreje til højre for rødt lys i lyskryds,https://borgerforslag.dk/se-og-stoet-forslag/?Id=FT-13684
Stop forhandlingerne vedrørende 1-årige kandidatuddannelser,https://borgerforslag.dk/se-og-stoet-forslag/?Id=FT-13573
Annuller regeringens verbalnote om Tibet,https://borgerforslag.dk/se-og-stoet-forslag/?Id=FT-13757
Stop udvisningerne til Iran!,https://borgerforslag.dk/se-og-stoet-forslag/?Id=FT-13599
Retfærdig afslutting til 3.gerne 2023,https://borgerforslag.dk/se-og-stoet-forslag/?Id=FT-13489
Fleksjob,https://borgerforslag.dk/se-og-stoet-forslag/?Id=FT-13597
Begræns tidsperioden for affyring af nytårsfyrværkeri,https://borgerforslag.dk/se-og-stoet-forslag/?Id=FT-13492
Forbyd salg af fyrværkeri til privatpersoner,https://borgerforslag.dk/se-og-stoet-forslag/?Id=FT-13482
Forbyd fyrværkeri eller begræns til kun den 31-12.,https://borgerforslag.dk/se-og-stoet-forslag/?Id=FT-13612
Forslag; fyrværkeri må kun fyres af fra 31.12 kl. 19.00 til 1.1. kl. 01.00.,https://borgerforslag.dk/se-og-stoet-forslag/?Id=FT-13610
"""Gør det til 16"" Stemmeret",https://borgerforslag.dk/se-og-stoet-forslag/?Id=FT-13526
Afskaf 1. maj i stedet for en helligdag.,https://borgerforslag.dk/se-og-stoet-forslag/?Id=FT-13547
Folkepension og arbejde,https://borgerforslag.dk/se-og-stoet-forslag/?Id=FT-13528
Fyrværkeriaffyring KUN på nytårsaften,https://borgerforslag.dk/se-og-stoet-forslag/?Id=FT-13546
Fyrværkeri skal være forbudt i danmark,https://borgerforslag.dk/se-og-stoet-forslag/?Id=FT-13238
Fyrværkeri forbudt til private,https://borgerforslag.dk/se-og-stoet-forslag/?Id=FT-13452
Bevar Storbededag og giv politikkerne 10% mindre i løn,https://borgerforslag.dk/se-og-stoet-forslag/?Id=FT-13359
Afskaffelse og forbud mod minkavl i Danmark,https://borgerforslag.dk/se-og-stoet-forslag/?Id=FT-13545
Hjælp til førtidspensionister her under inflationen.,https://borgerforslag.dk/se-og-stoet-forslag/?Id=FT-13520
HOLODOMOR SKAL BETEGNES SOM FOLKEDRAB,https://borgerforslag.dk/se-og-stoet-forslag/?Id=FT-13548
Anerkend Rusland som en statssponsor af terrorisme,https://borgerforslag.dk/se-og-stoet-forslag/?Id=FT-13559
Stop import af giftigt spildevand fra olieindustrien,https://borgerforslag.dk/se-og-stoet-forslag/?Id=FT-13383
Flyt St. Bededag til d. 18. oktober,https://borgerforslag.dk/se-og-stoet-forslag/?Id=FT-13337
Bevar Store Bededag i fremtiden,https://borgerforslag.dk/se-og-stoet-forslag/?Id=FT-13498
"Bevar Store Bede Dag, eller andre helligdage regeringen vil afskaffe.",https://borgerforslag.dk/se-og-stoet-forslag/?Id=FT-13499
Luk den iranske ambassade i Danmark,https://borgerforslag.dk/se-og-stoet-forslag/?Id=FT-13317
Teori/Køre-Prøve Booking Fungere Ikke,https://borgerforslag.dk/se-og-stoet-forslag/?Id=FT-13446
Reducering i udledningen af kvælstof fra landbrug.,https://borgerforslag.dk/se-og-stoet-forslag/?Id=FT-13431
Ved anmeldelser omkring børnemistrivsel oplyses navnet på den person som har valgt at indgive en anmeldelse.,https://borgerforslag.dk/se-og-stoet-forslag/?Id=FT-13427
Legalisering af aktiv dødshjælp,https://borgerforslag.dk/se-og-stoet-forslag/?Id=FT-13272
Mere gennemsigtighed i privat partistøtte til politiske partier,https://borgerforslag.dk/se-og-stoet-forslag/?Id=FT-13352
Afgiv en minusstemme til folktingsvalget,https://borgerforslag.dk/se-og-stoet-forslag/?Id=FT-13404
E-mail adresse portering ved skift af internet udbyder.,https://borgerforslag.dk/se-og-stoet-forslag/?Id=FT-13365
Suspendering af udligningsafgiften på dieseldrevne biler.,https://borgerforslag.dk/se-og-stoet-forslag/?Id=FT-13344
Fagligt uddannede folkepensionister og efterlønnere tilbage i plejehjemssektoren.,https://borgerforslag.dk/se-og-stoet-forslag/?Id=FT-13355
Kom Brint i Gasnettet Nu!,https://borgerforslag.dk/se-og-stoet-forslag/?Id=FT-13037
Accept af integrationsvillige flygtninge,https://borgerforslag.dk/se-og-stoet-forslag/?Id=FT-13263
Kønsneutralt CPR-nummer,https://borgerforslag.dk/se-og-stoet-forslag/?Id=FT-13172
Indfør nordamerikanske pungrotter i dansk natur for at bekæmpe flåter,https://borgerforslag.dk/se-og-stoet-forslag/?Id=FT-13181
Registreringsafgift,https://borgerforslag.dk/se-og-stoet-forslag/?Id=FT-13258
Borgerforslag - Væk med moms på mad og medicin!,https://borgerforslag.dk/se-og-stoet-forslag/?Id=FT-12991
Fjern SU'en for andre EU-borgere end danske statsborgere - og hæv SU'en for danske studerende for den besparelse der opnås.,https://borgerforslag.dk/se-og-stoet-forslag/?Id=FT-13242
"Lov om gratis professionel hjælp til børn og unge, når en forældre dør.",https://borgerforslag.dk/se-og-stoet-forslag/?Id=FT-13254
Reducer mængden af løse ude af kontrol hunde,https://borgerforslag.dk/se-og-stoet-forslag/?Id=FT-13207
Genbrug materialer i offentlig byggeri,https://borgerforslag.dk/se-og-stoet-forslag/?Id=FT-13213
Lovpligtig brug af baglygter,https://borgerforslag.dk/se-og-stoet-forslag/?Id=FT-13212
Lovkrav om uvildighed i asbestprøver,https://borgerforslag.dk/se-og-stoet-forslag/?Id=FT-13086
Flere ressourcer til sundhedsvæsnet,https://borgerforslag.dk/se-og-stoet-forslag/?Id=FT-12975
Fjern Arbejdsmarkedsbidrag,https://borgerforslag.dk/se-og-stoet-forslag/?Id=FT-13169
Private solcelle-ejere skal modregnes al deres egenproducerede strøm i deres elforbrug,https://borgerforslag.dk/se-og-stoet-forslag/?Id=FT-13024
"Forbud mod ophængning af valgagitatoriske meddelelser ifm valg til Folketing, Regionsråd og Kommunalbestyrelser",https://borgerforslag.dk/se-og-stoet-forslag/?Id=FT-13140
Mødrepenge,https://borgerforslag.dk/se-og-stoet-forslag/?Id=FT-13080
"Fjern fribeløbet for studerende på SU i den tid, hvor den studerende har valgt at arbejde fuldtid.",https://borgerforslag.dk/se-og-stoet-forslag/?Id=FT-12926
Beskat salg af ejendomme.,https://borgerforslag.dk/se-og-stoet-forslag/?Id=FT-12945
Tag Dong Energy (Ørsted) tilbage – Demokratiser el og varme i en krisetid.,https://borgerforslag.dk/se-og-stoet-forslag/?Id=FT-13102
Prostatakræft screening,https://borgerforslag.dk/se-og-stoet-forslag/?Id=FT-13087
Pant på cigaretskodder,https://borgerforslag.dk/se-og-stoet-forslag/?Id=FT-12981
"Fremhæv mælkeprodukters oprindelse, samt de ansattes vilkår ved produktionen",https://borgerforslag.dk/se-og-stoet-forslag/?Id=FT-12913
Suspendere forsøgerpligten for ægtepar hvor en ægtefælle er på kontanthkontanthjælp.,https://borgerforslag.dk/se-og-stoet-forslag/?Id=FT-12980
Stop forskelsbehandling! Alle danskfødte børn med lovligt ophold i Danmark skal have ret til dansk statsborgerskab ved fødsel.,https://borgerforslag.dk/se-og-stoet-forslag/?Id=FT-12942
få studiepolitikken ændret! man skalle ik kunne blive smidt ud pga af fravær fra valgfag,https://borgerforslag.dk/se-og-stoet-forslag/?Id=FT-12837
Inkorporering af FN's børnekonvention i Dansk lovgivning,https://borgerforslag.dk/se-og-stoet-forslag/?Id=FT-12661
Slut med papirreklamer - det skal være et tilvalg og ikke et fravalg,https://borgerforslag.dk/se-og-stoet-forslag/?Id=FT-12817
Folketingsvalg - forslag til at kunne vælge procentvis blandt partier/opstillede,https://borgerforslag.dk/se-og-stoet-forslag/?Id=FT-12852
Menneskerettigheder - Videooptagelse under politiafhøring,https://borgerforslag.dk/se-og-stoet-forslag/?Id=FT-12588
"Forslag om løntillæg til anæstesisygeplejersker, på baggrund af højt specialiseret uddannelse og med henblik på rekruttering og fastholdelse",https://borgerforslag.dk/se-og-stoet-forslag/?Id=FT-12731
"Forbud mod udendørs terrassevarmere og varmelamper på cafeer, restauranter og barer",https://borgerforslag.dk/se-og-stoet-forslag/?Id=FT-12710
Stem blankt en styrkelse af demokratiet. Lovfæstelse af optælling og offentliggørelse af blanke stemmer.,https://borgerforslag.dk/se-og-stoet-forslag/?Id=FT-12713
Indfør Afstandsafgift,https://borgerforslag.dk/se-og-stoet-forslag/?Id=FT-12789
Økonomisk hjælp til gaskunder : 75 % af de ekstra udgifter til forbrug og nyinvesteringer bør dækkes af staten,https://borgerforslag.dk/se-og-stoet-forslag/?Id=FT-12826
"Stop opdræt, produktion og handel af pels",https://borgerforslag.dk/se-og-stoet-forslag/?Id=FT-12650
En væsentlig styrkelse af Datatilsynets virke og autonomi til forebyggelse af identitetstyveri..,https://borgerforslag.dk/se-og-stoet-forslag/?Id=FT-12781
Lommeaskebægere skal være tilgængelige hos alle tobaksforhandlere i Danmark,https://borgerforslag.dk/se-og-stoet-forslag/?Id=FT-12827
Større tilslutning til grøn omstilling ved at give naboer til store transformator- og kabelanlæg kompensation for mistet ejendomsværdi,https://borgerforslag.dk/se-og-stoet-forslag/?Id=FT-12751
"Restauranter og take away steder skal pålægges, at oplyse om allergener i menukortet både fysisk og online",https://borgerforslag.dk/se-og-stoet-forslag/?Id=FT-12671
Aconto afregning og fjernaflæste målere skal være valgfrit i Danmark.,https://borgerforslag.dk/se-og-stoet-forslag/?Id=FT-12755
Højere SU som følge af inflation,https://borgerforslag.dk/se-og-stoet-forslag/?Id=FT-12507
Start skoledagen kl.09 fra 7. klasse og på ungdomsuddannelserne,https://borgerforslag.dk/se-og-stoet-forslag/?Id=FT-12722
"Nedsæt momssatsen på ""gode"" varer og serviceydelser",https://borgerforslag.dk/se-og-stoet-forslag/?Id=FT-12756
MitID og E-boks valgfri. Alternative analoge og digitale løsninger skal tilbydes. Nej tak til borgerservice' afkrydningsskema.,https://borgerforslag.dk/se-og-stoet-forslag/?Id=FT-12735
Unge skal starte psykologhjælp senest 1 måned efter henvisning. Behandlingsgaranti på 30 dage skal omfatte Den Vederlagsfrie Psykologordning,https://borgerforslag.dk/se-og-stoet-forslag/?Id=FT-12459
Afskåret sengeafsnit til forældre til dødfødte børn.,https://borgerforslag.dk/se-og-stoet-forslag/?Id=FT-12734
Frigiv træpiller til private forbrugere,https://borgerforslag.dk/se-og-stoet-forslag/?Id=FT-12766
En opdatering af sygesikringsbevis med billede så det kan bruges som rabat bevis feks at man er på overførselsindkomst samt give livsindhold,https://borgerforslag.dk/se-og-stoet-forslag/?Id=FT-12653
Digitalisering af folketingsvalget,https://borgerforslag.dk/se-og-stoet-forslag/?Id=FT-12681
Retssag om forældremyndighed,https://borgerforslag.dk/se-og-stoet-forslag/?Id=FT-12674
Borgerslag mod momspligt på undervisning,https://borgerforslag.dk/se-og-stoet-forslag/?Id=FT-12545
Forslag om lov om indfangning af vildtlevende katte,https://borgerforslag.dk/se-og-stoet-forslag/?Id=FT-12531
Vindmøller skal ikke standses,https://borgerforslag.dk/se-og-stoet-forslag/?Id=FT-12505
Proffesionsbachelor - Løn under praktik,https://borgerforslag.dk/se-og-stoet-forslag/?Id=FT-12621
Borgere ramt af sygdom – SKAL SELVFØLGELIG også have dagpenge på helligdage!!,https://borgerforslag.dk/se-og-stoet-forslag/?Id=FT-12488
Vinter støtte - børnefamilier,https://borgerforslag.dk/se-og-stoet-forslag/?Id=FT-12430
Nedsæt energiafgifterne og fjern momsen midlertidigt på energi,https://borgerforslag.dk/se-og-stoet-forslag/?Id=FT-12563
"Politiske tiltag til afhjælpning af den kritiske situation som er opstået for borgere i Danmark, som opvarmer bolig med træpillefyr.",https://borgerforslag.dk/se-og-stoet-forslag/?Id=FT-12573
Byg Atomkraftværker i Danmark,https://borgerforslag.dk/se-og-stoet-forslag/?Id=FT-12433
Fjern momsen på elektricitet,https://borgerforslag.dk/se-og-stoet-forslag/?Id=FT-12466
Energireducerende tiltag.,https://borgerforslag.dk/se-og-stoet-forslag/?Id=FT-12477
fjernelse af afgifter på El og Gas,https://borgerforslag.dk/se-og-stoet-forslag/?Id=FT-12483
Handicaptillæg til unge på gymnasiale uddannelser efter samme regler som videregående uddannelser og erhvervsuddannelser,https://borgerforslag.dk/se-og-stoet-forslag/?Id=FT-12321
"Væk med skatter, moms og afgifter på el og varme",https://borgerforslag.dk/se-og-stoet-forslag/?Id=FT-12452
Lovpligtigt at cykle med cykelhjelm på offentlig grund,https://borgerforslag.dk/se-og-stoet-forslag/?Id=FT-12444
SU forsørgertillæg til forældre som er separeret hvor barnet/børnene ikke har folkeregistre adresse. Evt. hæve satsen for SU og tillæg.,https://borgerforslag.dk/se-og-stoet-forslag/?Id=FT-12445
Gør opsætning af solceller fri. Bureaukrati stopper den almindelige fornuft.,https://borgerforslag.dk/se-og-stoet-forslag/?Id=FT-12439
Giv forældre retten til at kunne sige farvel i eget tempo og træffe velovervejede beslutninger omkring deres barns urne.,https://borgerforslag.dk/se-og-stoet-forslag/?Id=FT-12432
Sammenkobling af offentlige tilskud til medicin og tilskud til tandlæge,https://borgerforslag.dk/se-og-stoet-forslag/?Id=FT-12325
Sorgberedskab til familier med hjemmeboende børn som pludseligt eller tragisk mister mor eller far.,https://borgerforslag.dk/se-og-stoet-forslag/?Id=FT-12390
Retten til at bære hinandens børn - lovliggørelse af partnerægdonation,https://borgerforslag.dk/se-og-stoet-forslag/?Id=FT-12235
Fuld pension/Førtidspension til Thailand,https://borgerforslag.dk/se-og-stoet-forslag/?Id=FT-12381
Nej til at børn ned til 0 år skal have adgang til juridisk kønsskifte.,https://borgerforslag.dk/se-og-stoet-forslag/?Id=FT-12261
Hjemløse og voldsramte kvinder og børn skal have lige ret til psykologhjælp,https://borgerforslag.dk/se-og-stoet-forslag/?Id=FT-12380
: Ret til praktisk køreprøve indenfor 14 dage efter bestået teoriprøve,https://borgerforslag.dk/se-og-stoet-forslag/?Id=FT-12318
Børn med diabetes 1 skal sikres en tryg skolegang,https://borgerforslag.dk/se-og-stoet-forslag/?Id=FT-12317
Ingen liste med ulovlige hunderacer. Hundeejere skal godkendes.,https://borgerforslag.dk/se-og-stoet-forslag/?Id=FT-12308
"Indfør håndværkerfradrag igen til energiforbedringer, med tilbagevirkende kraft.",https://borgerforslag.dk/se-og-stoet-forslag/?Id=FT-12301
Billigere priser på ingredienser til glutenfri bagning.,https://borgerforslag.dk/se-og-stoet-forslag/?Id=FT-12161
Tilføjelse til LBK nr 294 af 07/03/2022. Folketingsloven.,https://borgerforslag.dk/se-og-stoet-forslag/?Id=FT-12271
Forslag om stop for reguleringsjagt på kronvildt,https://borgerforslag.dk/se-og-stoet-forslag/?Id=FT-12275
Tvungen brug af cykelhjelm,https://borgerforslag.dk/se-og-stoet-forslag/?Id=FT-12258
Stop diskussion om ændring af Fri Abortloven i Danmark.,https://borgerforslag.dk/se-og-stoet-forslag/?Id=FT-12205
Sygeplejerskeuddannelsen - Lønnet praktik,https://borgerforslag.dk/se-og-stoet-forslag/?Id=FT-12173
Med livet som indsats… Når erhvervsbetinget cancer rammer brandfolk.,https://borgerforslag.dk/se-og-stoet-forslag/?Id=FT-12210
"Handicapkørsel til folk, som på grund af demens ikke er i stand til selv at køre bil eller bruge offentlig transport.",https://borgerforslag.dk/se-og-stoet-forslag/?Id=FT-12078
Sygeplejerske har feminint suffiks. Navnet bør ændres officielt til ukønnet “sygeplejer”. Det vil gøre uddannelsen attraktiv for alle køn.,https://borgerforslag.dk/se-og-stoet-forslag/?Id=FT-12195
Styrk psykiatrien ved at legalisere cannabis og øremærk skatteindkomsten ved cannabis salg til psykiatrien,https://borgerforslag.dk/se-og-stoet-forslag/?Id=FT-12194
Advokatundersøgelse mhp sanktioner i minkskandalen,https://borgerforslag.dk/se-og-stoet-forslag/?Id=FT-12033
Mink kommissionen: Advokatundersøgelse for vurdering af politisk ansvar hos alle berørte ministre.,https://borgerforslag.dk/se-og-stoet-forslag/?Id=FT-12172
"Indførelse af en national fejringsdag hvor vi hylder mangfoldigheden, det enkelte menneske og de danske værdier.",https://borgerforslag.dk/se-og-stoet-forslag/?Id=FT-12064
Mette Frederiksen for en rigsret.,https://borgerforslag.dk/se-og-stoet-forslag/?Id=FT-12144
Omsorgsplan til sorgramte børn og unge,https://borgerforslag.dk/se-og-stoet-forslag/?Id=FT-12112
"Fjern kravet om dansk CPR-nummer og bopæl for færinger, så de kan få foretaget abort i det danske sundhedsvæsen",https://borgerforslag.dk/se-og-stoet-forslag/?Id=FT-11994
Kommuner i Danmark skal straffes i sager hvor der fremgår fejl og mangler.,https://borgerforslag.dk/se-og-stoet-forslag/?Id=FT-11990
"Genberegning af beskatningsværdien for firmabiler årligt, frem for at værdiansættelsen vurderes ud fra nyprisen, og gælder i 3 år uændret",https://borgerforslag.dk/se-og-stoet-forslag/?Id=FT-11954
"Forslag om lov der sikrer oplysning af pH-værdi, såfremt den er under den kritiske pH-værdi på drikkevarer/læskedrikke",https://borgerforslag.dk/se-og-stoet-forslag/?Id=FT-12025
"Automatisk fratagelse af forældremyndighed og samværsret til forældre, der er dømt for at begå overgreb på egne børn",https://borgerforslag.dk/se-og-stoet-forslag/?Id=FT-11915
Gør værnepligt frivillig for mænd! Ingen mødepligt til Forsvarets Dag!,https://borgerforslag.dk/se-og-stoet-forslag/?Id=FT-11928
Herlufsholm retsopgør NU,https://borgerforslag.dk/se-og-stoet-forslag/?Id=FT-11902
"Halvere momsen fra 25 til 12,5 % på dagligvarer",https://borgerforslag.dk/se-og-stoet-forslag/?Id=FT-11958
Stop stigningen af pensionsalderen i Danmark og sænk den til 62 år.,https://borgerforslag.dk/se-og-stoet-forslag/?Id=FT-11949
CO2 neutral energi,https://borgerforslag.dk/se-og-stoet-forslag/?Id=FT-11824
Plastik tilbage på slikkepinde og sugerør,https://borgerforslag.dk/se-og-stoet-forslag/?Id=FT-11894
Dansk Politi skal kunne bruge genetisk slægtsforskning i efterforskning af drab og grov personfarlig kriminalitet.,https://borgerforslag.dk/se-og-stoet-forslag/?Id=FT-11855
Forslag til ændring af lov om retten til hævd på fremmed mands ejendom,https://borgerforslag.dk/se-og-stoet-forslag/?Id=FT-11798
Læg CO2-afgift på spagnum,https://borgerforslag.dk/se-og-stoet-forslag/?Id=FT-11864
Fiber net til ALLE hustande,https://borgerforslag.dk/se-og-stoet-forslag/?Id=FT-11738
Nedsættelse af omsætningsafgiften på fødevarer fra 25 % til 10 % i resten af 2022,https://borgerforslag.dk/se-og-stoet-forslag/?Id=FT-11801
Giv Professions bachelor i Ernæring og sundhed en autorisation,https://borgerforslag.dk/se-og-stoet-forslag/?Id=FT-11693
Større fokus på forebyggelse og behandling af tinnitus (Rammer op mod 20% af befolkningen),https://borgerforslag.dk/se-og-stoet-forslag/?Id=FT-11451
Forbyd private p selskaber og privat p kontrol på sygehuse .,https://borgerforslag.dk/se-og-stoet-forslag/?Id=FT-11808
Obligatorisk kursus til udenlandske arbejdstagere om det danske arbejdsmarked,https://borgerforslag.dk/se-og-stoet-forslag/?Id=FT-11742
Obligatorisk kursus til udenlandske arbejdstagere om det danske arbejdsmarked.,https://borgerforslag.dk/se-og-stoet-forslag/?Id=FT-11739
Gør det lovpligtigt at tage stilling til organdonation ved 18 år,https://borgerforslag.dk/se-og-stoet-forslag/?Id=FT-11847
Afskaffelse af indhentning af Journalnotater for udefrakommende sagsbehandlere,https://borgerforslag.dk/se-og-stoet-forslag/?Id=FT-11851
Afkriminalisering af sexarbejde i Danmark,https://borgerforslag.dk/se-og-stoet-forslag/?Id=FT-11761
Hæv spærregrænsen til fire procent (4%),https://borgerforslag.dk/se-og-stoet-forslag/?Id=FT-11696
"Reducer MOMS til 5% på Fødevarer, Elektricitet samt Brændstof",https://borgerforslag.dk/se-og-stoet-forslag/?Id=FT-11809
Ophævelse af tvangsarv,https://borgerforslag.dk/se-og-stoet-forslag/?Id=FT-11663
Skyldnere og svindlere lever for nemt i Danmark. Det skal ændres NU.,https://borgerforslag.dk/se-og-stoet-forslag/?Id=FT-11655
Legaliser Aktiv dødshjælp,https://borgerforslag.dk/se-og-stoet-forslag/?Id=FT-11658
Registrering af psykisk vold af borgere i institutionerne såsom råben og skældud.,https://borgerforslag.dk/se-og-stoet-forslag/?Id=FT-11780
Hjælp de ukrainske flygtninge i danmark.,https://borgerforslag.dk/se-og-stoet-forslag/?Id=FT-11727
Fair afslutning af årgang 20/23 for ungdomsuddannelser,https://borgerforslag.dk/se-og-stoet-forslag/?Id=FT-11732
"Fradrag til virksomheder, der tager et socialt bæredygtigt ansvar.",https://borgerforslag.dk/se-og-stoet-forslag/?Id=FT-11604
Afskaffelse af karaktere På alle uddannelser,https://borgerforslag.dk/se-og-stoet-forslag/?Id=FT-11746
Hæv fribeløbet for studerende på ungdoms- og videregående uddannelser med 4000 kroner,https://borgerforslag.dk/se-og-stoet-forslag/?Id=FT-11649
"Jægere med gyldigt jagttegn skal have lov til at besidde, bære og anvende jagtvåben (og betalt for) tilladelse.",https://borgerforslag.dk/se-og-stoet-forslag/?Id=FT-11628
Fjern regel om helligdage regel på syge dagpenge så man fåer fuld udbetaling under sygdom da den altså ikke for svinder pga helligdage,https://borgerforslag.dk/se-og-stoet-forslag/?Id=FT-11620
"Få billig, 100% grøn varme fra Facebook og Google. Forpligt datacentre til at udnytte spildvarme, der kan opvarme 300.000 danske husstande",https://borgerforslag.dk/se-og-stoet-forslag/?Id=FT-11615
LÆRLINGEOPRØRET: INVESTER I ERHVERVSUDDANNELSERNE,https://borgerforslag.dk/se-og-stoet-forslag/?Id=FT-11606
Fair og transparente skatteregler for køb og salg af digitale skins og NFT’er til computerspil,https://borgerforslag.dk/se-og-stoet-forslag/?Id=FT-11456
"Vildkatte, skal være kommunens ansvar.",https://borgerforslag.dk/se-og-stoet-forslag/?Id=FT-11586
Hævning af minimum krav fra 2% til 5% for at komme i folketinget,https://borgerforslag.dk/se-og-stoet-forslag/?Id=FT-11400
Storebæltsbroen til 100 kr. pr. vej for dansk indregistrerede biler,https://borgerforslag.dk/se-og-stoet-forslag/?Id=FT-11381
Ubetinget borgerløn på 20.000 kr. brutto pr. måned. til alle over 16 år.,https://borgerforslag.dk/se-og-stoet-forslag/?Id=FT-11480
"Ændring af loven om “Ulovlige tatoveringer” - Giv voksne mennesker retten til selv at bestemme, hvordan de vil se ud.",https://borgerforslag.dk/se-og-stoet-forslag/?Id=FT-11467
Mandlige ofre for partnervold fortjener lige ret til hjælp,https://borgerforslag.dk/se-og-stoet-forslag/?Id=FT-11393
Folkepesion fo folketingsmedlemmer/minister.,https://borgerforslag.dk/se-og-stoet-forslag/?Id=FT-11440
Forslag om at forenkle love og regler for opsætning og brug af solceller,https://borgerforslag.dk/se-og-stoet-forslag/?Id=FT-11378
Strafbart at beskylde andre ubegrundet for racisme.,https://borgerforslag.dk/se-og-stoet-forslag/?Id=FT-11331
Danmark skal melde sig ud af WHO,https://borgerforslag.dk/se-og-stoet-forslag/?Id=FT-11332
Folkeafstemning med NemID/MitID,https://borgerforslag.dk/se-og-stoet-forslag/?Id=FT-11433
Klippekort til Storebæltsbroen,https://borgerforslag.dk/se-og-stoet-forslag/?Id=FT-11387
"Forbud mod maxi-skibe i midi-havne, da det medfører belastende landtransport mellem havne",https://borgerforslag.dk/se-og-stoet-forslag/?Id=FT-11424
"Forbud mod landtransport mellem containerhavne i strid med EU’s to transport-mål: ’fra land til vand’, samt ’bæredygtig og smart mobilitet’",https://borgerforslag.dk/se-og-stoet-forslag/?Id=FT-11255
"Byg en megahavn ved Glatved, så der kun er én omlastning mellem Østasien og Østeuropa",https://borgerforslag.dk/se-og-stoet-forslag/?Id=FT-11290
"Klimaforslagskasse: En forslagskasse der er fra os alle, på alle niveauer og i alle grupperinger, til en samlet bredere kamp for bedre klima",https://borgerforslag.dk/se-og-stoet-forslag/?Id=FT-11316
Begrænsning af bankgebyrer og negative renter,https://borgerforslag.dk/se-og-stoet-forslag/?Id=FT-11310
Alle indsendte borgerforslag skal fremgå på borgerforslag.dk,https://borgerforslag.dk/se-og-stoet-forslag/?Id=FT-11327
Giv også varmehjælp til husstande med træpillefyr,https://borgerforslag.dk/se-og-stoet-forslag/?Id=FT-11280
Hjælp til kræft syge's pårørende,https://borgerforslag.dk/se-og-stoet-forslag/?Id=FT-11207
"Solcelleparker skal placeres langs motorveje, jernbanestrækninger, i industriområder samt på tagarealer.",https://borgerforslag.dk/se-og-stoet-forslag/?Id=FT-11201
Finansering af Kattegatbroen ved salg af Vejdirektoratets rastepladser til kommercielle partnere,https://borgerforslag.dk/se-og-stoet-forslag/?Id=FT-11134
Pantposer eller pantnet i samtlige fødevarebutikker,https://borgerforslag.dk/se-og-stoet-forslag/?Id=FT-11256
"Værgemål over voksne, som udøver skadelig eller selvskadende adfærd",https://borgerforslag.dk/se-og-stoet-forslag/?Id=FT-11184
Regeringen skal arbejde for et øjeblikkeligt stop for import af russisk olie og gas i hele EU,https://borgerforslag.dk/se-og-stoet-forslag/?Id=FT-11149
Børn og familiernes trivsel: Nedsæt en skilsmissekommission,https://borgerforslag.dk/se-og-stoet-forslag/?Id=FT-11147
Fødevaremoms - vejen til sundere liv for de svageste.,https://borgerforslag.dk/se-og-stoet-forslag/?Id=FT-11150
"Ordene ""EU"" og ""Forsvarsforbehold"" skal fremgå af stemmesedlen i folkeafstemningen d. 1. juni om Danmarks forsvarsforbehold i EU",https://borgerforslag.dk/se-og-stoet-forslag/?Id=FT-11168
Hæv vælgererklæring for nye partier,https://borgerforslag.dk/se-og-stoet-forslag/?Id=FT-11135
Fjernelse af genberegning for værdi af fri bil,https://borgerforslag.dk/se-og-stoet-forslag/?Id=FT-11210
80% tilskud til lovpligtige batterier på alle ny og allerede etablerede solcelleanlæg - for at fremme uafhængighed af Russisk gas og,https://borgerforslag.dk/se-og-stoet-forslag/?Id=FT-11104
Pension for folketings medlemmer,https://borgerforslag.dk/se-og-stoet-forslag/?Id=FT-11115
Hent dansk olie fra nordsøen og drop russisk olie,https://borgerforslag.dk/se-og-stoet-forslag/?Id=FT-11231
Folkeafstemning om Danmarks udtrædelse af EU - samtidig med Folkeafstemningen om Forsvarsforbeholdet d. 1 juni 2022,https://borgerforslag.dk/se-og-stoet-forslag/?Id=FT-11176
Luk Ukraines luftrum,https://borgerforslag.dk/se-og-stoet-forslag/?Id=FT-11090
Midlertidig lov for Ukrainer skal også gælde Belarus,https://borgerforslag.dk/se-og-stoet-forslag/?Id=FT-11016
Bøde for at smide cigaretskod,https://borgerforslag.dk/se-og-stoet-forslag/?Id=FT-11059
Udvidet sprogundervisning i folkeskolen,https://borgerforslag.dk/se-og-stoet-forslag/?Id=FT-11137
Nej tak til IT-kriminalitet: Hvert år angribes 450.000 danskere,https://borgerforslag.dk/se-og-stoet-forslag/?Id=FT-11139
Forslag om at fjerne vinter tid permanent.,https://borgerforslag.dk/se-og-stoet-forslag/?Id=FT-11112
Brændstof-check til alle der ejer et dansk indregistreret køretøj,https://borgerforslag.dk/se-og-stoet-forslag/?Id=FT-11096
Grundlovsdag bør være national fest- og fridag,https://borgerforslag.dk/se-og-stoet-forslag/?Id=FT-10972
Lyskurve ved skoler og børne institutioner,https://borgerforslag.dk/se-og-stoet-forslag/?Id=FT-11157
Afskaf udligningsafgiften på dieselbil,https://borgerforslag.dk/se-og-stoet-forslag/?Id=FT-11123
Ret til erhvervskonto,https://borgerforslag.dk/se-og-stoet-forslag/?Id=FT-10973
Total stop af pelsdyravl i Danmark,https://borgerforslag.dk/se-og-stoet-forslag/?Id=FT-11078
Fjernelse af vejsidesyn af biler og motorcykler,https://borgerforslag.dk/se-og-stoet-forslag/?Id=FT-10802
"Der skal indføres afgifter på landbrug, særligt kødproduktion, NU hvis klimamålene skal nås i tide",https://borgerforslag.dk/se-og-stoet-forslag/?Id=FT-10934
"Skattefradrag for naturgas, olie og el",https://borgerforslag.dk/se-og-stoet-forslag/?Id=FT-10913
Skærpet brandsikkerhed i dyrestalde.,https://borgerforslag.dk/se-og-stoet-forslag/?Id=FT-11110
Bevar aldersgrænsen for køb af alkohol på 16 år,https://borgerforslag.dk/se-og-stoet-forslag/?Id=FT-10994
Forhøje Folkepensionen,https://borgerforslag.dk/se-og-stoet-forslag/?Id=FT-11043
Behandling af voldelige forældre inden samvær med deres børn,https://borgerforslag.dk/se-og-stoet-forslag/?Id=FT-11025
26 ugers udvidet barsel til tvillinge- og flerlingefamilier,https://borgerforslag.dk/se-og-stoet-forslag/?Id=FT-10893
FOLKEPENSIONISTER SKAL TILGODESES,https://borgerforslag.dk/se-og-stoet-forslag/?Id=FT-10959
Fjern moms på genbrug,https://borgerforslag.dk/se-og-stoet-forslag/?Id=FT-10935
"Fjern beskatning af fri telefon, PC og internet",https://borgerforslag.dk/se-og-stoet-forslag/?Id=FT-10859
Forbyd brug af børn som tolk,https://borgerforslag.dk/se-og-stoet-forslag/?Id=FT-10970
Opret et hospitals tog hurtigst muligt til at hjælpe,https://borgerforslag.dk/se-og-stoet-forslag/?Id=FT-10984
Alle flygtninge skal behandles godt,https://borgerforslag.dk/se-og-stoet-forslag/?Id=FT-10872
Nej til at dispensere fra Dyrevelfærdsloven i forbindelse med naturnationalparker,https://borgerforslag.dk/se-og-stoet-forslag/?Id=FT-10672
Fri fornyelse af dansk pas for danske statsborgere,https://borgerforslag.dk/se-og-stoet-forslag/?Id=FT-10931
Dækning af merudgifter til kronisk syge.,https://borgerforslag.dk/se-og-stoet-forslag/?Id=FT-10807
Jægere og skytter vil behandles ordentligt.,https://borgerforslag.dk/se-og-stoet-forslag/?Id=FT-10962
Bedre vilkår for danske dørmænd.,https://borgerforslag.dk/se-og-stoet-forslag/?Id=FT-10801
Beslutningsforslag om vejledende folkeafstemning om fremmed militær på dansk jord,https://borgerforslag.dk/se-og-stoet-forslag/?Id=FT-10609
Rygning - Nej tak,https://borgerforslag.dk/se-og-stoet-forslag/?Id=FT-10888
Halvering af moms på madvare,https://borgerforslag.dk/se-og-stoet-forslag/?Id=FT-10936
Nedjuster antal timer i folkeskolen pr. elev til 2010-niveau og lad skolerne beholde samme antal personaleårsværk til gavn for eleverne,https://borgerforslag.dk/se-og-stoet-forslag/?Id=FT-10839
Dronningens monogram på Storebæltsbroen,https://borgerforslag.dk/se-og-stoet-forslag/?Id=FT-10909
Madspild skal ikke kunne betale sig,https://borgerforslag.dk/se-og-stoet-forslag/?Id=FT-10554
ekstra fart i solcelle energi og den grønne omstilling,https://borgerforslag.dk/se-og-stoet-forslag/?Id=FT-10622
Mulighed for mere SU end til kun 5 uddannelser,https://borgerforslag.dk/se-og-stoet-forslag/?Id=FT-10885
Samværforældres muligheder for at studere skal præges af ligestilling anno 2022.,https://borgerforslag.dk/se-og-stoet-forslag/?Id=FT-10900
Befordringsfradrag Kalundborg Komune,https://borgerforslag.dk/se-og-stoet-forslag/?Id=FT-10899
AFSKAF EU FORSVARSFORBEHOLD,https://borgerforslag.dk/se-og-stoet-forslag/?Id=FT-10887
Militæret,https://borgerforslag.dk/se-og-stoet-forslag/?Id=FT-10845
Jutlandiaindsatsen,https://borgerforslag.dk/se-og-stoet-forslag/?Id=FT-10218
"Indkaldelse til tjek for prostatakræft hos mænd, når de fylder 30 år.",https://borgerforslag.dk/se-og-stoet-forslag/?Id=FT-10828
vej afgift til alle ikke dansk indregistreret køretøjer.,https://borgerforslag.dk/se-og-stoet-forslag/?Id=FT-10869
Samme eksamensvilkår for HFe (enkeltfagskursister) som for alle andre gymnasiale uddannelser.,https://borgerforslag.dk/se-og-stoet-forslag/?Id=FT-10856
Forslag til lov om solenergi,https://borgerforslag.dk/se-og-stoet-forslag/?Id=FT-10846
De specielundtagelser fra de generelle flygtningeregler der laves til de Ukrainske flygningestrømme skal ophøjes til generel lov.,https://borgerforslag.dk/se-og-stoet-forslag/?Id=FT-10805
En fair afslutning på hf-e,https://borgerforslag.dk/se-og-stoet-forslag/?Id=FT-10795
"Fyrværkeri uden for mærkedage skal forbydes, når der er en aktuel varm krig i Europa.",https://borgerforslag.dk/se-og-stoet-forslag/?Id=FT-10496
Gør op med forsvarsforbeholdet nu,https://borgerforslag.dk/se-og-stoet-forslag/?Id=FT-10505
Lovbestemt mindsteløn til faglærte,https://borgerforslag.dk/se-og-stoet-forslag/?Id=FT-10649
Menstruationsprodukter på alle offentlige toiletter i Danmark,https://borgerforslag.dk/se-og-stoet-forslag/?Id=FT-10490
Refusion selvom man her solceller,https://borgerforslag.dk/se-og-stoet-forslag/?Id=FT-10469
Forbud mod alle russiske kommercielle fly og passagerfly i dansk luftrum og danske lufthavne,https://borgerforslag.dk/se-og-stoet-forslag/?Id=FT-10472
"Gældstyrelsen bør nedsætte sin ikke fradragsberettiget rentetilskrivning på 8,25% til markedsrenten -0,35% +1,0%.",https://borgerforslag.dk/se-og-stoet-forslag/?Id=FT-10608
Ændring til Vanvidsloven. Konfiskering af 3.mands bil,https://borgerforslag.dk/se-og-stoet-forslag/?Id=FT-10717
"Danmark skal stille krav om, at der etableres luftsikkerhedszoner i luftrummet over atomkraftværker i Ukraine.",https://borgerforslag.dk/se-og-stoet-forslag/?Id=FT-10495
Nedsæt afgifterne på naturgas,https://borgerforslag.dk/se-og-stoet-forslag/?Id=FT-10626
Giv socialrådgiverne autorisation,https://borgerforslag.dk/se-og-stoet-forslag/?Id=FT-10562
"Marco-kodeks. Forældres ret til at være hos deres anbragte barn i tilfælde af alvorlig/ terminal sygdom hos barnet, under anbringelsen.",https://borgerforslag.dk/se-og-stoet-forslag/?Id=FT-10616
"Forbud mod spillereklamer i TV, på nettet og i radioen",https://borgerforslag.dk/se-og-stoet-forslag/?Id=FT-10540
En fair afslutning af 2.G,https://borgerforslag.dk/se-og-stoet-forslag/?Id=FT-10400
Forbud mod passage igennem dansk farvand for russiske skibe samt skibe med gods og passagerer til og fra Rusland.,https://borgerforslag.dk/se-og-stoet-forslag/?Id=FT-10303
Genindfør forskerbeskyttelsen i Folkeregistret,https://borgerforslag.dk/se-og-stoet-forslag/?Id=FT-10358
AFTALERAMMEN FOR ‘FLERE OG BEDRE UDDANNELSESMULIGHEDER I HELE DANMARK’ SKAL GENFORHANDLES,https://borgerforslag.dk/se-og-stoet-forslag/?Id=FT-10348
Prisloft på benzin og diesel,https://borgerforslag.dk/se-og-stoet-forslag/?Id=FT-10432
"Afskaf karantæneperioden for bloddonation for mænd, der har har sex med mænd.",https://borgerforslag.dk/se-og-stoet-forslag/?Id=FT-10250
Alle universitetsforelæsninger skal være online tilgængelige for den danske befolkning,https://borgerforslag.dk/se-og-stoet-forslag/?Id=FT-10315
Fjern alle muligheder for tvangsbortadoption,https://borgerforslag.dk/se-og-stoet-forslag/?Id=FT-10537
Færre eksamener til EUX-elever,https://borgerforslag.dk/se-og-stoet-forslag/?Id=FT-10498
"Lovforslag om anonymt behandlingstilbud til pædofile, som en del af den danske sygesikring, for at hindre seksuelle overgreb.",https://borgerforslag.dk/se-og-stoet-forslag/?Id=FT-10310
Indfør udrednings- og behandlingsret på fertilitetsområdet i Danmark,https://borgerforslag.dk/se-og-stoet-forslag/?Id=FT-10262
Indfør totalforbud mod import af russisk olie og gas,https://borgerforslag.dk/se-og-stoet-forslag/?Id=FT-10517
National plan for at bygge ny tidssvarende beskyttelsesrum / bunker i Danmark anno 2022,https://borgerforslag.dk/se-og-stoet-forslag/?Id=FT-10522
Fjern alle afgifter på benzin og diesel,https://borgerforslag.dk/se-og-stoet-forslag/?Id=FT-10512
Opret et civilt beredskabs- og sikkerhedskursus for alle 18 til 60-årige mænd,https://borgerforslag.dk/se-og-stoet-forslag/?Id=FT-10372
"1,5 meters afstand for bilister til cyklister.",https://borgerforslag.dk/se-og-stoet-forslag/?Id=FT-10406
Fjern bekendtgørelse om egenbetaling,https://borgerforslag.dk/se-og-stoet-forslag/?Id=FT-10511
Højere SU satser i et stigende dyrt samfund.,https://borgerforslag.dk/se-og-stoet-forslag/?Id=FT-10403
Forøg Danmarks forsvarsbudget til minimum 2% af bnp,https://borgerforslag.dk/se-og-stoet-forslag/?Id=FT-10266
"Hjælp Ukraine, husering af ukrainere",https://borgerforslag.dk/se-og-stoet-forslag/?Id=FT-10263
Frit valg og øget konkurrence på pensionsmarkedet,https://borgerforslag.dk/se-og-stoet-forslag/?Id=FT-10492
Pålægge konkurrencestyrelsen at undersøge mulig karteldannelse i danske benzinselskaber.,https://borgerforslag.dk/se-og-stoet-forslag/?Id=FT-10170
Frit gymnasievalg for alle,https://borgerforslag.dk/se-og-stoet-forslag/?Id=FT-10412
MIT ID verificering på sociale medier,https://borgerforslag.dk/se-og-stoet-forslag/?Id=FT-10455
"Oplysning om dagligt antal registrerede cancertilfælde, antal indlagte med cancer samt antal døde med cancer",https://borgerforslag.dk/se-og-stoet-forslag/?Id=FT-10457
"Forslag om at man aktivt skal vælge husstandsomdelte reklamer til, og ikke som det er idag hvor man aktivt skal vælge dem fra",https://borgerforslag.dk/se-og-stoet-forslag/?Id=FT-10438
Skolernes førstehjælps dag i stedet for motionsdagen,https://borgerforslag.dk/se-og-stoet-forslag/?Id=FT-10423
Lovliggør alle hunderacer,https://borgerforslag.dk/se-og-stoet-forslag/?Id=FT-10206
Boger kort,https://borgerforslag.dk/se-og-stoet-forslag/?Id=FT-10230
FORBYD PAPSUGERØR,https://borgerforslag.dk/se-og-stoet-forslag/?Id=FT-10223
Anmodning om lovændring fra besidder til ejer i Dansk hunderegister,https://borgerforslag.dk/se-og-stoet-forslag/?Id=FT-10414
Væk med afgifter på El,https://borgerforslag.dk/se-og-stoet-forslag/?Id=FT-10399
Forbyd dyresalg i dyrhandlere,https://borgerforslag.dk/se-og-stoet-forslag/?Id=FT-09820
"Giv deltids brandfolk lov til at montere grønt blink i private biler - Advarsel til øvrige biler, et ønske om at komme forbi, til stationen",https://borgerforslag.dk/se-og-stoet-forslag/?Id=FT-10378
Offentlig deling af Videoovervågning.,https://borgerforslag.dk/se-og-stoet-forslag/?Id=FT-10362
afskaf medicinhåndteringkursus for privatpersoner der holder kanin som kæledyr,https://borgerforslag.dk/se-og-stoet-forslag/?Id=FT-10146
Lovliggørelse af dobbeltdonation for lesbiske,https://borgerforslag.dk/se-og-stoet-forslag/?Id=FT-10339
Højere SU-sats for udeboende studerende på videregående uddannelser,https://borgerforslag.dk/se-og-stoet-forslag/?Id=FT-10326
Stop had og mobning fra anonyme profiler på sociale medier! nemID/mitID registrering,https://borgerforslag.dk/se-og-stoet-forslag/?Id=FT-10321
politikerne skal selv spare op til deres pension.,https://borgerforslag.dk/se-og-stoet-forslag/?Id=FT-10304
0-3 klasse i folkeskolen skal være 100% udeskole,https://borgerforslag.dk/se-og-stoet-forslag/?Id=FT-10288
Øresundsbroen skal være gratis,https://borgerforslag.dk/se-og-stoet-forslag/?Id=FT-10171
Kalorieangivelse på menukort.,https://borgerforslag.dk/se-og-stoet-forslag/?Id=FT-09977
Gør peberspray lovligt!,https://borgerforslag.dk/se-og-stoet-forslag/?Id=FT-10271
Online adgang til egen sag i kommunen,https://borgerforslag.dk/se-og-stoet-forslag/?Id=FT-10060
Unge skal have lov til at tage kørekort som 16-årige,https://borgerforslag.dk/se-og-stoet-forslag/?Id=FT-10056
"Tilbud om screening af alle over 65 år, for forkalkning af halspulsårerne.",https://borgerforslag.dk/se-og-stoet-forslag/?Id=FT-10028
Behandle alle sager om forældremyndighed individuelt.,https://borgerforslag.dk/se-og-stoet-forslag/?Id=FT-10039
Gør 1. Februar til nationaldag,https://borgerforslag.dk/se-og-stoet-forslag/?Id=FT-10050
Giv forældre digital adgang til deres børns sundhedsjournal,https://borgerforslag.dk/se-og-stoet-forslag/?Id=FT-10260
Rent drikkevand til alle borgere i Danmark,https://borgerforslag.dk/se-og-stoet-forslag/?Id=FT-10254
Et nyt og bredere Religionsfag i folkeskolen,https://borgerforslag.dk/se-og-stoet-forslag/?Id=FT-10233
"Stop diskrimination ved bloddonation! Lad alle i fast forhold donere blod, uanset seksuel overbevisning eller køn",https://borgerforslag.dk/se-og-stoet-forslag/?Id=FT-10172
Fritidshaveforeninger / kolonihaver skal have sommerhus status.,https://borgerforslag.dk/se-og-stoet-forslag/?Id=FT-10243
LOV IMOD FORÆLDREFREMMEDGØRELSE for barnets tarv.,https://borgerforslag.dk/se-og-stoet-forslag/?Id=FT-10075
Sundhedsvæsnet skal også indebær tandbehandling.,https://borgerforslag.dk/se-og-stoet-forslag/?Id=FT-10217
"Mit Id, nej tak!",https://borgerforslag.dk/se-og-stoet-forslag/?Id=FT-10235
"Mænd der har sex med mænd, skal have de samme rettigheder til at donere blod som resten af Danmark.",https://borgerforslag.dk/se-og-stoet-forslag/?Id=FT-10145
"Åbn bygningspuljen nu, så der kan gives tilskud til energirenovering, hvilket der er hårdt brug for, fim. de historisk høje energipriser",https://borgerforslag.dk/se-og-stoet-forslag/?Id=FT-10091
Storebæltsbro skal være gratis at køre over,https://borgerforslag.dk/se-og-stoet-forslag/?Id=FT-09986
Undervisning i økonomi i 8. og 9.klasse - en nemmere start på voksenlivet,https://borgerforslag.dk/se-og-stoet-forslag/?Id=FT-10027
Det skal være Strafbart til folk som Lyver om den anden forældre i sager om Samvær og Forældremyndighed.,https://borgerforslag.dk/se-og-stoet-forslag/?Id=FT-10055
"Ret til plejeorlov uanset, hvor patienten opholder sig.",https://borgerforslag.dk/se-og-stoet-forslag/?Id=FT-09949
"Giv alle efterlønsmodtagere fri mulighed for, at tage et evt. ønsket deltidsarbejde ( 4-30 timer pr. uge), uden modregning i efterlønnen.",https://borgerforslag.dk/se-og-stoet-forslag/?Id=FT-09895
Lov om Statsministerens ugentlige pressemøde.,https://borgerforslag.dk/se-og-stoet-forslag/?Id=FT-09848
"Men hvorfor skal statskassen vokse, mens danskerne har svært ved at betale deres regninger?",https://borgerforslag.dk/se-og-stoet-forslag/?Id=FT-10042
"Trygt børneliv - giv vores børn bedre muligheder for beskyttelse mod personer, der er dømte for krænkelser eller sexuelle misbrug mod børn",https://borgerforslag.dk/se-og-stoet-forslag/?Id=FT-10015
Kontante beløb,https://borgerforslag.dk/se-og-stoet-forslag/?Id=FT-10035
Giv alle ret til et liv uden basale afsavn,https://borgerforslag.dk/se-og-stoet-forslag/?Id=FT-09983
Kalk og D3 - vitamin skal været registreret i Lægemiddelstyrelsen med fuld videnskabelig dokumentation. Kosttilskud er fejlbehandling.,https://borgerforslag.dk/se-og-stoet-forslag/?Id=FT-09973
Ønskenummerplade på gulpladebil.,https://borgerforslag.dk/se-og-stoet-forslag/?Id=FT-09902
89 folketingsmedlemmer,https://borgerforslag.dk/se-og-stoet-forslag/?Id=FT-09976
"Systematisk opsporing af børn af forældre med alvorlig psykisk sygdom og implementering af en helhedsorienteret, koordineret indsats",https://borgerforslag.dk/se-og-stoet-forslag/?Id=FT-09897
""" Arne ""- pension vs arbejdsudbud",https://borgerforslag.dk/se-og-stoet-forslag/?Id=FT-10005
Obligatorisk kursus til læremestre i at videreformidle deres viden og erfaring til erhvervsstuderende i praktik.,https://borgerforslag.dk/se-og-stoet-forslag/?Id=FT-09981
Anerkend medfaderskab i regnbuefamilier,https://borgerforslag.dk/se-og-stoet-forslag/?Id=FT-09919
Udeboende su fra 18 år uden særlige betingelser.,https://borgerforslag.dk/se-og-stoet-forslag/?Id=FT-09959
Begræns fyrværkeri,https://borgerforslag.dk/se-og-stoet-forslag/?Id=FT-09796
Borger indsamling til fyrværkeri show nytårsaften.,https://borgerforslag.dk/se-og-stoet-forslag/?Id=FT-09945
2 betingede udvisninger skal automatisk udløse ubetinget udvisning,https://borgerforslag.dk/se-og-stoet-forslag/?Id=FT-09921
Fyrværkeri stramninger,https://borgerforslag.dk/se-og-stoet-forslag/?Id=FT-09887
Nedsæt elpriserne,https://borgerforslag.dk/se-og-stoet-forslag/?Id=FT-09877
"'Krop, køn og mangfoldighed' som et af de seks læreplanstemaer.",https://borgerforslag.dk/se-og-stoet-forslag/?Id=FT-09851
Sygeplejerskernes tid skal bruges hos patienterne,https://borgerforslag.dk/se-og-stoet-forslag/?Id=FT-09896
Uddannelseskrav i den pædagogiske praksis,https://borgerforslag.dk/se-og-stoet-forslag/?Id=FT-09705
"Løft trækprocenten for ikke vaccinerede, således at de kommer til at betale til merudgifterne, i forbindelse med Coronapandemien.",https://borgerforslag.dk/se-og-stoet-forslag/?Id=FT-09813
Uafhængig Forfatningsdomstol,https://borgerforslag.dk/se-og-stoet-forslag/?Id=FT-09812
Dyreattest,https://borgerforslag.dk/se-og-stoet-forslag/?Id=FT-09542
Fælles vinterferie for alle i uge 7,https://borgerforslag.dk/se-og-stoet-forslag/?Id=FT-09740
En fair afslutning til studenterne sommeren 2022,https://borgerforslag.dk/se-og-stoet-forslag/?Id=FT-09739
Afskaf grundforløbet i gymnasieskolen,https://borgerforslag.dk/se-og-stoet-forslag/?Id=FT-09774
"Kommission til afdækning af SRSF-regeringens folkeskolereform, KL's lockout af folkeskolelærerne og vedtagelsen af Lov nr. 409",https://borgerforslag.dk/se-og-stoet-forslag/?Id=FT-09753
Afskaf bankgarantien for danske statsborgere ved familiesammenføring,https://borgerforslag.dk/se-og-stoet-forslag/?Id=FT-09755
"Det skal være muligt at afgive sin stemme til kommunal-, regional- og folketingsvalg digitalt.",https://borgerforslag.dk/se-og-stoet-forslag/?Id=FT-09750
Befolkningen ønsker at der stilles et mistillidsvotum til Mette Frederiksen og hendes regering.,https://borgerforslag.dk/se-og-stoet-forslag/?Id=FT-09749
Pendleraftale over Storebælt for deltidsansatte eller fuldtidsansatte med hjemmearbejdsdage.,https://borgerforslag.dk/se-og-stoet-forslag/?Id=FT-09605
Folkeafstemninger skal fremover kunne tilbydes digitalt,https://borgerforslag.dk/se-og-stoet-forslag/?Id=FT-09703
Forvaltningskarantæne - forvaltningen skal tilbage på sporet,https://borgerforslag.dk/se-og-stoet-forslag/?Id=FT-09675
Loft for top skat øges for enlige forsørgere i arbejde.,https://borgerforslag.dk/se-og-stoet-forslag/?Id=FT-09647
Ældre billister skal have deres kørekort fornyet oftere,https://borgerforslag.dk/se-og-stoet-forslag/?Id=FT-09423
Udvidelse af forbud mod lastbilers overhaling på motorveje,https://borgerforslag.dk/se-og-stoet-forslag/?Id=FT-09576
NY PANT,https://borgerforslag.dk/se-og-stoet-forslag/?Id=FT-09552
HØJ BEGAVELSE SKAL STØTTES I FOLKESKOLEN,https://borgerforslag.dk/se-og-stoet-forslag/?Id=FT-09534
Sæt en effektiv bremse på den voksende vejstøj. Befolkningens sundhed og velfærd er vigtigere end nogle få minutter sparet på vejene,https://borgerforslag.dk/se-og-stoet-forslag/?Id=FT-09553
Fradrag for al kørsel skal hæves tilsvarende det som Benzin og Diesel er steget!,https://borgerforslag.dk/se-og-stoet-forslag/?Id=FT-09476
"Motorcykler må kører mellem kørebanerne i trafik, hvis motorcyklisten kører under 40 km/t",https://borgerforslag.dk/se-og-stoet-forslag/?Id=FT-09523
Aktivt tilvalg af trykte reklamer og gratis aviser,https://borgerforslag.dk/se-og-stoet-forslag/?Id=FT-09516
højere straf til dyremishandlere,https://borgerforslag.dk/se-og-stoet-forslag/?Id=FT-09471
Afskaffelse af beskatning af fri telefon,https://borgerforslag.dk/se-og-stoet-forslag/?Id=FT-09496
"Forbyd landbrugslobbyisters adgang til danske politikere, embedsfolk og offentlige institutioner",https://borgerforslag.dk/se-og-stoet-forslag/?Id=FT-09482
Journalister skal have mulighed for at stille spørgsmål til folkevalgte politikere,https://borgerforslag.dk/se-og-stoet-forslag/?Id=FT-09426
Regulering af sæler – i dansk farvand.,https://borgerforslag.dk/se-og-stoet-forslag/?Id=FT-09449
Folkepension Skattefri,https://borgerforslag.dk/se-og-stoet-forslag/?Id=FT-09361
"Der skal stå på emballagen af vådservietter og lignende, at de ikke må smides i toilettet.",https://borgerforslag.dk/se-og-stoet-forslag/?Id=FT-09312
Boliger i de tomme kontorbygninger,https://borgerforslag.dk/se-og-stoet-forslag/?Id=FT-09353
Gratis laserbehandling eller tilskud til laserbehandling for kvinder med lidelsen vaginal atrofi.,https://borgerforslag.dk/se-og-stoet-forslag/?Id=FT-09333
Hunde med lys,https://borgerforslag.dk/se-og-stoet-forslag/?Id=FT-09326
Handikaptillæg til alle uddannelser,https://borgerforslag.dk/se-og-stoet-forslag/?Id=FT-09338
Gratis indenrigs offentlig transport,https://borgerforslag.dk/se-og-stoet-forslag/?Id=FT-09321
Erstat SU med løn under Fængselsbetjent uddannelsen,https://borgerforslag.dk/se-og-stoet-forslag/?Id=FT-09373
Hjemløse ud af jobcenteret,https://borgerforslag.dk/se-og-stoet-forslag/?Id=FT-09359
"Opret et ""patientnævn"" som erstatning for de 3 nuværende styrelser",https://borgerforslag.dk/se-og-stoet-forslag/?Id=FT-09356
"Nej, til kalden til Bøn fra Moskéer",https://borgerforslag.dk/se-og-stoet-forslag/?Id=FT-09219
"Permanent ""HOLD TIL HØJRE"" indsats på de danske motorveje - og venstre vejspor skal i myldretid være forbeholdt biler med mindst 2 personer.",https://borgerforslag.dk/se-og-stoet-forslag/?Id=FT-09135
Landsholdsidræt skal sendes på Danmarks Radio TV,https://borgerforslag.dk/se-og-stoet-forslag/?Id=FT-09159
Afskaffelse af valgplakater.,https://borgerforslag.dk/se-og-stoet-forslag/?Id=FT-09175
"Lige sum betaling af barsel af begge forældres arbejdsplads, uafhængigt af hvem som tager barselen.",https://borgerforslag.dk/se-og-stoet-forslag/?Id=FT-09268
Aktivt fravalg til organdonation fra det fyldte 18. år i Danmark!,https://borgerforslag.dk/se-og-stoet-forslag/?Id=FT-09273
Forslag om at Miljøstyrelsen fratages retten til at kunne give dispensation til anvendelse af pesticider - som er vurderet farlige af EU.,https://borgerforslag.dk/se-og-stoet-forslag/?Id=FT-09253
Genopret regnskovene,https://borgerforslag.dk/se-og-stoet-forslag/?Id=FT-09140
Socialretlig retssikkerhed - etablering af en Forvaltningsdomstol,https://borgerforslag.dk/se-og-stoet-forslag/?Id=FT-09142
Afgift på klimabelastende fødevarer,https://borgerforslag.dk/se-og-stoet-forslag/?Id=FT-09195
Freyas Lov - Hvalpesalgsloven,https://borgerforslag.dk/se-og-stoet-forslag/?Id=FT-09213
Forslag om at genindføre ministertilsyn og almindelig offentlig klageadgang i forbindelse med anlæg af Lynetteholm,https://borgerforslag.dk/se-og-stoet-forslag/?Id=FT-09172
Forlæng barslen med fars/medmors øremærkede andel,https://borgerforslag.dk/se-og-stoet-forslag/?Id=FT-09125
"Værdig liv, værdig død",https://borgerforslag.dk/se-og-stoet-forslag/?Id=FT-09161
Lov om ændring af lov om naturbeskyttelse. Vi ønsker præcisering af adgangen til at etablere naturnationalparker af hensyn til friluftslivet,https://borgerforslag.dk/se-og-stoet-forslag/?Id=FT-09126
Fjernelse af affald langs det danske vejnet samt ændring af uhensigtsmæssig affaldsadfærd,https://borgerforslag.dk/se-og-stoet-forslag/?Id=FT-09049
Stop chikane fra boligspekulanter,https://borgerforslag.dk/se-og-stoet-forslag/?Id=FT-09030
Forbud mod spilreklamer i det offentlige rum,https://borgerforslag.dk/se-og-stoet-forslag/?Id=FT-09112
Fjernelse af kvartal søgning af SU​,https://borgerforslag.dk/se-og-stoet-forslag/?Id=FT-08955
Lov om forbud mod vaccinepas,https://borgerforslag.dk/se-og-stoet-forslag/?Id=FT-09016
Lad afdødes nærmeste pårørende få ejer retten over afdødes aske,https://borgerforslag.dk/se-og-stoet-forslag/?Id=FT-08964
Gør genbrugelig emballage en obligatorisk valgmulighed på restauranter og cafeer.,https://borgerforslag.dk/se-og-stoet-forslag/?Id=FT-09007
Ændring af eneretten over gravsted,https://borgerforslag.dk/se-og-stoet-forslag/?Id=FT-08937
Fradrag for hjemmearbejdspladser,https://borgerforslag.dk/se-og-stoet-forslag/?Id=FT-08994
Ligebehandling for alle: Afskaf de kønsopdelte navnelister,https://borgerforslag.dk/se-og-stoet-forslag/?Id=FT-08971
"økonomisk støtte til pensionister , der har mistet deres ægtefælle",https://borgerforslag.dk/se-og-stoet-forslag/?Id=FT-08949
Til kommunalvalget 2021 skal kandidaterne vælges efter de personlige stemmer på tværs af partilisterne.,https://borgerforslag.dk/se-og-stoet-forslag/?Id=FT-08929
Stram Kurs 23: Asylansøgere må ikke modtage undervisning i Danmark,https://borgerforslag.dk/se-og-stoet-forslag/?Id=FT-08889
Stram Kurs 21: Ytring af arabiske ord i skolen skal medføre permanent bortvisning!,https://borgerforslag.dk/se-og-stoet-forslag/?Id=FT-08943
Stram Kurs 24: Bopælspligt på harmonicentre for asylmodtagere og deres børn og børnebørn!,https://borgerforslag.dk/se-og-stoet-forslag/?Id=FT-08888
"Stram Kurs 19: Udvisning af enhver udlænding, der efter 5 års ophold i Danmark ikke har bestået Danskprøve 3!",https://borgerforslag.dk/se-og-stoet-forslag/?Id=FT-08852
Ligestilling i lønforhold mellem offentlige fag,https://borgerforslag.dk/se-og-stoet-forslag/?Id=FT-08850
Ophængning af valgplakater afskaffes,https://borgerforslag.dk/se-og-stoet-forslag/?Id=FT-08814
Politikere forbydes kultur i 2022 medmindre en hjælpepakke til kulturlivet finansieres via solidarisk lønnedgang.,https://borgerforslag.dk/se-og-stoet-forslag/?Id=FT-08822
Retsforfølge anders fogh rasmussen for hans medvirkende i Irak og Afghanistan,https://borgerforslag.dk/se-og-stoet-forslag/?Id=FT-08886
Stenkast fra motorvejsbro,https://borgerforslag.dk/se-og-stoet-forslag/?Id=FT-08859
Krav om rummelige folkeskoleforhold,https://borgerforslag.dk/se-og-stoet-forslag/?Id=FT-08872
Ophæv rygeloven på uddannelsessteder,https://borgerforslag.dk/se-og-stoet-forslag/?Id=FT-08807
Rygeforbud for politikere som er på arbejde,https://borgerforslag.dk/se-og-stoet-forslag/?Id=FT-08848
Lad os genoverveje de nye motorvejsprojekter,https://borgerforslag.dk/se-og-stoet-forslag/?Id=FT-08810
Stram Kurs: Nedsæt den kriminelle lavalder til 14 år,https://borgerforslag.dk/se-og-stoet-forslag/?Id=FT-08818
Stram Kurs: Ingen somaliske statsborgere i Danmark,https://borgerforslag.dk/se-og-stoet-forslag/?Id=FT-08630
Pensionstillæg og ældrecheck til folkepensionister i udlandet uden for EU/EØS lande.,https://borgerforslag.dk/se-og-stoet-forslag/?Id=FT-08629
Stram Kurs: Forbud mod skjulende religiøs hovedbeklædning,https://borgerforslag.dk/se-og-stoet-forslag/?Id=FT-08631
Stram Kurs 25: Ophævelse af dansk indfødsret for enhver flygtning og dennes familiesammenførte familiemedlemmer og enhver efterkommer!,https://borgerforslag.dk/se-og-stoet-forslag/?Id=FT-08619
Dømte sexforbryder skal ikke have samvær med deres børn,https://borgerforslag.dk/se-og-stoet-forslag/?Id=FT-08811
En fair afslutning til 3.g,https://borgerforslag.dk/se-og-stoet-forslag/?Id=FT-08750
"Stram Kurs: Stop modersmålsundervisning i arabisk, somali og urdu!",https://borgerforslag.dk/se-og-stoet-forslag/?Id=FT-08772
Stram Kurs: Peberspray til alle danskere!,https://borgerforslag.dk/se-og-stoet-forslag/?Id=FT-08764
"Afskaf servicefradraget og giv pengene til sygeplejersker, SOSU'er og pædagoger.",https://borgerforslag.dk/se-og-stoet-forslag/?Id=FT-08762
Ændring af bygningsreglementet for tvungen dimensionering til installation af solceller på erhvervsbygninger over 1000 kvm med fladt tag.,https://borgerforslag.dk/se-og-stoet-forslag/?Id=FT-08792
Samfundssind - Det vi deler med hinanden,https://borgerforslag.dk/se-og-stoet-forslag/?Id=FT-08782
OFFENTLIGT TILGÆNGELIGT REGISTER OVER ALLE §216-DØMTE!,https://borgerforslag.dk/se-og-stoet-forslag/?Id=FT-08677
"Politi uddannelserne skal være mere tilgængelig, for folk med høj faglig viden, uden høje fysiske kompetencer.",https://borgerforslag.dk/se-og-stoet-forslag/?Id=FT-08681
Ny overenskomstmodel mellem offentlige arbejdsgivere og offentligt ansatte.,https://borgerforslag.dk/se-og-stoet-forslag/?Id=FT-08593
Yderligere stramning af reglerne for salg af lattergas samt etablering af en forebyggende indsats overfor de unges fortsatte misbrug.,https://borgerforslag.dk/se-og-stoet-forslag/?Id=FT-08577
Stram Kurs 20: Gør Storebæltsforbindelsen gratis!,https://borgerforslag.dk/se-og-stoet-forslag/?Id=FT-08755
Stram Kurs: Krav på folkeafstemning med 100.000 underskrifter!,https://borgerforslag.dk/se-og-stoet-forslag/?Id=FT-08582
Stram Kurs: Ikke krav om betænkningstid for nye partier!,https://borgerforslag.dk/se-og-stoet-forslag/?Id=FT-08632
Stram Kurs: Altid omtale af gerningsmandens afstamning!,https://borgerforslag.dk/se-og-stoet-forslag/?Id=FT-08717
Stram Kurs: Afskaf mediestøtten!,https://borgerforslag.dk/se-og-stoet-forslag/?Id=FT-08723
Stram Kurs: Alle syriske flygtninge skal hjemsendes straks!,https://borgerforslag.dk/se-og-stoet-forslag/?Id=FT-08597
Stram Kurs: Prisen på benzin skal være 5 kr. pr. liter!,https://borgerforslag.dk/se-og-stoet-forslag/?Id=FT-08586
Stram Kurs 16: Der findes kun 2 køn nemlig mand og kvinde!,https://borgerforslag.dk/se-og-stoet-forslag/?Id=FT-08644
Stram Kurs 15: Udlændinge på tålt ophold skal i fængsel!,https://borgerforslag.dk/se-og-stoet-forslag/?Id=FT-08674
Stram Kurs: Mindst 6 måneders ubetinget fængsel for happy slapping!,https://borgerforslag.dk/se-og-stoet-forslag/?Id=FT-08521
"Stram Kurs 18: At lære nogen, at mænd skal slå kvinder, strider imod sædeligheden og den offentlige orden!",https://borgerforslag.dk/se-og-stoet-forslag/?Id=FT-08639
Stram Kurs 17: Folketingsmedlemmer og ministre uden erhvervserfaring skal ikke have mere i løn end en nyuddannet sygeplejerske!,https://borgerforslag.dk/se-og-stoet-forslag/?Id=FT-08641
"Stram Kurs 22: Asylansøgere skal altid afvises ved grænsen, medmindre de er tyskere, svenskere eller nordmænd, der flygter fra eget land!",https://borgerforslag.dk/se-og-stoet-forslag/?Id=FT-08669
JA TAK TIL FAMILIER OG NEJ TAK TIL KÆRLIGHEDSSKAT FOR FOLKEPENSIONISTER,https://borgerforslag.dk/se-og-stoet-forslag/?Id=FT-08575
Altid udvisning ved første lovovertrædelse,https://borgerforslag.dk/se-og-stoet-forslag/?Id=FT-08620
"Forslag til ændring af placeringen af Hesselø Havvindmøllepark i Kattegat, så sameksistensen ml. det lokale fiskeri og havvindmøller sikres.",https://borgerforslag.dk/se-og-stoet-forslag/?Id=FT-08603
Minksagen skal for Rigsretten NU,https://borgerforslag.dk/se-og-stoet-forslag/?Id=FT-08604
Rosa Lund kan ikke sidde som folkevalgt politiker,https://borgerforslag.dk/se-og-stoet-forslag/?Id=FT-08601
Forbud mod brug af soundboxe i det offentlige rum.,https://borgerforslag.dk/se-og-stoet-forslag/?Id=FT-08599
Fair Dog Danmark - Forslag til ændring af Hundeloven,https://borgerforslag.dk/se-og-stoet-forslag/?Id=FT-08590
Afskaffelse af lovgivningen om tvangsbortadoption,https://borgerforslag.dk/se-og-stoet-forslag/?Id=FT-08587
Bekendtgørelse om Egenbetaling skal afskaffes,https://borgerforslag.dk/se-og-stoet-forslag/?Id=FT-08609
"Lovliggørelse af bloddonation for mænd, som har sex med mænd.",https://borgerforslag.dk/se-og-stoet-forslag/?Id=FT-08606
Kræftbehandlinger i EU lande skal statsstøttes - Skriv under her!,https://borgerforslag.dk/se-og-stoet-forslag/?Id=FT-08598
Sport for alle,https://borgerforslag.dk/se-og-stoet-forslag/?Id=FT-08621
Lempelser i parkeringsbestemmelser for handicappede bør også gælde for private parkeringsselskaber på privat eller offentlig grund,https://borgerforslag.dk/se-og-stoet-forslag/?Id=FT-08616
Red liv ved at indføre krav om brugen af cykelhjelm i trafikken,https://borgerforslag.dk/se-og-stoet-forslag/?Id=FT-08625
Gør handicaptillæg tilgængeligt på alle SU-berettigede uddannelser,https://borgerforslag.dk/se-og-stoet-forslag/?Id=FT-08476
Elefantvæddeløb,https://borgerforslag.dk/se-og-stoet-forslag/?Id=FT-08545
"Obligatorisk brug af Nem-id ved oprettelse af bruger på sociale medier. Facebook, Instagram o.lign",https://borgerforslag.dk/se-og-stoet-forslag/?Id=FT-08570
JA TAK TIL FAMILER OG NEJ TAK TIL KÆRLIGHEDSSKAT FOR FØRTIDSPENSIONISTER,https://borgerforslag.dk/se-og-stoet-forslag/?Id=FT-08506
anlægge asfalt baner til 1/8 - 1/4mile ræs,https://borgerforslag.dk/se-og-stoet-forslag/?Id=FT-08507
"Ønsker stor forbedring, omrokering eller helt lukning af familieretshuset.",https://borgerforslag.dk/se-og-stoet-forslag/?Id=FT-08311
Eldrevne skraldebiler = mindre støj og mindre forurening.,https://borgerforslag.dk/se-og-stoet-forslag/?Id=FT-08502
"Ulovliggør soundboks i det offentlige rum udendørs, f.eks parker, strande mv",https://borgerforslag.dk/se-og-stoet-forslag/?Id=FT-08494
Forstærket musik på offentlige arealer kun tilladt med kommunal tilladelse (dog er lyd gennem indbyggede højttalere i smart phones tilladt).,https://borgerforslag.dk/se-og-stoet-forslag/?Id=FT-08485
Oprettelse af parti,https://borgerforslag.dk/se-og-stoet-forslag/?Id=FT-08484
Alle danske statsborgere skal kunne oprette mindst én opsparingskonto uden minusrente.,https://borgerforslag.dk/se-og-stoet-forslag/?Id=FT-08471
Skær ikke i psykisk syge unges kontanthjælp,https://borgerforslag.dk/se-og-stoet-forslag/?Id=FT-08460
Vanvidsbilisme skal ændres,https://borgerforslag.dk/se-og-stoet-forslag/?Id=FT-08466
Miljøbesparelse - færre trykte reklamer!,https://borgerforslag.dk/se-og-stoet-forslag/?Id=FT-08542
Akut behov for en National plan for Autoimmune Sygdomme - og relaterede sygdomme,https://borgerforslag.dk/se-og-stoet-forslag/?Id=FT-08451
Samme corona-restriktioner for private fitnesscentre som for frivilliges foreningsfitness centre!!!,https://borgerforslag.dk/se-og-stoet-forslag/?Id=FT-08517
#danmarksigernej!,https://borgerforslag.dk/se-og-stoet-forslag/?Id=FT-08478
Stop rigsretssagen mod Inger Støjberg nu,https://borgerforslag.dk/se-og-stoet-forslag/?Id=FT-08520
Lovgivning vedr. lokation af Udrejsecenter for udviste kriminelle.,https://borgerforslag.dk/se-og-stoet-forslag/?Id=FT-08463
Århus som forsøg med skattebetalt kollektiv trafik,https://borgerforslag.dk/se-og-stoet-forslag/?Id=FT-08421
Pålæg lovkrav om at lade supermarkederne tilbyde overskydende mad til suppekøkkener og varmestuer for hjemløse.,https://borgerforslag.dk/se-og-stoet-forslag/?Id=FT-08491
Fjernelse af gensidigt forsøgerpligt,https://borgerforslag.dk/se-og-stoet-forslag/?Id=FT-08409
Indfør bedre beskyttelse af naboer til kæmpevindmøller.,https://borgerforslag.dk/se-og-stoet-forslag/?Id=FT-08387
Straf for falske anklager i børnesager.,https://borgerforslag.dk/se-og-stoet-forslag/?Id=FT-08462
Større åbenhed i partistøtte,https://borgerforslag.dk/se-og-stoet-forslag/?Id=FT-08304
Afskaffelse af Skat på folkepensionens grundbeløb.,https://borgerforslag.dk/se-og-stoet-forslag/?Id=FT-08319
Vi støtter vores medsøstre,https://borgerforslag.dk/se-og-stoet-forslag/?Id=FT-08340
Fri til Sankt Hans,https://borgerforslag.dk/se-og-stoet-forslag/?Id=FT-08408
Stop for vaccination mod covid-19,https://borgerforslag.dk/se-og-stoet-forslag/?Id=FT-08415
Komfortabel og økonomisk eBRT i stedet for letbane. Ændringsforslag,https://borgerforslag.dk/se-og-stoet-forslag/?Id=FT-08396
Forbud mod omskæring af drengebørn,https://borgerforslag.dk/se-og-stoet-forslag/?Id=FT-08313
Fratage statsborgerskaber fra IS-krigere og deres børn,https://borgerforslag.dk/se-og-stoet-forslag/?Id=FT-08294
Stop etablering af udrejsecenter på Langeland,https://borgerforslag.dk/se-og-stoet-forslag/?Id=FT-08380
Nej til udrejsecenter på Langeland.,https://borgerforslag.dk/se-og-stoet-forslag/?Id=FT-08219
Behold bagatelgrænsen på 80 kr. for post og varer tilsendt eller købt fra et land uden for EU.,https://borgerforslag.dk/se-og-stoet-forslag/?Id=FT-08376
Lovsforslag om ophævelse af tilslutnings- og forblivelsespligt på ejendomme tilkoblet fjernvarmeværker i Danmark før 01/01/2019.,https://borgerforslag.dk/se-og-stoet-forslag/?Id=FT-08295
Fjern vederlag til plejeforældre,https://borgerforslag.dk/se-og-stoet-forslag/?Id=FT-08312
Forældelsesfristen for at starte en Rigsretssag mod en minister forlænges til 10 år efter ministerens fratrædelse.,https://borgerforslag.dk/se-og-stoet-forslag/?Id=FT-08287
Undersøgelse om den islamittiske ideologi opfordrer til vold,https://borgerforslag.dk/se-og-stoet-forslag/?Id=FT-08277
"Ændring af beregningsgrundlaget for barselsdagpenge til selvstændige erhvervsdrivende, der har haft samtidig beskæftigelse som lønmodtagere",https://borgerforslag.dk/se-og-stoet-forslag/?Id=FT-08273
"Forslag om midlertidigt jagtforbud i områder, hvor fredede dyr dræbes.",https://borgerforslag.dk/se-og-stoet-forslag/?Id=FT-08259
Begrænsninger på anlæggelse af nye solcelleparker i det åbne landskab,https://borgerforslag.dk/se-og-stoet-forslag/?Id=FT-08129
Ændring af udbetaling af SU,https://borgerforslag.dk/se-og-stoet-forslag/?Id=FT-08171
Socialrådgivere underlægges lov om autorisation,https://borgerforslag.dk/se-og-stoet-forslag/?Id=FT-08063
Borgerforslag til at minimere spirituskørsel - alkolås i alle fabriksnye biler,https://borgerforslag.dk/se-og-stoet-forslag/?Id=FT-08136
Den højeste karakter skal være gældende!!,https://borgerforslag.dk/se-og-stoet-forslag/?Id=FT-08156
Ny energi ø,https://borgerforslag.dk/se-og-stoet-forslag/?Id=FT-07749
Fjern registreringsafgift ved periodisk syn på tempo 100 trailer,https://borgerforslag.dk/se-og-stoet-forslag/?Id=FT-08174
Stop Forureningen af Agersøsund,https://borgerforslag.dk/se-og-stoet-forslag/?Id=FT-08152
Frit valg af §85 socialpædagogisk støtteleverandør.,https://borgerforslag.dk/se-og-stoet-forslag/?Id=FT-08145
Krav om at overdække trailer og åbne lad.,https://borgerforslag.dk/se-og-stoet-forslag/?Id=FT-08134
Dyremishandling i nationalparker,https://borgerforslag.dk/se-og-stoet-forslag/?Id=FT-08082
"Injurie /Chikane sager, skal stiller, på lige for med straffe sager hvor der er mulighed for friproces",https://borgerforslag.dk/se-og-stoet-forslag/?Id=FT-08006
Afskaffelse af spil og alkohol reklamer,https://borgerforslag.dk/se-og-stoet-forslag/?Id=FT-07912
"Ophør af inddragelse af midlertidig opholdstilladelse hos flygtninge fra områder, hvortil FN fraråder udrejse.",https://borgerforslag.dk/se-og-stoet-forslag/?Id=FT-07689
Kørehviletid,https://borgerforslag.dk/se-og-stoet-forslag/?Id=FT-08131
Vacciner vores top atleter nu,https://borgerforslag.dk/se-og-stoet-forslag/?Id=FT-08120
Lovbrud ved henkastning af affald i naturen.,https://borgerforslag.dk/se-og-stoet-forslag/?Id=FT-08106
Ophæv beslutning om coronapas,https://borgerforslag.dk/se-og-stoet-forslag/?Id=FT-07975
Handicap venlig offentlig transport.,https://borgerforslag.dk/se-og-stoet-forslag/?Id=FT-08040
Oprettelse af en statlig indlånsbank uden negative renter,https://borgerforslag.dk/se-og-stoet-forslag/?Id=FT-08064
ALLE ÅRGANGE PÅ UNGDOMSUDDANNELSERNE SKAL HAVE RETFÆRDIGE VILKÅR TIL SOMMERENS EKSAMINER,https://borgerforslag.dk/se-og-stoet-forslag/?Id=FT-07909
Den højeste karakter skal være gældende for ALLE skoleelever med afsluttende fag,https://borgerforslag.dk/se-og-stoet-forslag/?Id=FT-07907
"Giv fleksjobbere chancen for, at drive selvstændig virksomhed!",https://borgerforslag.dk/se-og-stoet-forslag/?Id=FT-08065
Åbning af diskoteker i studenterugen,https://borgerforslag.dk/se-og-stoet-forslag/?Id=FT-07741
Bibliotekspenge til alle forfattere!,https://borgerforslag.dk/se-og-stoet-forslag/?Id=FT-07835
Regeringen pålægges øjeblikkelig at få ændret sognenedlukningsreglen,https://borgerforslag.dk/se-og-stoet-forslag/?Id=FT-07730
Den højeste karakter skal være gældende,https://borgerforslag.dk/se-og-stoet-forslag/?Id=FT-08011
"Kriminalisering af identitetstyveri – ny § 264 e, i straffeloven",https://borgerforslag.dk/se-og-stoet-forslag/?Id=FT-08000
Aflys 2. fremmedsprogs eksamenerne 2021,https://borgerforslag.dk/se-og-stoet-forslag/?Id=FT-07805
"Genindfør ret til sygedagpenge på søgnehelligdage, så sygedagpengemodtagere ikke belastes økonomisk pga. skæve helligdage.",https://borgerforslag.dk/se-og-stoet-forslag/?Id=FT-07742
Besked ved skift af statslig/kommunal sagsbehandler,https://borgerforslag.dk/se-og-stoet-forslag/?Id=FT-07752
Forslag om afskaffelse af de nationale tests i folkeskolen,https://borgerforslag.dk/se-og-stoet-forslag/?Id=FT-07993
Højere straf for vold mod børn og babyer!,https://borgerforslag.dk/se-og-stoet-forslag/?Id=FT-07838
Stop tilbagesendelsen af syriske flygtninge til farlige og usikre forhold,https://borgerforslag.dk/se-og-stoet-forslag/?Id=FT-07983
Frivillig adgang til vaccine fra AstraZeneca,https://borgerforslag.dk/se-og-stoet-forslag/?Id=FT-07969
"Mulighed for individuelt tilvalg af godkendte, men suspenderede COVID-19 vacciner",https://borgerforslag.dk/se-og-stoet-forslag/?Id=FT-07968
Lad borgerne selv tilvælge AstraZeneca-vaccinen,https://borgerforslag.dk/se-og-stoet-forslag/?Id=FT-07924
Valgfri adgang til Covid-19-vaccine,https://borgerforslag.dk/se-og-stoet-forslag/?Id=FT-07956
Frigiv AstraZeneca vacciner til dem der har lyst,https://borgerforslag.dk/se-og-stoet-forslag/?Id=FT-07943
Afsluttende klasser skal tilbage på fuld tid,https://borgerforslag.dk/se-og-stoet-forslag/?Id=FT-07919
"Gør software, der er finansieret med offentlige midler, offentligt tilgængelig",https://borgerforslag.dk/se-og-stoet-forslag/?Id=FT-07709
Hastigheden på alle villaveje bør nedsættes til maks 20km/t i Danmark,https://borgerforslag.dk/se-og-stoet-forslag/?Id=FT-07921
Ligestilling af forældre,https://borgerforslag.dk/se-og-stoet-forslag/?Id=FT-07915
Stop hjemsendelse af syriske flygtninge straks,https://borgerforslag.dk/se-og-stoet-forslag/?Id=FT-07807
Borgere med narkolepsi skal også have lov til at køre bil,https://borgerforslag.dk/se-og-stoet-forslag/?Id=FT-07885
Allemandsret i danmark 2021,https://borgerforslag.dk/se-og-stoet-forslag/?Id=FT-07829
"Loft på 0,5% bidragsats på kreditforeningslån i Danmark.",https://borgerforslag.dk/se-og-stoet-forslag/?Id=FT-07686
Lovændring af færdelslov § 42 Stk. 1. (Ang. kørsel i tættere bebygget områder).,https://borgerforslag.dk/se-og-stoet-forslag/?Id=FT-07813
Borgerforslag: Bevar den digitale hjemmeskole som gratis og frivilligt alternativ til folkeskolen,https://borgerforslag.dk/se-og-stoet-forslag/?Id=FT-07772
Alle skal have ret og adgang til egne penge,https://borgerforslag.dk/se-og-stoet-forslag/?Id=FT-07831
"Ændring af ATP Livslang Pension, mulighed for udbetaling ved livstruende sygdom og udbetaling jævnfør de gældende arveregler for pension.",https://borgerforslag.dk/se-og-stoet-forslag/?Id=FT-07780
Danske børn i syriske fangelejre skal tages hjem til Danmark,https://borgerforslag.dk/se-og-stoet-forslag/?Id=FT-07763
"Nem id registrering på div sociale medier, for at kontakte børn og unge under 15 år. For at stoppe grooming",https://borgerforslag.dk/se-og-stoet-forslag/?Id=FT-07773
Stop indhegningerne i kommende National Parker NNP.,https://borgerforslag.dk/se-og-stoet-forslag/?Id=FT-07796
Øremærket hensættelse til Statskassen til næste krise,https://borgerforslag.dk/se-og-stoet-forslag/?Id=FT-07777
Stop privat videresalg af nye varer til overpris,https://borgerforslag.dk/se-og-stoet-forslag/?Id=FT-07699
3D Bio printing af organer til Danmark,https://borgerforslag.dk/se-og-stoet-forslag/?Id=FT-07672
De planlagte 500 elmaster i Vestjylland skal aflyses! De er nu overflødige!,https://borgerforslag.dk/se-og-stoet-forslag/?Id=FT-07677
Alle arbejdspladser skal have en stresspolitik,https://borgerforslag.dk/se-og-stoet-forslag/?Id=FT-07628
Krav om at produktionsland altid skal fremgå ved markedsføring.,https://borgerforslag.dk/se-og-stoet-forslag/?Id=FT-07671
Dør indsamlinger,https://borgerforslag.dk/se-og-stoet-forslag/?Id=FT-07657
Indførelse af undervisning om kultur og identitetsdannelse i grundskolen,https://borgerforslag.dk/se-og-stoet-forslag/?Id=FT-07631
Et grønnere Danmark ved hjælp af affaldssorterings mærkninger på danske produkter.,https://borgerforslag.dk/se-og-stoet-forslag/?Id=FT-07576
Fremvisning af coronapas skal afskaffes.,https://borgerforslag.dk/se-og-stoet-forslag/?Id=FT-07711
Gratis begravelse som medlem af folkekirken.,https://borgerforslag.dk/se-og-stoet-forslag/?Id=FT-07640
Ret til selv at bestemme om man ønsker genoplivningsforsøg ved hjertestop.,https://borgerforslag.dk/se-og-stoet-forslag/?Id=FT-07624
Krav om uddannelser/ kurser til importører af gadehunde .,https://borgerforslag.dk/se-og-stoet-forslag/?Id=FT-07601
Variabel strandbeskyttelseslinje,https://borgerforslag.dk/se-og-stoet-forslag/?Id=FT-07587
GYLDIG CO-VID 19 HJEMMETEST,https://borgerforslag.dk/se-og-stoet-forslag/?Id=FT-07526
Afskaf bankgaranti og gebyrer ved familiesammenføring,https://borgerforslag.dk/se-og-stoet-forslag/?Id=FT-07590
Udsæt behandlingen af anlægslov for etablering af Lynetteholm til tidligst folketingsåret 2021-2022 for at sikre bred borgerinddragelse,https://borgerforslag.dk/se-og-stoet-forslag/?Id=FT-07573
Begræns lydstyrken på kirkeklokker og bønnekald,https://borgerforslag.dk/se-og-stoet-forslag/?Id=FT-07538
Forbyd pesticider der forurener grundvandet!,https://borgerforslag.dk/se-og-stoet-forslag/?Id=FT-07502
Ret til dansk statsborgerskab for anbragte børn opvokset i Danmark,https://borgerforslag.dk/se-og-stoet-forslag/?Id=FT-07534
bekæmpelse af trafikstøj,https://borgerforslag.dk/se-og-stoet-forslag/?Id=FT-07493
Indførelse af en maximumsgrænse på 2 fireårs valgperioder for danske Borgmestre.,https://borgerforslag.dk/se-og-stoet-forslag/?Id=FT-07523
Flyt helligdage i jul og nytår fra weekend til hverdage,https://borgerforslag.dk/se-og-stoet-forslag/?Id=FT-07519
Ja!! Til feriepenge under sygedagpenge,https://borgerforslag.dk/se-og-stoet-forslag/?Id=FT-07491
"Giv kommunalbestyrelserne/byråd hjemmel til at beslutte om nationale test, der skulle have været foretaget i foråret 2021, skal aflyses.",https://borgerforslag.dk/se-og-stoet-forslag/?Id=FT-07569
Forbyd reklamer i papir,https://borgerforslag.dk/se-og-stoet-forslag/?Id=FT-07570
Optimering af ordningen for tilskud til hjemmepasning,https://borgerforslag.dk/se-og-stoet-forslag/?Id=FT-07449
Opprioriter køreskolerne i den næste genåbning af Danmark,https://borgerforslag.dk/se-og-stoet-forslag/?Id=FT-07541
"Danmark skal sige fra, over for pression fra Kina.",https://borgerforslag.dk/se-og-stoet-forslag/?Id=FT-07524
Bevar de private børnehaver,https://borgerforslag.dk/se-og-stoet-forslag/?Id=FT-07512
Oprettelse af plejehjemsbestyrelser,https://borgerforslag.dk/se-og-stoet-forslag/?Id=FT-07511
Fjern muligheden for beslaglæggelse/konfiskering af køretøjer ved lovovertrædelser som straf i forhold til paragraf 133a,https://borgerforslag.dk/se-og-stoet-forslag/?Id=FT-07507
Ret til abort for alle i Danmark,https://borgerforslag.dk/se-og-stoet-forslag/?Id=FT-07361
Ophæv alle corona-restriktioner og luk Danmark op,https://borgerforslag.dk/se-og-stoet-forslag/?Id=FT-07417
Hårdere straf til drabsdømte,https://borgerforslag.dk/se-og-stoet-forslag/?Id=FT-07303
Inddrivelse af svindlergæld,https://borgerforslag.dk/se-og-stoet-forslag/?Id=FT-07466
Hæv forsamlingsforbuddet i foreningsidræt,https://borgerforslag.dk/se-og-stoet-forslag/?Id=FT-07332
Statslig finansiering af dansk Covid-19-vaccineproduktion,https://borgerforslag.dk/se-og-stoet-forslag/?Id=FT-07406
Covid19-bekæmpelse - Sms-beskeder via lokale sendemaster,https://borgerforslag.dk/se-og-stoet-forslag/?Id=FT-07458
Nationalisering af basale bankforretninger,https://borgerforslag.dk/se-og-stoet-forslag/?Id=FT-07376
Ophæv Tjenestemandsreformen fra 1969 - skab ligestilling i lønforholdet mellem offentlige faggrupper.,https://borgerforslag.dk/se-og-stoet-forslag/?Id=FT-07365
Magnus Heunicke for en rigsretssag nu!,https://borgerforslag.dk/se-og-stoet-forslag/?Id=FT-07424
Forslag om oprettelse af uvildig undersøgelseskommission af Sundhedsminister Magnus Heuniches Corona strategier.,https://borgerforslag.dk/se-og-stoet-forslag/?Id=FT-07094
Støj Hillerødmotorvejen,https://borgerforslag.dk/se-og-stoet-forslag/?Id=FT-07419
Afskaf Ny Tobak Lovgivning,https://borgerforslag.dk/se-og-stoet-forslag/?Id=FT-07322
Forslag til en mere human og solidarisk flygtningepolitik i Danmark,https://borgerforslag.dk/se-og-stoet-forslag/?Id=FT-07228
Ingen Skat af minimums leveomkostninger,https://borgerforslag.dk/se-og-stoet-forslag/?Id=FT-07149
Videregående uddanelser - meddelelse om optagelse fremrykkes.,https://borgerforslag.dk/se-og-stoet-forslag/?Id=FT-07194
Ændring af lovgivning for hadforbrydelser i Danmark,https://borgerforslag.dk/se-og-stoet-forslag/?Id=FT-07352
AFLYS DE PLANLAGTE AFGANGSPRØVER I LANDETS GRUNDSKOLER,https://borgerforslag.dk/se-og-stoet-forslag/?Id=FT-07351
Forbyd tyggetobak,https://borgerforslag.dk/se-og-stoet-forslag/?Id=FT-07276
"Godkendelse af universal led lyskilder til bilers forlygter, pære skal overholde lov om lyskeglens udseneudsende / længde",https://borgerforslag.dk/se-og-stoet-forslag/?Id=FT-07186
Hjælp til Coronafyrede,https://borgerforslag.dk/se-og-stoet-forslag/?Id=FT-07173
Mette Frederiksen skal ikke stilles for en rigsret,https://borgerforslag.dk/se-og-stoet-forslag/?Id=FT-07354
magnus heunicke for en rigsret NU,https://borgerforslag.dk/se-og-stoet-forslag/?Id=FT-07350
Tandlægen på lige vilkår med praktiserende læger over sundhedsvæsnet.,https://borgerforslag.dk/se-og-stoet-forslag/?Id=FT-07170
AFLYS ALLE FOLKESKOLENS AFGANGSEKSAMENER 2021,https://borgerforslag.dk/se-og-stoet-forslag/?Id=FT-07162
Fjern fribeløbet for SU!,https://borgerforslag.dk/se-og-stoet-forslag/?Id=FT-07182
Magnus Heuniche for en rigsret NU!,https://borgerforslag.dk/se-og-stoet-forslag/?Id=FT-07299
Nick Hækkerup SKAL for en rigsret,https://borgerforslag.dk/se-og-stoet-forslag/?Id=FT-07010
Psykologi fra 0. klasse,https://borgerforslag.dk/se-og-stoet-forslag/?Id=FT-06584
Aflysning af eksamener sommeren 2021,https://borgerforslag.dk/se-og-stoet-forslag/?Id=FT-07091
Virksomheds praktik for ydelser!,https://borgerforslag.dk/se-og-stoet-forslag/?Id=FT-07053
Frit valg af vaccine i forbindelse med COVID-19,https://borgerforslag.dk/se-og-stoet-forslag/?Id=FT-07239
Gratis offentlig transport i bybusser til hjemløse,https://borgerforslag.dk/se-og-stoet-forslag/?Id=FT-07167
Ja tak til reklamer frem for Nej tak - aktiv tilmelding til reklamer og tilbudsaviser mht miljøvenlighed,https://borgerforslag.dk/se-og-stoet-forslag/?Id=FT-07095
Danmark mod grænselukninger - Gør mobilitet til en europæisk menneskerettighed,https://borgerforslag.dk/se-og-stoet-forslag/?Id=FT-07246
Aflys alle HF og HF-enkeltfags eksamener sommeren 2021,https://borgerforslag.dk/se-og-stoet-forslag/?Id=FT-07177
Offentligt ansatte skal kunne gå sikkert på arbejde og kunne føle sig trygge når de har fri. Derfor er navnebeskyttelse en nødvendighed,https://borgerforslag.dk/se-og-stoet-forslag/?Id=FT-07243
Forslag om retningslinier for brug af klimarelaterede udsagn,https://borgerforslag.dk/se-og-stoet-forslag/?Id=FT-07258
Afskaf Epidemiloven,https://borgerforslag.dk/se-og-stoet-forslag/?Id=FT-07220
Alle fødende kvinder skal tilbydes op til 3 døgn på barselsafsnittet med døgnbemandet kompetent personale,https://borgerforslag.dk/se-og-stoet-forslag/?Id=FT-06972
Fri teltning ved Vesterhavets strande,https://borgerforslag.dk/se-og-stoet-forslag/?Id=FT-06813
"Fællesregister for kørekort, førekort, EU-bevis og nye kørekortkoder, til dokumenter, som skal medbringes under erhvervskørsel i Danmark.",https://borgerforslag.dk/se-og-stoet-forslag/?Id=FT-06875
Børnenes Ombudsmand,https://borgerforslag.dk/se-og-stoet-forslag/?Id=FT-07207
Genaflys alle prøver i mundtlig matematik på A-niveau,https://borgerforslag.dk/se-og-stoet-forslag/?Id=FT-07209
Parkeringsbøder,https://borgerforslag.dk/se-og-stoet-forslag/?Id=FT-07090
"Alle folkekirker, frikirker, varmestuer, velgørenhedsorganisationer og rehabiliteringscentre skal åbnes eller forblive åbne uanset.",https://borgerforslag.dk/se-og-stoet-forslag/?Id=FT-06904
Drop mundtlige matematik A eksamner,https://borgerforslag.dk/se-og-stoet-forslag/?Id=FT-06855
Opret en rigtig uafhængig instans som holder øje med og retsforfølger politi når de overtræder den mindste lov er det stadig en overtrædelse,https://borgerforslag.dk/se-og-stoet-forslag/?Id=FT-07160
Hurtig og rigtig hjælp til familier ved spædbarnsdød!,https://borgerforslag.dk/se-og-stoet-forslag/?Id=FT-06912
Forbud mod brændeovne i byzonen,https://borgerforslag.dk/se-og-stoet-forslag/?Id=FT-07156
"Forbud mod registrering af alder, køn og nationalitet ved jobsøgning via databaser, hvorved ansøgere kan frasorteres på disse parametre",https://borgerforslag.dk/se-og-stoet-forslag/?Id=FT-06872
Genindfør Uber,https://borgerforslag.dk/se-og-stoet-forslag/?Id=FT-06913
Drop samtlige eksaminer i Folkeskolen på uddannelsesinstitutioner,https://borgerforslag.dk/se-og-stoet-forslag/?Id=FT-07071
Stop statens klima-benspænd for kommunerne: Fjern bureaukrati og afgifterne på solceller,https://borgerforslag.dk/se-og-stoet-forslag/?Id=FT-07041
Statsministeren bør træde tilbage !!,https://borgerforslag.dk/se-og-stoet-forslag/?Id=FT-06899
Nemmere beskatning - indfør realisationsbeskatning,https://borgerforslag.dk/se-og-stoet-forslag/?Id=FT-06866
Lad de selvstændige beholde den skyldige moms,https://borgerforslag.dk/se-og-stoet-forslag/?Id=FT-06838
Gratis menstruationskop ved første blødning.,https://borgerforslag.dk/se-og-stoet-forslag/?Id=FT-07085
Jeg ønsker at gøre betspil onlinespil reklamer uglovligt i Danmark ligesom det er i USA. Vi har så mange ludomaner i Danmark.,https://borgerforslag.dk/se-og-stoet-forslag/?Id=FT-06950
DNA prøver til et kriminal-register fra samtlige unikke coronatest samt andre egnede prøver.,https://borgerforslag.dk/se-og-stoet-forslag/?Id=FT-06524
Bedre fødsler - forslag om indførelse af rettigheder til fødende,https://borgerforslag.dk/se-og-stoet-forslag/?Id=FT-06640
Gratis Internet,https://borgerforslag.dk/se-og-stoet-forslag/?Id=FT-06777
Handicaptillæg til studerende på ungdomsuddannelser,https://borgerforslag.dk/se-og-stoet-forslag/?Id=FT-06794
Eksaminer i gymnasiet i slutningen af skoleåret 20-21 aflyses ligesom i skoleåret 19-20,https://borgerforslag.dk/se-og-stoet-forslag/?Id=FT-06989
Generelt forbud mod telefonsalg,https://borgerforslag.dk/se-og-stoet-forslag/?Id=FT-07020
Mette Frederiksen for en rigsret for en uansvarlig nedlukning af landet,https://borgerforslag.dk/se-og-stoet-forslag/?Id=FT-07047
Begrænsning af husleje for lejeboliger i København,https://borgerforslag.dk/se-og-stoet-forslag/?Id=FT-06915
Billigere eller gratis rejser over Storebæltsbroen,https://borgerforslag.dk/se-og-stoet-forslag/?Id=FT-07026
Hjælp børnene fra AL-HOL LEJERN i Syrien hjem - Det er Aldrig børnenes skyld,https://borgerforslag.dk/se-og-stoet-forslag/?Id=FT-06876
Almindelig tandlægebehandling skal gøres skattebetalt,https://borgerforslag.dk/se-og-stoet-forslag/?Id=FT-06674
Sygdomsfuldmagt fra periodisk psykisk syge borgere,https://borgerforslag.dk/se-og-stoet-forslag/?Id=FT-06911
Import af biomasse,https://borgerforslag.dk/se-og-stoet-forslag/?Id=FT-06922
"Ikke brugte Feriepenge, automatisk udbetalt på konto.",https://borgerforslag.dk/se-og-stoet-forslag/?Id=FT-06877
Vaccination af lærere og pædagoger,https://borgerforslag.dk/se-og-stoet-forslag/?Id=FT-06944
Automatisk statsborgerskab til børn og unge ved fødslen eller efter 5 års ophold i Danmark.,https://borgerforslag.dk/se-og-stoet-forslag/?Id=FT-06867
Genindførelse af proportionalitetsprincippet i håndtering af sager vedrørende folkesundheden,https://borgerforslag.dk/se-og-stoet-forslag/?Id=FT-06767
"Afskaf mediestøtte, licens og statsmedier",https://borgerforslag.dk/se-og-stoet-forslag/?Id=FT-06930
Adskillelse af personregistrering og Folkekirken,https://borgerforslag.dk/se-og-stoet-forslag/?Id=FT-06937
Lov om sygeplejersker af 2021,https://borgerforslag.dk/se-og-stoet-forslag/?Id=FT-06593
Døde med Corona Vaccine skal Offentligtgøres på Daglig Basis,https://borgerforslag.dk/se-og-stoet-forslag/?Id=FT-06907
GENÅBN MINKINDUSTRIEN NU,https://borgerforslag.dk/se-og-stoet-forslag/?Id=FT-06778
Forvaltningsdomstol i Danmark NU,https://borgerforslag.dk/se-og-stoet-forslag/?Id=FT-06850
Flere offentlige sne-/isbroer på rastepladser og i alle industriområder!,https://borgerforslag.dk/se-og-stoet-forslag/?Id=FT-06700
Gratis eller billigere begravelse,https://borgerforslag.dk/se-og-stoet-forslag/?Id=FT-06874
Nej gensidig forsørger pligt for pensionister og førtidspensionister,https://borgerforslag.dk/se-og-stoet-forslag/?Id=FT-06774
Gymnasieelever skal anonymiseres ved vurdering af afleveringer,https://borgerforslag.dk/se-og-stoet-forslag/?Id=FT-06555
Aflys nationale tests,https://borgerforslag.dk/se-og-stoet-forslag/?Id=FT-06750
Manglende Seniorpræmie til arbejdende født i 1953,https://borgerforslag.dk/se-og-stoet-forslag/?Id=FT-06622
"udskift salt med sand, på de danske veje.",https://borgerforslag.dk/se-og-stoet-forslag/?Id=FT-06835
Inger Støjberg fritages for rigsret,https://borgerforslag.dk/se-og-stoet-forslag/?Id=FT-06540
Retsikkerhed i forhold til Me Too fænomenet.,https://borgerforslag.dk/se-og-stoet-forslag/?Id=FT-06546
Politiske partier må ikke annocere på facebook,https://borgerforslag.dk/se-og-stoet-forslag/?Id=FT-06820
"Modsvar til aflysning af eksaminerne, for de afsluttende klasser, sommeren 2021",https://borgerforslag.dk/se-og-stoet-forslag/?Id=FT-06818
Giv eleverne på ungdomsuddannelserne en retfærdig afslutning!,https://borgerforslag.dk/se-og-stoet-forslag/?Id=FT-06731
Ens værnepligt for både mænd og kvinder,https://borgerforslag.dk/se-og-stoet-forslag/?Id=FT-06807
Fokus på unges psyke under covid-19: Efterskoler og højskoler bør undtages for nedlukning,https://borgerforslag.dk/se-og-stoet-forslag/?Id=FT-06552
Ung under Covid-19: Efterskoler og højskoler bør undtages for nedlukning,https://borgerforslag.dk/se-og-stoet-forslag/?Id=FT-06804
Retfærdig værnepligt - for mænd og kvinder,https://borgerforslag.dk/se-og-stoet-forslag/?Id=FT-06601
Gør det frivilligt at betale til Danmarks Radio og TV2,https://borgerforslag.dk/se-og-stoet-forslag/?Id=FT-06680
Genetabler videnscenter for alternativ behandling,https://borgerforslag.dk/se-og-stoet-forslag/?Id=FT-06645
"Ændre fyrværkeriloven således, at fyværkeri kun må benyttes nytårsaften.",https://borgerforslag.dk/se-og-stoet-forslag/?Id=FT-06643
Altaner - vedligeholdelse og ansvar,https://borgerforslag.dk/se-og-stoet-forslag/?Id=FT-06490
Gør det gratis at have en nemkonto i Danmark,https://borgerforslag.dk/se-og-stoet-forslag/?Id=FT-06491
Giv børn der fødes her i landet automatisk dansk statsborgerskab – jus soli,https://borgerforslag.dk/se-og-stoet-forslag/?Id=FT-06444
Bankerne skal stoppe med at trække minus renter på kreditor beskyttede kontoer,https://borgerforslag.dk/se-og-stoet-forslag/?Id=FT-06440
pensions opsparring for folketings politikere,https://borgerforslag.dk/se-og-stoet-forslag/?Id=FT-06442
Mette Frederiksen for en rigsretssag Nu,https://borgerforslag.dk/se-og-stoet-forslag/?Id=FT-06659
Flere kompetencer til Datatilsynet,https://borgerforslag.dk/se-og-stoet-forslag/?Id=FT-06636
Skattefrafrag for frivillige i Hjemmeværnet og Beredskabet,https://borgerforslag.dk/se-og-stoet-forslag/?Id=FT-06607
"Lovændring vedr. Helårsbeboelse af sommerhuse, kolonihaver, husbåde og på campingpladser.",https://borgerforslag.dk/se-og-stoet-forslag/?Id=FT-06561
Forbud imod fyrværkeri med plastikdele,https://borgerforslag.dk/se-og-stoet-forslag/?Id=FT-06528
Onkel Reje tilbage til Ramasjang DR TV,https://borgerforslag.dk/se-og-stoet-forslag/?Id=FT-06342
Kontakt mellem det offentlige og sygemeldte borgere,https://borgerforslag.dk/se-og-stoet-forslag/?Id=FT-06389
Stop webshops abonnementssnyd,https://borgerforslag.dk/se-og-stoet-forslag/?Id=FT-06405
Mere og bedre seksualundervisning (obligatorisk seksualundervisning i folkeskolen og på ungdomsuddannelserne),https://borgerforslag.dk/se-og-stoet-forslag/?Id=FT-06268
En god afslutning til 3.g'erne,https://borgerforslag.dk/se-og-stoet-forslag/?Id=FT-06514
Afskaffelse af udligningsreform og refusionsordning,https://borgerforslag.dk/se-og-stoet-forslag/?Id=FT-06317
Autorisation af specialuddannede socialpædagoger,https://borgerforslag.dk/se-og-stoet-forslag/?Id=FT-06307
"Plombering af dansk indregistrerede biler, så de har en max. hastighed, til forebyggelse af vanvidskørsel med langt over 130 km/t",https://borgerforslag.dk/se-og-stoet-forslag/?Id=FT-06469
Inger Støjberg skal for en rigsret - NU!,https://borgerforslag.dk/se-og-stoet-forslag/?Id=FT-06468
Foreslag til konkret hastigheds grænse på 20kmt når billister passere heste med 5 meter eller mindre i side afstand til hest og rytter.,https://borgerforslag.dk/se-og-stoet-forslag/?Id=FT-06411
Bedre mulighed for hjemmepasning af eget barn,https://borgerforslag.dk/se-og-stoet-forslag/?Id=FT-06395
Krav om brug af en neutral konfliktmægler,https://borgerforslag.dk/se-og-stoet-forslag/?Id=FT-06353
Fri proces i grove injuriesager,https://borgerforslag.dk/se-og-stoet-forslag/?Id=FT-06240
Fuld løn under uddannelse til offentlige servicemedarbejdere i kritiske jobfunktioner,https://borgerforslag.dk/se-og-stoet-forslag/?Id=FT-06376
Dansk veto mod Eu-Mercosur handelsaftalen,https://borgerforslag.dk/se-og-stoet-forslag/?Id=FT-06218
Mere barsels ligestilling,https://borgerforslag.dk/se-og-stoet-forslag/?Id=FT-06227
"Har den danmarks statsminister landets befolkning bag sig, i forbindelse med den måde covid-19 sagen er håndteret på.",https://borgerforslag.dk/se-og-stoet-forslag/?Id=FT-06359
Forslag til lov der forbyder krav om vaccinepas/vaccinestatus indenfor Danmarks grænser.,https://borgerforslag.dk/se-og-stoet-forslag/?Id=FT-06305
Styrk indsatsen af faunakriminalitet,https://borgerforslag.dk/se-og-stoet-forslag/?Id=FT-06220
"Bevar kræftbehandlingen af børn, uændret på de nuværende fire lokationer i Danmark.",https://borgerforslag.dk/se-og-stoet-forslag/?Id=FT-06156
Forslag om bred politisk opbakning til vidtrækkende restriktioner,https://borgerforslag.dk/se-og-stoet-forslag/?Id=FT-06303
Forslag til boykot af VM i Qatar 2022,https://borgerforslag.dk/se-og-stoet-forslag/?Id=FT-06314
Gratis menstruationsprodukter til alle kvinder,https://borgerforslag.dk/se-og-stoet-forslag/?Id=FT-06286
Indbrud i private-hjem og -virksomheder!!!,https://borgerforslag.dk/se-og-stoet-forslag/?Id=FT-06117
Forbud mod spilreklamer på tv,https://borgerforslag.dk/se-og-stoet-forslag/?Id=FT-06197
Ændringer af Psykolognævnet og lov om autorisation til psykologer,https://borgerforslag.dk/se-og-stoet-forslag/?Id=FT-06249
Menstruationsprodukter uden moms og gratis til studerende!,https://borgerforslag.dk/se-og-stoet-forslag/?Id=FT-06171
Fuld fradrag ved køb af el-cykler pga. coronarestriktioner og anbefalinger,https://borgerforslag.dk/se-og-stoet-forslag/?Id=FT-06129
Fradrag for Parkering i forbindelse med arbejde,https://borgerforslag.dk/se-og-stoet-forslag/?Id=FT-06104
Oprettelse af en Nationalpark på hele Røsnæs-halvøen,https://borgerforslag.dk/se-og-stoet-forslag/?Id=FT-06105
Kræftramte børn og voksne skal behandles i nærområdet,https://borgerforslag.dk/se-og-stoet-forslag/?Id=FT-06060
Stop fyrværkeri,https://borgerforslag.dk/se-og-stoet-forslag/?Id=FT-06138
Væk med Gensidig Forsørgerpligt,https://borgerforslag.dk/se-og-stoet-forslag/?Id=FT-06193
Gratis menstruationsprodukter,https://borgerforslag.dk/se-og-stoet-forslag/?Id=FT-06141
"Indfør skattefradrag for bonus til ansatte, der cykler på arbejde.",https://borgerforslag.dk/se-og-stoet-forslag/?Id=FT-06076
Forslag om mulighed for karantæne af avlsdyr fra danske minkbesætninger,https://borgerforslag.dk/se-og-stoet-forslag/?Id=FT-06061
Afskaffelse af mulighederne for tvangsbortadoption,https://borgerforslag.dk/se-og-stoet-forslag/?Id=FT-06050
Videooptagelse af børnesamtale,https://borgerforslag.dk/se-og-stoet-forslag/?Id=FT-06033
3 års frakendelse af kørekort for at stikke af,https://borgerforslag.dk/se-og-stoet-forslag/?Id=FT-06140
Bonusordninger skal afskaffes,https://borgerforslag.dk/se-og-stoet-forslag/?Id=FT-05981
Afskaffelse af erhverv hvis formål kun er til for at udnytte dyrs pels.,https://borgerforslag.dk/se-og-stoet-forslag/?Id=FT-06089
Økonomisk friplads til private pasningsordninger,https://borgerforslag.dk/se-og-stoet-forslag/?Id=FT-06001
FORBUD MOD AL PELSALV I DANMARK,https://borgerforslag.dk/se-og-stoet-forslag/?Id=FT-06102
Stop aldersdiskrimination for mennesker over 60 år i forbindelse med optagelse af kreditforeningslån i banker og kreditforeninger,https://borgerforslag.dk/se-og-stoet-forslag/?Id=FT-05862
Nej til tvungen mundbind!,https://borgerforslag.dk/se-og-stoet-forslag/?Id=FT-06094
Stop aflivning af raske mink pga. COVID19 og giv en fyldestgørende kompensation til de erhvervsdrivende bag,https://borgerforslag.dk/se-og-stoet-forslag/?Id=FT-05966
Betalt barsel til begge forældre i op til 12 måneder,https://borgerforslag.dk/se-og-stoet-forslag/?Id=FT-06082
Legalisér Marijuana og dyrk det i de tomme avlshuse på minkfarmene.,https://borgerforslag.dk/se-og-stoet-forslag/?Id=FT-06075
Sagsbehandlingsgaranti med nationale tidsfrister og tværfaglig kvalitet i sagsbehandlingen for syge.,https://borgerforslag.dk/se-og-stoet-forslag/?Id=FT-05922
Værnemiddels fradrag,https://borgerforslag.dk/se-og-stoet-forslag/?Id=FT-06029
Undervisning i forebyggelse af sexisme og racisme på ungdomsudannelser,https://borgerforslag.dk/se-og-stoet-forslag/?Id=FT-05891
"Klimamærkning på fødevarer, der angiver varens CO2-aftryk",https://borgerforslag.dk/se-og-stoet-forslag/?Id=FT-06032
Kropskamera på alle gadebetjente i Danmark,https://borgerforslag.dk/se-og-stoet-forslag/?Id=FT-06004
Socialrådgiverne under lov om autorisation,https://borgerforslag.dk/se-og-stoet-forslag/?Id=FT-05991
Hæv aldersgrænsen for køb af alkohol i Danmark til 18 år.,https://borgerforslag.dk/se-og-stoet-forslag/?Id=FT-05896
Udokumenterede skøn skal ikke tages seriøst,https://borgerforslag.dk/se-og-stoet-forslag/?Id=FT-05992
Ændring af lovgivningen således at ernæringspleje tydeliggøres og præciseres i behandlingen og plejen af syge og ældre,https://borgerforslag.dk/se-og-stoet-forslag/?Id=FT-05970
Videooptagelser af børnesamtaler,https://borgerforslag.dk/se-og-stoet-forslag/?Id=FT-05880
Flere kvindelige forfattere på dansk litteraturs kanon for folkeskolen,https://borgerforslag.dk/se-og-stoet-forslag/?Id=FT-05835
Obligatorisk stillingtagen til organdonation fra 18 år,https://borgerforslag.dk/se-og-stoet-forslag/?Id=FT-05861
Tidssvarende rammer for dagpengemodtagere: forslag til ændring af rettigheder og krav.,https://borgerforslag.dk/se-og-stoet-forslag/?Id=FT-05842
KATTEGATFORBINDELSE TIL VEJLEDENDE FOLKEAFSTEMNING,https://borgerforslag.dk/se-og-stoet-forslag/?Id=FT-05956
Mindre støj fra motorveje i bynære områder.,https://borgerforslag.dk/se-og-stoet-forslag/?Id=FT-05824
Dobbeltrettet cykelsti og gangsti over Storebælt,https://borgerforslag.dk/se-og-stoet-forslag/?Id=FT-05931
Afskaffelse af bekendtgørelse om Egenbetaling,https://borgerforslag.dk/se-og-stoet-forslag/?Id=FT-05906
INGEN tvangsvaccine mod covid-19,https://borgerforslag.dk/se-og-stoet-forslag/?Id=FT-05898
Tilbud om udredning efter 1. spontane abort.,https://borgerforslag.dk/se-og-stoet-forslag/?Id=FT-05793
Gør organdonation automatisk fra fødslen og til et aktivt fravalg når man bliver 18år,https://borgerforslag.dk/se-og-stoet-forslag/?Id=FT-05767
Borgerforslag til revision af reglerne for supplerende dagpenge gældende for selvstændig bibeskæftigelse.,https://borgerforslag.dk/se-og-stoet-forslag/?Id=FT-05665
Forbyd de danske minkfarme,https://borgerforslag.dk/se-og-stoet-forslag/?Id=FT-05853
Tilbud om psykologhjælp efter 1. spontane abort – uanset graviditetsuge.,https://borgerforslag.dk/se-og-stoet-forslag/?Id=FT-05819
"Fritagelse for, eller nedsættelse af, strømafgifter for virksomheder der vederlagsfrit tilbyder opladning af elbiler.",https://borgerforslag.dk/se-og-stoet-forslag/?Id=FT-05711
Dyremishandling SKAL straffes HÅRDT!,https://borgerforslag.dk/se-og-stoet-forslag/?Id=FT-05838
Lov om benægtelse af folkedrab i Srebrenica BiH,https://borgerforslag.dk/se-og-stoet-forslag/?Id=FT-05763
Alle herrelandsholdets kampe skal vises på hovedkanalerne i Danmark (DR og TV2),https://borgerforslag.dk/se-og-stoet-forslag/?Id=FT-05751
Tandlæge behandling skal gå ind under den normale sygeforsikring.,https://borgerforslag.dk/se-og-stoet-forslag/?Id=FT-05664
Lærere og pædagoger kan springe over i corona-køen,https://borgerforslag.dk/se-og-stoet-forslag/?Id=FT-05658
Digital dannelse på skoleskemaet i folkeskolen,https://borgerforslag.dk/se-og-stoet-forslag/?Id=FT-05677
Forstærket Grænsehegn,https://borgerforslag.dk/se-og-stoet-forslag/?Id=FT-05731
Hente uledsagede børn til Danmark fra Moria-lejren,https://borgerforslag.dk/se-og-stoet-forslag/?Id=FT-05650
Det skal være lovpligtigt at bruge en godkendt cykel- eller høvdingehjelm til alle åbne køretøjer på offentlig vej undtagen bil.,https://borgerforslag.dk/se-og-stoet-forslag/?Id=FT-05679
"Forslag til afholdelse af folkeafstemning om Danmarks tilhørsforhold til Den Europæiske Union, EU",https://borgerforslag.dk/se-og-stoet-forslag/?Id=FT-05720
Reklameforbud alkohol/spiritus,https://borgerforslag.dk/se-og-stoet-forslag/?Id=FT-05716
Forbyd salg af fyrværkeri til privat brug.,https://borgerforslag.dk/se-og-stoet-forslag/?Id=FT-05649
Tobaksforbud,https://borgerforslag.dk/se-og-stoet-forslag/?Id=FT-05705
Skal dine børn trives bedre? Få pædagoger og trivsel på skoleskemaet.,https://borgerforslag.dk/se-og-stoet-forslag/?Id=FT-05641
Hente uledsagede børn til Danmark fra Moria-lejren eller en af de andre lejre på Lesbos,https://borgerforslag.dk/se-og-stoet-forslag/?Id=FT-05697
"Afskaffelse af vægtafgift, grøn ejerafgift og privatbenyttelsesafgift",https://borgerforslag.dk/se-og-stoet-forslag/?Id=FT-05660
"""Lov om ændring af lov om foranstaltninger mod smitsomme og andre overførbare sygdomme / LOV nr 208 af 17/03/2020"" skal fjernes omgående.",https://borgerforslag.dk/se-og-stoet-forslag/?Id=FT-05624
Evakuér børnene fra Moria,https://borgerforslag.dk/se-og-stoet-forslag/?Id=FT-05613
Ansvarspådragelse for skoler,https://borgerforslag.dk/se-og-stoet-forslag/?Id=FT-05533
Bedre beskyttelse af børn mod seksuelle overgreb,https://borgerforslag.dk/se-og-stoet-forslag/?Id=FT-05630
Udvidelse af sorgorlov med en national sorgorlovsfond,https://borgerforslag.dk/se-og-stoet-forslag/?Id=FT-05631
Gør cykelhjelm lovpligtigt,https://borgerforslag.dk/se-og-stoet-forslag/?Id=FT-05635
Cykelhjelm skal gøres lovpligtigt,https://borgerforslag.dk/se-og-stoet-forslag/?Id=FT-05534
"Voldtægt- og overgrebsofre skal kunne henvises til psykolog i længere tid end 12 måneder, og sporsiking skal gemmes længere end i 3 måneder",https://borgerforslag.dk/se-og-stoet-forslag/?Id=FT-05607
Dansk Retursystem skal have en rusker,https://borgerforslag.dk/se-og-stoet-forslag/?Id=FT-05599
Gratis kollektiv transport,https://borgerforslag.dk/se-og-stoet-forslag/?Id=FT-05447
Miljø Fradrag,https://borgerforslag.dk/se-og-stoet-forslag/?Id=FT-05572
ALMEN PRAKTISERENDE LÆGER SKAL FOPLIGTES TIL AT TILBYDE/INDKALDE DERES PATIENTER TIL SUNDHEDSTJEK ÈN GANG OM ÅRET.,https://borgerforslag.dk/se-og-stoet-forslag/?Id=FT-05590
Forældres ret til barns sygedage i DK,https://borgerforslag.dk/se-og-stoet-forslag/?Id=FT-05557
"Bedre mulighed for behandling af barnløshed hos infertile kvinder, par og homoseksuelle mænd",https://borgerforslag.dk/se-og-stoet-forslag/?Id=FT-05550
Ændring af lovgivning om ret til pasning af sygt barn ved almen sygdom,https://borgerforslag.dk/se-og-stoet-forslag/?Id=FT-05520
Afgift på fossile brændstoffer til køretøjer,https://borgerforslag.dk/se-og-stoet-forslag/?Id=FT-05459
Torkserogn,https://borgerforslag.dk/se-og-stoet-forslag/?Id=FT-05438
Giv politiet mulighed for at reagere på byggelarm udenfor tilladt tidsrum,https://borgerforslag.dk/se-og-stoet-forslag/?Id=FT-05467
Ophævelse af krav om mundbind,https://borgerforslag.dk/se-og-stoet-forslag/?Id=FT-05509
Mænd i krise skal også kunne komme på krisecenter,https://borgerforslag.dk/se-og-stoet-forslag/?Id=FT-05486
"Opret et statsejet pengeinstitut til løn og opsparing, afskaf negativ rente, og hjælp den grønne omstilling.",https://borgerforslag.dk/se-og-stoet-forslag/?Id=FT-05411
Nedsættelse af ekspertgruppe til udarbejdelse af politisk handlingsplan for afvikling af konventionel svineproduktion inden år 2025,https://borgerforslag.dk/se-og-stoet-forslag/?Id=FT-05506
Ratificér CERD34 - bekæmp racisme nu,https://borgerforslag.dk/se-og-stoet-forslag/?Id=FT-05484
Bindende folkeafstemning om fortsat medlemskab af EU,https://borgerforslag.dk/se-og-stoet-forslag/?Id=FT-05479
"Nul tolerance ved overtrædelse af dyreværnsloven, samt fjernelse af dyrerne ved grov første gangs vanrøgt.",https://borgerforslag.dk/se-og-stoet-forslag/?Id=FT-05474
Økonomi som obligatorisk fag i folkeskolen,https://borgerforslag.dk/se-og-stoet-forslag/?Id=FT-05483
Afskaf racismeparagraffen,https://borgerforslag.dk/se-og-stoet-forslag/?Id=FT-05475
"Destruktion af børnepornografisk materiale på udlånsinstitutioner, og det Kongelige Bibliotek.",https://borgerforslag.dk/se-og-stoet-forslag/?Id=FT-05414
Hundeloven,https://borgerforslag.dk/se-og-stoet-forslag/?Id=FT-05395
Alle der indrejser til Danmark skal testes for Covid19,https://borgerforslag.dk/se-og-stoet-forslag/?Id=FT-05368
Handicapområdet skal væk fra kommunerne,https://borgerforslag.dk/se-og-stoet-forslag/?Id=FT-05366
Strengere straf til vanvidsbilister som dræber,https://borgerforslag.dk/se-og-stoet-forslag/?Id=FT-05431
"Forbud mod registrering af alder, køn og nationalitet ved jobsøgning via databaser",https://borgerforslag.dk/se-og-stoet-forslag/?Id=FT-05426
Indtægt til førtids/pensionister uden at blive ramt på boligsikring,https://borgerforslag.dk/se-og-stoet-forslag/?Id=FT-05430
Skattebetalte bisættelser og begravelser for alle danskere,https://borgerforslag.dk/se-og-stoet-forslag/?Id=FT-05419
Palæstina er vores fødselsregistreringssted,https://borgerforslag.dk/se-og-stoet-forslag/?Id=FT-05409
Danmark skal tilslutte sig FN-traktaten om forbud mod atomvåben.,https://borgerforslag.dk/se-og-stoet-forslag/?Id=FT-05405
Red de sydfynske kulturlandskaber og EU fredede naturområder fra Alsfynbro og motorvej,https://borgerforslag.dk/se-og-stoet-forslag/?Id=FT-05365
"Stop diskrimination af palæstinensiskfødte danskere, så de kan anføre Palæstina som fødselsregistreringssted i deres pas eller kørekort",https://borgerforslag.dk/se-og-stoet-forslag/?Id=FT-05406
Forslag om bidragelse til eget fængsels ophold. Mindre velfærd i fængsel til fordel fordel for mere velfærd i ældreplejen.,https://borgerforslag.dk/se-og-stoet-forslag/?Id=FT-05383
Indfør obligatorisk genbrugsvejledning på emballage,https://borgerforslag.dk/se-og-stoet-forslag/?Id=FT-05349
Arbejdsløs på grund af corona,https://borgerforslag.dk/se-og-stoet-forslag/?Id=FT-05378
Selvforsvar i folkeskolen og/eller gymnasier,https://borgerforslag.dk/se-og-stoet-forslag/?Id=FT-05377
Lovligør Cannabis,https://borgerforslag.dk/se-og-stoet-forslag/?Id=FT-05358
Tilbageførelse af Epidemilovens §27 til ordlyden før 12. marts 2020,https://borgerforslag.dk/se-og-stoet-forslag/?Id=FT-05289
Krav om uddannet social pædagogisk personale og minimums nomeringer på Bosteder efter Servicelovens § 107 og § 108,https://borgerforslag.dk/se-og-stoet-forslag/?Id=FT-05311
Flere magtbeføjelser og midler til Politiet og forstærkning fra Forsvaret,https://borgerforslag.dk/se-og-stoet-forslag/?Id=FT-05309
Forslag til revurdering af Straffelovens § 266b den såkaldte racisme paragraf.,https://borgerforslag.dk/se-og-stoet-forslag/?Id=FT-05238
Fritag udbetalinger af indefrosne feriepenge for topskat,https://borgerforslag.dk/se-og-stoet-forslag/?Id=FT-05241
Gratis kørsel over Storebæltsbroen,https://borgerforslag.dk/se-og-stoet-forslag/?Id=FT-05293
"Send pandaerne i Kbh Zoo, Xing Er og Mao Sun, tilbage til Kina",https://borgerforslag.dk/se-og-stoet-forslag/?Id=FT-05243
"Ophæv loven om nedrivning og salg af almene boliger og afskaf de såkaldte ""ghettolister""",https://borgerforslag.dk/se-og-stoet-forslag/?Id=FT-05222
"Ny officiel navngivning af farven, der kun er kendt som ""hudfarvet""",https://borgerforslag.dk/se-og-stoet-forslag/?Id=FT-05197
Indfør 10 nye helligdage,https://borgerforslag.dk/se-og-stoet-forslag/?Id=FT-05271
frigiv indefrosne feriemidler,https://borgerforslag.dk/se-og-stoet-forslag/?Id=FT-05276
1 - 2 måneder skattefrit,https://borgerforslag.dk/se-og-stoet-forslag/?Id=FT-05257
Kropskamera til alle politibetjente med borgerkontakt,https://borgerforslag.dk/se-og-stoet-forslag/?Id=FT-05251
Afgangselever i folkeskolen skal have lov til at kaste karameller!,https://borgerforslag.dk/se-og-stoet-forslag/?Id=FT-05252
"Sænk moms og afgift på ""Grænsevarer""",https://borgerforslag.dk/se-og-stoet-forslag/?Id=FT-05250
Hunde skal også have lov til at leve,https://borgerforslag.dk/se-og-stoet-forslag/?Id=FT-05185
En mere kreativ CO2 afgift,https://borgerforslag.dk/se-og-stoet-forslag/?Id=FT-05087
Skattebetalt tandlæge,https://borgerforslag.dk/se-og-stoet-forslag/?Id=FT-05199
Nej til Muslimsk kalden til bøn i det offentlige rum,https://borgerforslag.dk/se-og-stoet-forslag/?Id=FT-05186
Forslag om besøg fra udenlandske kærester som anerkendelsesværdigt formål under Corona-krisen!,https://borgerforslag.dk/se-og-stoet-forslag/?Id=FT-05131
IVS Selskaber skal ikke forbydes med tilbage virkende kraft..,https://borgerforslag.dk/se-og-stoet-forslag/?Id=FT-05164
Kirkeskatten bør være ens for alle medlemmer af den danske folkekirke.,https://borgerforslag.dk/se-og-stoet-forslag/?Id=FT-05112
"Forslag om genopbygning af demokratisk kontrolleret produktion af vacciner svarende til den, man tidligere havde på Statens Serum Institut",https://borgerforslag.dk/se-og-stoet-forslag/?Id=FT-05101
Stop oliejagten NU,https://borgerforslag.dk/se-og-stoet-forslag/?Id=FT-05034
STUDENTERKØRSEL 2020,https://borgerforslag.dk/se-og-stoet-forslag/?Id=FT-05167
1.- og 2.g'ere på ungdomsuddannelserne skal tilbage i skole inden sommerferien!,https://borgerforslag.dk/se-og-stoet-forslag/?Id=FT-05140
Plantning af skove i Danmark,https://borgerforslag.dk/se-og-stoet-forslag/?Id=FT-05037
Finansiering af udgifter til Kongehuset som tilvalg/fravalg over skat.,https://borgerforslag.dk/se-og-stoet-forslag/?Id=FT-05033
Annulering af ordre på 27 nye kampfly,https://borgerforslag.dk/se-og-stoet-forslag/?Id=FT-04942
pædofili tillægsdom,https://borgerforslag.dk/se-og-stoet-forslag/?Id=FT-04911
"Fritagelse på varer som er over salgsdato, så butikker kan give det ud, i stedet for at smide det ud.",https://borgerforslag.dk/se-og-stoet-forslag/?Id=FT-05038
Fjern afgift fra spillemaskiner på værthuse,https://borgerforslag.dk/se-og-stoet-forslag/?Id=FT-05018
En demens tv kanal,https://borgerforslag.dk/se-og-stoet-forslag/?Id=FT-04959
Annuller beslutningen om at anlægge gasrørledningen Baltic Pipe.,https://borgerforslag.dk/se-og-stoet-forslag/?Id=FT-04982
Forlængelse af nedfrysning af befrugtede og ubefrugtede æg,https://borgerforslag.dk/se-og-stoet-forslag/?Id=FT-04964
"Normalisér børnelivet i vuggestuer, børnehaver og skoler: Revidér de sundhedsfaglige retningslinjer for børnepasning og skolegang nu.",https://borgerforslag.dk/se-og-stoet-forslag/?Id=FT-04903
MOMS reduktion til kickstart af økonomien,https://borgerforslag.dk/se-og-stoet-forslag/?Id=FT-04951
Billigere priser på laktosefrie og glutenfrie fødevarer,https://borgerforslag.dk/se-og-stoet-forslag/?Id=FT-04962
Ellebæk - udrejsecenter,https://borgerforslag.dk/se-og-stoet-forslag/?Id=FT-04894
Udvidelse af håndværkerfradraget i 2020,https://borgerforslag.dk/se-og-stoet-forslag/?Id=FT-04938
FULDT UD LIGE FORÆLDRERETTIGHEDER !,https://borgerforslag.dk/se-og-stoet-forslag/?Id=FT-04902
Aflysning eksaminer for ungdomsuddannelserne,https://borgerforslag.dk/se-og-stoet-forslag/?Id=FT-04878
"Der er behov for robust og bæredygtig lovgivning, der kan regulere og adgangsbegrænse onlineporno med det formål at beskytte børn",https://borgerforslag.dk/se-og-stoet-forslag/?Id=FT-04880
Mit barn er ikke noget forsøgsdyr,https://borgerforslag.dk/se-og-stoet-forslag/?Id=FT-04838
"Børn, forældre og ansattes rettigheder under genåbningen af samfundet ifm. Corona",https://borgerforslag.dk/se-og-stoet-forslag/?Id=FT-04864
"Social retfærdig borgerløn, med mulighed for indtægt op til 7.500 kr. oveni i borgerlønnen på 19.000 kr. pr. måned.",https://borgerforslag.dk/se-og-stoet-forslag/?Id=FT-04702
Aflys Ungdomsuddannelsernes Eksaminer og Lad Årskarakterer Gælde i Stedet,https://borgerforslag.dk/se-og-stoet-forslag/?Id=FT-04849
Bonus til personale som varetager kritiske funktioner,https://borgerforslag.dk/se-og-stoet-forslag/?Id=FT-04840
Aflys eksaminer på ungdomsuddannelserne grundet COVID-19,https://borgerforslag.dk/se-og-stoet-forslag/?Id=FT-04796
Aflys de gymnasiale eksaminer 2020,https://borgerforslag.dk/se-og-stoet-forslag/?Id=FT-04826
indefrosset arv mm.,https://borgerforslag.dk/se-og-stoet-forslag/?Id=FT-04824
Mulighed for eksamen eller en karakter givet af læreren på baggrund af elevens egenskaber.,https://borgerforslag.dk/se-og-stoet-forslag/?Id=FT-04742
Erstat afgangselevers afsluttende eksamener med årskarakterer på ungdomsuddannelserne,https://borgerforslag.dk/se-og-stoet-forslag/?Id=FT-04814
Børnebidrag - normalbidrag,https://borgerforslag.dk/se-og-stoet-forslag/?Id=FT-04801
Spritdispensere,https://borgerforslag.dk/se-og-stoet-forslag/?Id=FT-04791
Tilbyd C-vitamin til alle indlagte med coronavirus,https://borgerforslag.dk/se-og-stoet-forslag/?Id=FT-04707
Afskaf Sommertid,https://borgerforslag.dk/se-og-stoet-forslag/?Id=FT-04706
"Børn af danske statsborgere, samt deres forældre skal hentes hjem til Danmark, fra flygtningelejrene Al-Hol og Al- Roj i Syrien.",https://borgerforslag.dk/se-og-stoet-forslag/?Id=FT-04749
Fradrag - Coronahjælp,https://borgerforslag.dk/se-og-stoet-forslag/?Id=FT-04746
Beslaglagte feriepenge frigives for at afbøde negative konsekvenser af Coronaen,https://borgerforslag.dk/se-og-stoet-forslag/?Id=FT-04727
Fjerne tvangs vaccinationer og flytte beslutningskompetencen fra sundhedsministeren tilbage til kommission af upartiske fagfolk,https://borgerforslag.dk/se-og-stoet-forslag/?Id=FT-04679
"Samfundssind ifbm. coronavirus/Covid-19, pandemi",https://borgerforslag.dk/se-og-stoet-forslag/?Id=FT-04716
Udbetal indefrosne feriepenge,https://borgerforslag.dk/se-og-stoet-forslag/?Id=FT-04689
Håndtering af Covid-19: Højskoler og efterskoler bør undtages fra nedlukningen af offentlige institutioner,https://borgerforslag.dk/se-og-stoet-forslag/?Id=FT-04697
"Bødeforlæg på 1500 kr for henkastning af affald på gaden, fra biler og i naturen",https://borgerforslag.dk/se-og-stoet-forslag/?Id=FT-04682
Kriseløn fra staten,https://borgerforslag.dk/se-og-stoet-forslag/?Id=FT-04692
Opkvalificering af SOSU assistenter til sygeplejersker - på hospitaler .,https://borgerforslag.dk/se-og-stoet-forslag/?Id=FT-04633
Efterløn,https://borgerforslag.dk/se-og-stoet-forslag/?Id=FT-04576
Forbud mod demonstrationer nær begravelser,https://borgerforslag.dk/se-og-stoet-forslag/?Id=FT-04625
sygehuset har pligt til at opstarte behandling til børn og voksne der får diagnose der ikke kræver medicin.,https://borgerforslag.dk/se-og-stoet-forslag/?Id=FT-04612
Danske børn skal hjem fra Syrien,https://borgerforslag.dk/se-og-stoet-forslag/?Id=FT-04605
Emballage med advarsler om klima aftryk efterladt af mad og drikkevarer for at give forbrugeren muligheden for et bevidst valg,https://borgerforslag.dk/se-og-stoet-forslag/?Id=FT-04657
Sænk afgiften på elafgiften,https://borgerforslag.dk/se-og-stoet-forslag/?Id=FT-04627
Krav om kvinders lige ret til danskuddannelse på danske asylcentre,https://borgerforslag.dk/se-og-stoet-forslag/?Id=FT-04617
Motorvej henover Mors,https://borgerforslag.dk/se-og-stoet-forslag/?Id=FT-04626
Offentlige tandlæger,https://borgerforslag.dk/se-og-stoet-forslag/?Id=FT-04620
Lovpligtig vejledende køretest til ældre,https://borgerforslag.dk/se-og-stoet-forslag/?Id=FT-04609
Øgede klimakrav til byggesektoren.,https://borgerforslag.dk/se-og-stoet-forslag/?Id=FT-04592
Forslag til lov om anlæg af fast forbindelse via Glatved på Djursland – til Sjællands Odde - bedste og mest fornuftige løsning for Danmark.,https://borgerforslag.dk/se-og-stoet-forslag/?Id=FT-04602
Ændring af spærregrænsen for valg til Folketinget,https://borgerforslag.dk/se-og-stoet-forslag/?Id=FT-04607
Nej til højere pensionsalder.,https://borgerforslag.dk/se-og-stoet-forslag/?Id=FT-04586
Borgerforslagsunderskrifter,https://borgerforslag.dk/se-og-stoet-forslag/?Id=FT-04566
Godkendt alternativ behandling over sygesikringen. RAB registreret alternativ behandler.,https://borgerforslag.dk/se-og-stoet-forslag/?Id=FT-04578
Mulighed for udmeldelse af folkekirken med NemID,https://borgerforslag.dk/se-og-stoet-forslag/?Id=FT-04569
Tandbehandling,https://borgerforslag.dk/se-og-stoet-forslag/?Id=FT-04523
Ændring af købeloven ved hævelse af reklamationsretten fra 2 til 5 år af hensyn til miljøet.,https://borgerforslag.dk/se-og-stoet-forslag/?Id=FT-04565
Obligatorisk undervisning i lønsedler og almennyttige skatteregler i den danske folkeskole,https://borgerforslag.dk/se-og-stoet-forslag/?Id=FT-04490
"Obligatorisk og lovpligtig mærkning af halalcertificerede varer og ydelser, samt kontrol med hvem der kan certificere og pengestrømme.",https://borgerforslag.dk/se-og-stoet-forslag/?Id=FT-04527
Klimaforbedring ved hastighedsbegrænsning på motorvej til 100 km/t.,https://borgerforslag.dk/se-og-stoet-forslag/?Id=FT-04488
"Forslag om at ændre og samordne love og regler, så det bliver attraktivt for private borgere at bidrage i ”den grønne omstilling”.",https://borgerforslag.dk/se-og-stoet-forslag/?Id=FT-04478
Forslag om flere gratis reagensglasforsøg - også hjælp til andet barn,https://borgerforslag.dk/se-og-stoet-forslag/?Id=FT-04469
Afskaffelse af bonus- og refusionsordninger,https://borgerforslag.dk/se-og-stoet-forslag/?Id=FT-04457
Lovforslag om ændring af aldersinddeling i forhold til elevløn,https://borgerforslag.dk/se-og-stoet-forslag/?Id=FT-04514
"Forslag om Tronfølgegratiale på 47000 kroner skattefrit, månedligt, til hvert individ i det Danske Tronfølge.",https://borgerforslag.dk/se-og-stoet-forslag/?Id=FT-04534
STOP UDHULINGEN AF DAGPENGENE NU,https://borgerforslag.dk/se-og-stoet-forslag/?Id=FT-04521
Socialerstatning - Forslag om administrativ erstatning på socialområdet,https://borgerforslag.dk/se-og-stoet-forslag/?Id=FT-04334
"""fingerene væk fra mimrekortet",https://borgerforslag.dk/se-og-stoet-forslag/?Id=FT-04454
Ansvarlighed i forvaltningerne,https://borgerforslag.dk/se-og-stoet-forslag/?Id=FT-04431
Personlig assistance til ledige med handicap til jobsøgningen.,https://borgerforslag.dk/se-og-stoet-forslag/?Id=FT-04352
Udokumenterede skøn må ikke tages seriøst,https://borgerforslag.dk/se-og-stoet-forslag/?Id=FT-04362
Afskaffelse af regler om egenbetaling,https://borgerforslag.dk/se-og-stoet-forslag/?Id=FT-04353
Pensionistkort (Mimrekort) til tog og bus.,https://borgerforslag.dk/se-og-stoet-forslag/?Id=FT-04341
Danmark bør støtte forskning og etablering af kernekraft.,https://borgerforslag.dk/se-og-stoet-forslag/?Id=FT-04298
Indfør minimums alder på 25 år for udsendelse af danske soldater,https://borgerforslag.dk/se-og-stoet-forslag/?Id=FT-04289
Efterlønnen tilbage,https://borgerforslag.dk/se-og-stoet-forslag/?Id=FT-04276
Arbejdsformidling istedet for jobcenter,https://borgerforslag.dk/se-og-stoet-forslag/?Id=FT-04269
Afskaf registeringsafgiften på alle biler,https://borgerforslag.dk/se-og-stoet-forslag/?Id=FT-04246
Forbud imod afskydning af nytårsfyrværkeri bortset fra den 31. december.,https://borgerforslag.dk/se-og-stoet-forslag/?Id=FT-04293
Dna register,https://borgerforslag.dk/se-og-stoet-forslag/?Id=FT-04279
Forbud mod salg af plastikbæreposer i butikker,https://borgerforslag.dk/se-og-stoet-forslag/?Id=FT-04231
Begrænsning af fyrværkeri,https://borgerforslag.dk/se-og-stoet-forslag/?Id=FT-04220
Ændring af lov om salg og affyring af fyrværkeri.,https://borgerforslag.dk/se-og-stoet-forslag/?Id=FT-04147
Lovpligtigt at bærer cykelhjelm,https://borgerforslag.dk/se-og-stoet-forslag/?Id=FT-04203
Begrænsning af tidsrummet for affyring af nytårsfyrværkeri samt begrænsning af salget af nytårsfyrværkeri,https://borgerforslag.dk/se-og-stoet-forslag/?Id=FT-04235
Totalforbud mod salg og anvendelse af fyrværkeri for private,https://borgerforslag.dk/se-og-stoet-forslag/?Id=FT-04179
Fyrværkeritid,https://borgerforslag.dk/se-og-stoet-forslag/?Id=FT-04108
Fyrværkeri sælges først datoen før nytårsdag,https://borgerforslag.dk/se-og-stoet-forslag/?Id=FT-04024
Ophævelse af forbud mod frugtaromaer i vandpibetobak,https://borgerforslag.dk/se-og-stoet-forslag/?Id=FT-04076
Stop støtten til Etiopien,https://borgerforslag.dk/se-og-stoet-forslag/?Id=FT-04027
Autorisation til socialrådgiver,https://borgerforslag.dk/se-og-stoet-forslag/?Id=FT-03982
Automatisk statsborgerskab efter 10 år,https://borgerforslag.dk/se-og-stoet-forslag/?Id=FT-04021
Lov om aoturisation til socialrådgivere.,https://borgerforslag.dk/se-og-stoet-forslag/?Id=FT-04177
Sorgorlov når man mister et barn 0-18 år,https://borgerforslag.dk/se-og-stoet-forslag/?Id=FT-04176
afstemning om fortsat dansk EU medlemskab,https://borgerforslag.dk/se-og-stoet-forslag/?Id=FT-04046
Overenskomst til beskyttet beskæftigelse,https://borgerforslag.dk/se-og-stoet-forslag/?Id=FT-04163
KILDESORTERING.,https://borgerforslag.dk/se-og-stoet-forslag/?Id=FT-04019
Nej tak til reklamer,https://borgerforslag.dk/se-og-stoet-forslag/?Id=FT-04018
"""blaffer""/samkørsel station ved motorvej for at fremme samkørsel og reducere co2 udledning",https://borgerforslag.dk/se-og-stoet-forslag/?Id=FT-03997
Fjern vildsvinehegnet ved den dansk/tyske grænse,https://borgerforslag.dk/se-og-stoet-forslag/?Id=FT-04078
Forbyd salg af lattergas til private,https://borgerforslag.dk/se-og-stoet-forslag/?Id=FT-04120
Det skal gøres muligt at få en lægehenvisning med offentligt tilskud til behandling hos en psykoterapeut.,https://borgerforslag.dk/se-og-stoet-forslag/?Id=FT-03925
Borgerforslag vedrørende forsikring for tabt arbejdsfortjeneste,https://borgerforslag.dk/se-og-stoet-forslag/?Id=FT-04047
Ny Ferie lov,https://borgerforslag.dk/se-og-stoet-forslag/?Id=FT-04022
Hjertestarter uden fortjeneste og moms.,https://borgerforslag.dk/se-og-stoet-forslag/?Id=FT-03983
Der skal være lys bag på motorkøretøjer (automobiler),https://borgerforslag.dk/se-og-stoet-forslag/?Id=FT-03927
Hjælp når man blir gammel.....og ikke et rehabiliteringsforløb....!,https://borgerforslag.dk/se-og-stoet-forslag/?Id=FT-03951
"Kommunerne skal levere en forebyggende indsats over for børn &amp; unge, der mister en forælder eller en søskende",https://borgerforslag.dk/se-og-stoet-forslag/?Id=FT-03980
Gør 'Som En Rejselysten Flåde' til Danmarks nationalmelodi,https://borgerforslag.dk/se-og-stoet-forslag/?Id=FT-03968
Obligatorisk tilslutning ved parkering på p-plads med ladestander og skiltning,https://borgerforslag.dk/se-og-stoet-forslag/?Id=FT-03906
Ændring af udbudsregler vedr. sendetilladelser til radio og tv,https://borgerforslag.dk/se-og-stoet-forslag/?Id=FT-03899
Total fjernelse af 2013 reformen,https://borgerforslag.dk/se-og-stoet-forslag/?Id=FT-03932
12 ugers ekstra barsel til forældre med handicappede/ alvorligt syge børn,https://borgerforslag.dk/se-og-stoet-forslag/?Id=FT-03922
Mere barsel til flerlinge forældre,https://borgerforslag.dk/se-og-stoet-forslag/?Id=FT-03923
Udvidet barsel til tvillinge- og trillingefamilier,https://borgerforslag.dk/se-og-stoet-forslag/?Id=FT-03915
"Metro til københavn NV, Brønshøj og Husum",https://borgerforslag.dk/se-og-stoet-forslag/?Id=FT-03914
En ny navnelovgivning,https://borgerforslag.dk/se-og-stoet-forslag/?Id=FT-03893
Forslag til nye bødetakster der omfatter lastbil chauffører,https://borgerforslag.dk/se-og-stoet-forslag/?Id=FT-03877
Stop for private aktørers uklare håndtering og håndhævelse af parkeringsregler,https://borgerforslag.dk/se-og-stoet-forslag/?Id=FT-03840
"Stramning af pædofilloven Vi vil have et offentligt Register, hvor alle kan se hvem der er Dømt ved retten og har fået dom",https://borgerforslag.dk/se-og-stoet-forslag/?Id=FT-03854
Borgerforslag med 50.000 støtter skal sendes til folkeafstemning,https://borgerforslag.dk/se-og-stoet-forslag/?Id=FT-03818
Bedre planlov og tilsyn med byernes udvikling,https://borgerforslag.dk/se-og-stoet-forslag/?Id=FT-03865
"Læg landbruget om. En milliard kroner til en statslig jordbrugsfond til små, miljø-, klima- og menneskevenlige landbrug.",https://borgerforslag.dk/se-og-stoet-forslag/?Id=FT-03829
Lovpligtig information på fødevarer om affaldshåndtering,https://borgerforslag.dk/se-og-stoet-forslag/?Id=FT-03806
"Nye regler for hvor meget, biler må trække",https://borgerforslag.dk/se-og-stoet-forslag/?Id=FT-03796
Supermarkeder skal forpligtes til at sortere deres affald.,https://borgerforslag.dk/se-og-stoet-forslag/?Id=FT-03793
Beregning og udbetaling af SU fra måneden efter den studerendes 18. års fødselsdag,https://borgerforslag.dk/se-og-stoet-forslag/?Id=FT-03824
Fri For Klokkeri,https://borgerforslag.dk/se-og-stoet-forslag/?Id=FT-03780
"Retten til at tilgå eksperimentel behandling inden traditionelle behandlingsmuligheder er udtømte ved uhelbredelig, dødelig sygdom",https://borgerforslag.dk/se-og-stoet-forslag/?Id=FT-03767
En natur fri for cigaret filtre,https://borgerforslag.dk/se-og-stoet-forslag/?Id=FT-03790
Udgangsforbud,https://borgerforslag.dk/se-og-stoet-forslag/?Id=FT-03777
Prisen på en cigaretpakke skal hæves til 70 kr,https://borgerforslag.dk/se-og-stoet-forslag/?Id=FT-03768
Tillad højresving ved rødt,https://borgerforslag.dk/se-og-stoet-forslag/?Id=FT-03744
Afskaffelse af EU-forbehold,https://borgerforslag.dk/se-og-stoet-forslag/?Id=FT-03685
Loft på antallet af reklamer for pengespil,https://borgerforslag.dk/se-og-stoet-forslag/?Id=FT-03647
"Afskaffelse af tillæg på metrorejser - det såkaldte ""kvalitetstillæg""",https://borgerforslag.dk/se-og-stoet-forslag/?Id=FT-03691
Vejledende afstemning om ophævelse af forsvarsforbeholdet,https://borgerforslag.dk/se-og-stoet-forslag/?Id=FT-03709
Ferieloven,https://borgerforslag.dk/se-og-stoet-forslag/?Id=FT-03672
Deling af børnechecken,https://borgerforslag.dk/se-og-stoet-forslag/?Id=FT-03633
Sikret optagelse på videregående uddannelse ved 5. ansøgning,https://borgerforslag.dk/se-og-stoet-forslag/?Id=FT-03670
- Klimamærkning af fødevarer -,https://borgerforslag.dk/se-og-stoet-forslag/?Id=FT-03648
Stramning af lov om pædofili-dømte,https://borgerforslag.dk/se-og-stoet-forslag/?Id=FT-03639
fjernelse af gensidig forsørgerpligt for alle,https://borgerforslag.dk/se-og-stoet-forslag/?Id=FT-03570
"Rangering af udlejere, private som boligforeninger.",https://borgerforslag.dk/se-og-stoet-forslag/?Id=FT-03574
Flere restepladser med bad og toilet.,https://borgerforslag.dk/se-og-stoet-forslag/?Id=FT-03553
Genindførsel af chlorpyrifos i bekæmpelsen af væggelus,https://borgerforslag.dk/se-og-stoet-forslag/?Id=FT-03618
Jagtid på Skarv,https://borgerforslag.dk/se-og-stoet-forslag/?Id=FT-03589
Gratis tandlæge via sygesikringen,https://borgerforslag.dk/se-og-stoet-forslag/?Id=FT-03599
"Danmark skal standse alle økonomisk bidrag til Libyens jagt og mishandling af mennesker, der forsøger at nå til Europa.",https://borgerforslag.dk/se-og-stoet-forslag/?Id=FT-03561
Lov om decibel-grænse på motorcykler og lignende larmende køretøjer,https://borgerforslag.dk/se-og-stoet-forslag/?Id=FT-03551
FORSLAG TIL SÆRLOV OM 3 ÅRIGT FORSKNINGSBASERET FORSØG MED FRIVILLIG DELTAGELSE OG HELHEDSORIENTERET STØTTE FOR KONTANTHJÆLPSMODTAGERE,https://borgerforslag.dk/se-og-stoet-forslag/?Id=FT-03538
Nyt mandat fordelingssystem,https://borgerforslag.dk/se-og-stoet-forslag/?Id=FT-03530
Fjern fribeløbet for studerende,https://borgerforslag.dk/se-og-stoet-forslag/?Id=FT-03559
"Sundhedsfaglige personers adgang til egne, familie og tilknyttede personers oplysninger.",https://borgerforslag.dk/se-og-stoet-forslag/?Id=FT-03516
En “Reklamer Ja Tak”-ordning skal mindske overflødig og klimabelastende produktion af trykte reklamer og gratisaviser.,https://borgerforslag.dk/se-og-stoet-forslag/?Id=FT-03517
Miljøforslag vedrørende madspild,https://borgerforslag.dk/se-og-stoet-forslag/?Id=FT-03475
"Plantning af 5.000.000 Træer, et nationalt projekt",https://borgerforslag.dk/se-og-stoet-forslag/?Id=FT-03531
Fritagelse for jobsøgning for dagpenge- og kontanthjælpsmodtagere med arbejdskontrakt til fuldtidsarbejde,https://borgerforslag.dk/se-og-stoet-forslag/?Id=FT-03519
Cykelhjelm lovpligtig for alle under 18 år,https://borgerforslag.dk/se-og-stoet-forslag/?Id=FT-03513
Klima og økonomisk forsvarlig omlægning af vægtafgift på personbiler.,https://borgerforslag.dk/se-og-stoet-forslag/?Id=FT-03478
føre lille motorcykel på bilkørekort,https://borgerforslag.dk/se-og-stoet-forslag/?Id=FT-03507
Til Lejeloven §98 tilføjes at lejer ikke kan pålægges at fraflytte lejemålet før kl. 12 på opsigelsesdatoen.,https://borgerforslag.dk/se-og-stoet-forslag/?Id=FT-03500
Ændring af Straffeloven om seksuel lavalder.,https://borgerforslag.dk/se-og-stoet-forslag/?Id=FT-03455
Den nationale trivselsundersøgelse af landets skolebørn,https://borgerforslag.dk/se-og-stoet-forslag/?Id=FT-03476
Større hensyn fra landbruget mht sprøjtning,https://borgerforslag.dk/se-og-stoet-forslag/?Id=FT-03418
Forslag om ændret spærregrænse og regler for partistøtte.,https://borgerforslag.dk/se-og-stoet-forslag/?Id=FT-03397
Folkekirken er en valgmulighed for voksne,https://borgerforslag.dk/se-og-stoet-forslag/?Id=FT-03428
Retssikkerhed til udsatte familier og børn med handicaps,https://borgerforslag.dk/se-og-stoet-forslag/?Id=FT-03392
Giv kolonihave-pensionistejere ret til helårsbeboelse,https://borgerforslag.dk/se-og-stoet-forslag/?Id=FT-03364
Mulighed for Permanent fleksjob til personer under 40år!,https://borgerforslag.dk/se-og-stoet-forslag/?Id=FT-03354
Forslag til lov om digitale valgkampagner,https://borgerforslag.dk/se-og-stoet-forslag/?Id=FT-03407
Tobakslovgivning,https://borgerforslag.dk/se-og-stoet-forslag/?Id=FT-03399
Øjeblikkeligt ophør med salg af plastposer og andre plast indpakning af varer i danske butikker supermarkeder.,https://borgerforslag.dk/se-og-stoet-forslag/?Id=FT-03376
VALGKORT skal DIGITALISERES,https://borgerforslag.dk/se-og-stoet-forslag/?Id=FT-03370
Ingen partistøtte fra staten til partier der ikke er repræsenteret i folketinget,https://borgerforslag.dk/se-og-stoet-forslag/?Id=FT-03384
Organdoner fra fødslen,https://borgerforslag.dk/se-og-stoet-forslag/?Id=FT-03372
"Afskaf fattigdomsreformerne - herunder Ghettoplanen, intgegrationsydelsen, Kontanthjælploftet, 225 timers reglen, Gensidig forsørgerpligt.",https://borgerforslag.dk/se-og-stoet-forslag/?Id=FT-03335
Miljøstationer i alle byer,https://borgerforslag.dk/se-og-stoet-forslag/?Id=FT-03357
moderniser stemmeafgivelsen i Grønland,https://borgerforslag.dk/se-og-stoet-forslag/?Id=FT-03295
Partistøtte kan kun udbetales til valgte partier over spærregrænsen.,https://borgerforslag.dk/se-og-stoet-forslag/?Id=FT-03336
Øjeblikkeligt ophør med salg af Roundup og andre bekæmpelsesmidler til privat brug i haver og på offentlige fællesarealer,https://borgerforslag.dk/se-og-stoet-forslag/?Id=FT-03298
RETSKRAV PÅ SAGSBEHANDLING INDEN FOR 5 ÅR,https://borgerforslag.dk/se-og-stoet-forslag/?Id=FT-03317
Rygning forbudt sammen med ikkerygere/andre mennesker,https://borgerforslag.dk/se-og-stoet-forslag/?Id=FT-03308
"Vi foreslår, at cannabis legaliseres til hjemmedyrk, som landbrugsafgrøde, som erhverv og til medicinsk brug i DK.",https://borgerforslag.dk/se-og-stoet-forslag/?Id=FT-03269
"udfase plastik bæreposer, plastbakker og plast dunke til rengøring hen mod 2022-2023",https://borgerforslag.dk/se-og-stoet-forslag/?Id=FT-03245
"Valgmateriale bør IKKE være undtaget fra ""reklamer nej tak""",https://borgerforslag.dk/se-og-stoet-forslag/?Id=FT-03252
Familiejurafradrag - skattefradrag for juridiske ydelser indenfor familie- og arveret,https://borgerforslag.dk/se-og-stoet-forslag/?Id=FT-03241
Udviet håndværker fradrag.,https://borgerforslag.dk/se-og-stoet-forslag/?Id=FT-03267
Forbud mod Valgplakater i det offentlige rum,https://borgerforslag.dk/se-og-stoet-forslag/?Id=FT-03222
Bevar drikkevandet,https://borgerforslag.dk/se-og-stoet-forslag/?Id=FT-03205
Uddannelses opholdstilladelse til udlændinge under uddannelse,https://borgerforslag.dk/se-og-stoet-forslag/?Id=FT-03108
Eneforsørgertillæg bør ikke bortfalde ved ægteskab med udlænding uden indkomst,https://borgerforslag.dk/se-og-stoet-forslag/?Id=FT-03217
Valgplakater i trafikken,https://borgerforslag.dk/se-og-stoet-forslag/?Id=FT-03181
Forslag imod forhånelse af religion og trossamfund,https://borgerforslag.dk/se-og-stoet-forslag/?Id=FT-03185
Forslag om tilbageførsel af midler til uddannelse,https://borgerforslag.dk/se-og-stoet-forslag/?Id=FT-03173
Forbud mod valgplakater og valgbander i offentlige rum,https://borgerforslag.dk/se-og-stoet-forslag/?Id=FT-03143
Mere bæredygtig valgkamp,https://borgerforslag.dk/se-og-stoet-forslag/?Id=FT-03193
Forbud mod valgplakater,https://borgerforslag.dk/se-og-stoet-forslag/?Id=FT-03163
Forbyd partipolitiske valgplakater,https://borgerforslag.dk/se-og-stoet-forslag/?Id=FT-03200
Forslag til ensretning af plast emballage.,https://borgerforslag.dk/se-og-stoet-forslag/?Id=FT-03167
valgplakater,https://borgerforslag.dk/se-og-stoet-forslag/?Id=FT-03169
Reel Åbenhed om Privat Partistøtte,https://borgerforslag.dk/se-og-stoet-forslag/?Id=FT-03182
Forbyd valgplakater.,https://borgerforslag.dk/se-og-stoet-forslag/?Id=FT-03109
Trosfrihedslov,https://borgerforslag.dk/se-og-stoet-forslag/?Id=FT-03125
Stem til fx folketingsvalg digitalt med Nem-ID.,https://borgerforslag.dk/se-og-stoet-forslag/?Id=FT-03142
Stop omgåelse af regler ved indsamling af vælgererklæringer,https://borgerforslag.dk/se-og-stoet-forslag/?Id=FT-03147
Maks grænse 30 % i Årlig Omkostning i Procent (ÅOP) på alle låneformer i Danmark,https://borgerforslag.dk/se-og-stoet-forslag/?Id=FT-03070
Indfør undervisning i privatøkonomi på alle folkeskoler og privatskoler,https://borgerforslag.dk/se-og-stoet-forslag/?Id=FT-03092
Lovliggør at køre med blinkende bremselys på offentlige veje,https://borgerforslag.dk/se-og-stoet-forslag/?Id=FT-03089
Håndhævelse af bødestraf for affaldshenkastning,https://borgerforslag.dk/se-og-stoet-forslag/?Id=FT-03097
at smide affald straffes,https://borgerforslag.dk/se-og-stoet-forslag/?Id=FT-03079
Forslag til folketingsbeslutning om indførelse af differentieret (lavere) Moms for økologisk mærkede fødevarer.,https://borgerforslag.dk/se-og-stoet-forslag/?Id=FT-03031
ÆNDRING AF BO- OG GAVEAFGIFT: Søskende og nevøer/niecer skal betragtes som ”nærtbeslægtede”.,https://borgerforslag.dk/se-og-stoet-forslag/?Id=FT-03047
Navneændring: fra Knipsereje til PLASMAREJE,https://borgerforslag.dk/se-og-stoet-forslag/?Id=FT-03021
Overhaling forbudt for lastbiler,https://borgerforslag.dk/se-og-stoet-forslag/?Id=FT-03018
Send pandaerne tilbage til Kina,https://borgerforslag.dk/se-og-stoet-forslag/?Id=FT-03041
Indfør test for kronisk tungmetalforgiftning i det danske sundhedsvæsen. Hvorfor? Fordi tungmetaller gør os syge!,https://borgerforslag.dk/se-og-stoet-forslag/?Id=FT-03023
Gratis psykologhjælp til alle,https://borgerforslag.dk/se-og-stoet-forslag/?Id=FT-03029
Klimaplan 2020-2035,https://borgerforslag.dk/se-og-stoet-forslag/?Id=FT-03026
Industriernes skader og miljøbelastning skal balanceres med afgifter. Skadevolderne skal gøres fuldt ansvarlige og betale for genopretning!,https://borgerforslag.dk/se-og-stoet-forslag/?Id=FT-02964
Forbyd salg af nye knallerter på fossilt brændstof inden 2023,https://borgerforslag.dk/se-og-stoet-forslag/?Id=FT-02952
Bevar FM4 (idag Radio24syv) som den er i dag.,https://borgerforslag.dk/se-og-stoet-forslag/?Id=FT-02959
Tandlæge skal betales over skatten!,https://borgerforslag.dk/se-og-stoet-forslag/?Id=FT-02925
Ændring af mediaftale for FM4 - et forslag til redning af Radio 24syv.,https://borgerforslag.dk/se-og-stoet-forslag/?Id=FT-03005
Danske statsborgere skal have lov til nemmere familiesammenføring,https://borgerforslag.dk/se-og-stoet-forslag/?Id=FT-02982
Borgerforslaget DROP 5G,https://borgerforslag.dk/se-og-stoet-forslag/?Id=FT-02977
Betalt Tandpleje som del af sundhedspolitikken,https://borgerforslag.dk/se-og-stoet-forslag/?Id=FT-02987
Valg af Danmarks EU Kommissær.,https://borgerforslag.dk/se-og-stoet-forslag/?Id=FT-02933
Bevar blasfemiparagraffen,https://borgerforslag.dk/se-og-stoet-forslag/?Id=FT-02979
IMOD 5G som net i vores samfund,https://borgerforslag.dk/se-og-stoet-forslag/?Id=FT-02972
Forbyd spillereklamer på TV kanaler,https://borgerforslag.dk/se-og-stoet-forslag/?Id=FT-02967
Drop Billundbanen,https://borgerforslag.dk/se-og-stoet-forslag/?Id=FT-02954
Privat musikundervisning som en del af servicefradraget (BoligJobordningen),https://borgerforslag.dk/se-og-stoet-forslag/?Id=FT-02949
EAfskaf hundeloven - indfør hundekørekort,https://borgerforslag.dk/se-og-stoet-forslag/?Id=FT-02887
tvunget medlemsskab af grundejerforening såfremt ejendommen forefindes i område med private veje.,https://borgerforslag.dk/se-og-stoet-forslag/?Id=FT-02927
stop social dumping,https://borgerforslag.dk/se-og-stoet-forslag/?Id=FT-02910
Lovpligtig alkolås i alle biler,https://borgerforslag.dk/se-og-stoet-forslag/?Id=FT-02901
gratis offentlig transport for alle,https://borgerforslag.dk/se-og-stoet-forslag/?Id=FT-02838
Folkeafstemning om EU medlemsskab,https://borgerforslag.dk/se-og-stoet-forslag/?Id=FT-02870
Forbyd reklamer for spil og lån på TV,https://borgerforslag.dk/se-og-stoet-forslag/?Id=FT-02844
Læreruddannelsen,https://borgerforslag.dk/se-og-stoet-forslag/?Id=FT-02742
Ændring af hundelov,https://borgerforslag.dk/se-og-stoet-forslag/?Id=FT-02861
Indfør klimaspor på de mest trafikerede motorveje,https://borgerforslag.dk/se-og-stoet-forslag/?Id=FT-02819
Fradragsberrittiget diæter under arbejde.,https://borgerforslag.dk/se-og-stoet-forslag/?Id=FT-02777
"Vild natur, tak!",https://borgerforslag.dk/se-og-stoet-forslag/?Id=FT-02813
IVC behandling i Sundhedsvæsenet,https://borgerforslag.dk/se-og-stoet-forslag/?Id=FT-02690
Grøn omstillingen af registreringsafgiften,https://borgerforslag.dk/se-og-stoet-forslag/?Id=FT-02749
Pasning i offentlig institution kræver at man følger vaccinations programmet,https://borgerforslag.dk/se-og-stoet-forslag/?Id=FT-02786
Stop for ublu kviklån - stop for udnyttelse af unge,https://borgerforslag.dk/se-og-stoet-forslag/?Id=FT-02674
Straf for falske anklager i børnesager,https://borgerforslag.dk/se-og-stoet-forslag/?Id=FT-02686
Bliv frataget spiritusbevillingen ved diskrimination i nattelivet......,https://borgerforslag.dk/se-og-stoet-forslag/?Id=FT-02676
Kvinder skal have direkte adgang til gynækologiske undersøgelser hos gynækologer,https://borgerforslag.dk/se-og-stoet-forslag/?Id=FT-02672
Stands vanvittige direktørlønninger.,https://borgerforslag.dk/se-og-stoet-forslag/?Id=FT-02767
udbetal feriepenge før ny ferielov,https://borgerforslag.dk/se-og-stoet-forslag/?Id=FT-02738
Ændring til ny ferielov,https://borgerforslag.dk/se-og-stoet-forslag/?Id=FT-02727
Den nye ferielov - vores optjente ferie ‘indefryses’ så vi må betale vores ferie selv,https://borgerforslag.dk/se-og-stoet-forslag/?Id=FT-02708
Lov mod brug af Dannebrog i politiske partiers logo,https://borgerforslag.dk/se-og-stoet-forslag/?Id=FT-02661
gør det lovpligtigt med luftrensere i alle børneinstitutioners opholdsrum inkl køkken og personalerum,https://borgerforslag.dk/se-og-stoet-forslag/?Id=FT-02680
MFR- Vaccination skal være lovpligtig for at gå i kommunale institutioner,https://borgerforslag.dk/se-og-stoet-forslag/?Id=FT-02607
"Offentligt bestilte konsulentrapporter skal oplyse pris, forfatter og dennes faglige baggrund samt hvem der bestiller og betaler.",https://borgerforslag.dk/se-og-stoet-forslag/?Id=FT-02497
Straffelovens Kapitel 12 moderniseres så det bliver landsforræderi at hjælpe fremmede etniske folkegrupper til varigt ophold i Danmark.,https://borgerforslag.dk/se-og-stoet-forslag/?Id=FT-02677
Gratis tandlæge for alle,https://borgerforslag.dk/se-og-stoet-forslag/?Id=FT-02642
Ret til aktiv dødshjælp,https://borgerforslag.dk/se-og-stoet-forslag/?Id=FT-02600
"""Affaldssorteringsmærker"" på alle fødevarer.",https://borgerforslag.dk/se-og-stoet-forslag/?Id=FT-02648
Lav molekylær fertilitets test af 5G,https://borgerforslag.dk/se-og-stoet-forslag/?Id=FT-02596
"Fjern forældelsesfristen for vold, i stedet for at straffe voldsofferet",https://borgerforslag.dk/se-og-stoet-forslag/?Id=FT-02588
Forslag om ændring af fraværsbekendtgørelse for gymnasielle uddannelser,https://borgerforslag.dk/se-og-stoet-forslag/?Id=FT-02520
Giv alle flygtninge med opholdstilladelse ret til uddannelse,https://borgerforslag.dk/se-og-stoet-forslag/?Id=FT-02533
Stop for opstilling af landbaserede vindmøller,https://borgerforslag.dk/se-og-stoet-forslag/?Id=FT-02603
Bedre omsorg for vores demensramte medborgere,https://borgerforslag.dk/se-og-stoet-forslag/?Id=FT-02465
Behandling af de syge i det offentlige,https://borgerforslag.dk/se-og-stoet-forslag/?Id=FT-02495
Gennemsigtighed i varedeklarationen af palmeolie,https://borgerforslag.dk/se-og-stoet-forslag/?Id=FT-02504
Tidligpension,https://borgerforslag.dk/se-og-stoet-forslag/?Id=FT-02512
Afskaffelse af gensidig forsørgelse for alle.,https://borgerforslag.dk/se-og-stoet-forslag/?Id=FT-02528
Nedslidning,https://borgerforslag.dk/se-og-stoet-forslag/?Id=FT-02550
"""Reklamer ja tak""-skilt i fremtiden",https://borgerforslag.dk/se-og-stoet-forslag/?Id=FT-02496
Lov om deklaration af emballage,https://borgerforslag.dk/se-og-stoet-forslag/?Id=FT-02471
"Det skal være lægerne, der fastsætter det timeantal pr. uge, handikappede borgere i eget hjem får bevilget af hjælp.",https://borgerforslag.dk/se-og-stoet-forslag/?Id=FT-02468
Børn skal først bestemme selv når de er 18 år,https://borgerforslag.dk/se-og-stoet-forslag/?Id=FT-02403
Dansk klimalov nu,https://borgerforslag.dk/se-og-stoet-forslag/?Id=FT-02473
Borgerforslag om folkeafstemninger,https://borgerforslag.dk/se-og-stoet-forslag/?Id=FT-02500
Beslutningsforslag om specifikation på ågerrenter for private,https://borgerforslag.dk/se-og-stoet-forslag/?Id=FT-02498
Fyrværkeri.,https://borgerforslag.dk/se-og-stoet-forslag/?Id=FT-02431
Nej til farlige virksomhede nær beboelse.,https://borgerforslag.dk/se-og-stoet-forslag/?Id=FT-02474
Ophæv begrænsning på Fertelitetsbehandling.,https://borgerforslag.dk/se-og-stoet-forslag/?Id=FT-02425
Forbud mod fyrværkeri,https://borgerforslag.dk/se-og-stoet-forslag/?Id=FT-02452
Cykelhjelm påbudt,https://borgerforslag.dk/se-og-stoet-forslag/?Id=FT-02442
Fyrværkerisalg kun mellem d. 27. og d. 31. december,https://borgerforslag.dk/se-og-stoet-forslag/?Id=FT-02436
"Afskaffelse af: Moderniserings- og effektiviseringsprogrammet, også kaldet MEP. Kommunerne har brug for pengene til deres kerneydelser.",https://borgerforslag.dk/se-og-stoet-forslag/?Id=FT-02429
Afskaffelse af Helligdagsreformen af 1770,https://borgerforslag.dk/se-og-stoet-forslag/?Id=FT-02347
Pensionister skal fritages for skat af deres pension og alle borgere og politikere skal have ens pension.,https://borgerforslag.dk/se-og-stoet-forslag/?Id=FT-02444
Retten til økonomisk og rettighedsmæssig fraskrivelse ved faderskab som følge af uønsket graviditet,https://borgerforslag.dk/se-og-stoet-forslag/?Id=FT-02409
"Ændring af eksamensperiode for studerende, så perioden ikke overlapper med julen, og bidrager til ekstra stress.",https://borgerforslag.dk/se-og-stoet-forslag/?Id=FT-02363
Afskaffelse af retsløsheden samt forbedring af (markeds-) gennemsigtigheden i banksektoren,https://borgerforslag.dk/se-og-stoet-forslag/?Id=FT-02423
Kørehviletidsbestemmelser for erhvervschauffører der kører fragtbiler under 3200 kg.,https://borgerforslag.dk/se-og-stoet-forslag/?Id=FT-02367
Grønne afgifter på klimabelastende fødevarer,https://borgerforslag.dk/se-og-stoet-forslag/?Id=FT-02426
Ophæv ghettoplanen 2018,https://borgerforslag.dk/se-og-stoet-forslag/?Id=FT-02389
Afviste asylbørn skal tildeles bedre vilkår i hjem- og udrejsecentre og midlertidig opholdstilladelse senest 18 mdr. efter endeligt afslag.,https://borgerforslag.dk/se-og-stoet-forslag/?Id=FT-02377
"Bæredygtighed skal skrives ind i folkeskolens formålsparagraf (§1. stk. 3) på linje med åndsfrihed, ligeværd og demokrati.",https://borgerforslag.dk/se-og-stoet-forslag/?Id=FT-02295
Holstebro- og Messemotorvejen skal gøres helt færdige,https://borgerforslag.dk/se-og-stoet-forslag/?Id=FT-02384
"Omskrivning af ""bekendtgørelsen om nedbringelse af fravær i de gymnasiale uddannelser""",https://borgerforslag.dk/se-og-stoet-forslag/?Id=FT-02365
"Turisme rabat når du modtager førtidspension, fleksjobber og lign. Få samme fordele som folkepensionisterne.",https://borgerforslag.dk/se-og-stoet-forslag/?Id=FT-02319
Bevar P8 Jazz,https://borgerforslag.dk/se-og-stoet-forslag/?Id=FT-02252
Forslag til ændring af lov om obligatorisk medbringelse af kørekort under kørsel.,https://borgerforslag.dk/se-og-stoet-forslag/?Id=FT-02342
Stop besparelser på gymnasierne! I leger med fremtiden!,https://borgerforslag.dk/se-og-stoet-forslag/?Id=FT-02334
Enkeltmandsvirksomheder til 16-17 årige m/Ledsager,https://borgerforslag.dk/se-og-stoet-forslag/?Id=FT-02312
Skal bøsser ikke have ret til børn?,https://borgerforslag.dk/se-og-stoet-forslag/?Id=FT-02272
Sunhedsområdet,https://borgerforslag.dk/se-og-stoet-forslag/?Id=FT-02261
Indretningsloft for ministre,https://borgerforslag.dk/se-og-stoet-forslag/?Id=FT-02264
Afskaf den nuværende hundelov,https://borgerforslag.dk/se-og-stoet-forslag/?Id=FT-02284
Pasning af barn ved sygdom,https://borgerforslag.dk/se-og-stoet-forslag/?Id=FT-02281
Åbne skattelister i Danmark,https://borgerforslag.dk/se-og-stoet-forslag/?Id=FT-02216
Indberetningspligt i ældreplejen når der forgår vanrøgt af borgers kæledyr,https://borgerforslag.dk/se-og-stoet-forslag/?Id=FT-02256
Oprettelse af sprøjtefri zone omkring beboelse,https://borgerforslag.dk/se-og-stoet-forslag/?Id=FT-02233
Forslag om at sikre lægers frie ordinationsret af medicin som er afvist som standardbehandling af Medicinrådet,https://borgerforslag.dk/se-og-stoet-forslag/?Id=FT-02238
Røgfrit Danmark,https://borgerforslag.dk/se-og-stoet-forslag/?Id=FT-02251
Forslag om ny og bedre seksualundervisning i folkeskolen,https://borgerforslag.dk/se-og-stoet-forslag/?Id=FT-02195
Forslag om at gøre det lovpligtigt for udsalgssteder at holde tobaksprodukter skjult.,https://borgerforslag.dk/se-og-stoet-forslag/?Id=FT-02219
Teknisk baseret grundlag i stedet for værdibaseret grundlag til beregning af registreringsafgift på biler,https://borgerforslag.dk/se-og-stoet-forslag/?Id=FT-02197
"Gennem statsligt tilskud tilbydes gratis medlemskab til migranter i udvalgte, landsdækkende foreninger i deres første 3 år i Danmark.",https://borgerforslag.dk/se-og-stoet-forslag/?Id=FT-02203
14 dages betalt barnets sygedag om året.,https://borgerforslag.dk/se-og-stoet-forslag/?Id=FT-02202
Vi har snart brug for borgerløn.,https://borgerforslag.dk/se-og-stoet-forslag/?Id=FT-02185
Folkepensionens grundbeløb skal gøres skattefri,https://borgerforslag.dk/se-og-stoet-forslag/?Id=FT-02196
En bedre fordeling af de statslige kulturmidler.,https://borgerforslag.dk/se-og-stoet-forslag/?Id=FT-02178
Ændring af afregningsregler i almen lægepraksis,https://borgerforslag.dk/se-og-stoet-forslag/?Id=FT-02183
Støj fra trafik,https://borgerforslag.dk/se-og-stoet-forslag/?Id=FT-02175
Forbud mod anvendelse af Dannebrog til politisk formål.,https://borgerforslag.dk/se-og-stoet-forslag/?Id=FT-02163
Afskaf AM bidrag,https://borgerforslag.dk/se-og-stoet-forslag/?Id=FT-02160
Flere/nye oplysn. på sygesikringsbeviset Oplysn som Blodtype &amp; offentligindkom.art så rabat kan gives ved køb da det trænger til en opdater.,https://borgerforslag.dk/se-og-stoet-forslag/?Id=FT-02103
"Danskere skal have ret til at bo i Danmark med deres ægtefælle, deres børn/stedbørn, uanset om deres ægtefælle er dansker eller udlænding.",https://borgerforslag.dk/se-og-stoet-forslag/?Id=FT-02093
Naturbevarelsesfag skal være obligatorisk i indskolingen,https://borgerforslag.dk/se-og-stoet-forslag/?Id=FT-02061
Afskaffelse af omprioriteringsbidraget på uddannelsesinstitutioner,https://borgerforslag.dk/se-og-stoet-forslag/?Id=FT-02087
National sørge dag d.30 september 2018,https://borgerforslag.dk/se-og-stoet-forslag/?Id=FT-02060
"Adgang til toiletter i detailbutikker, for alle med et dokumenteret behov",https://borgerforslag.dk/se-og-stoet-forslag/?Id=FT-02065
Bevar P6 Beat,https://borgerforslag.dk/se-og-stoet-forslag/?Id=FT-02120
"Unikt og enkelt skattesystem.Der giver bedre skat til alle, uanset trækprocent, inspireret af radikal ide, cirka slut 60’erne.",https://borgerforslag.dk/se-og-stoet-forslag/?Id=FT-02044
Børns ret til alsidig åndelig udvikling,https://borgerforslag.dk/se-og-stoet-forslag/?Id=FT-02113
Gratis HPV-vaccine til drenge,https://borgerforslag.dk/se-og-stoet-forslag/?Id=FT-02082
Gratis drikkevand på spisesteder og beværtninger,https://borgerforslag.dk/se-og-stoet-forslag/?Id=FT-02083
Forbud mod brug af mobiltelefoner i folkeskolen og på ungdomsuddannelser,https://borgerforslag.dk/se-og-stoet-forslag/?Id=FT-02062
Afskaffelse af registreringsafgift for Veteranbiler (35 år gamle),https://borgerforslag.dk/se-og-stoet-forslag/?Id=FT-02026
"Andelen af studerende, der modtager SU som hjemmeboede, skal markant reduceres",https://borgerforslag.dk/se-og-stoet-forslag/?Id=FT-02051
Respekter borgernes fravalg af halalkød.,https://borgerforslag.dk/se-og-stoet-forslag/?Id=FT-02013
Forslag om anlægslov om tredje limfjordsforbindelse,https://borgerforslag.dk/se-og-stoet-forslag/?Id=FT-02024
"Unge som gennemfører en dansk ungdomsuddannelse, eksempelvis studentereksamen, skal fritages for indfødsretsprøve",https://borgerforslag.dk/se-og-stoet-forslag/?Id=FT-02040
obligatorisk køreprøve når man fylder 70.,https://borgerforslag.dk/se-og-stoet-forslag/?Id=FT-02020
Stop diskrimination af Danske Førtids- og FolkepensionisterFolkepensionister der ønsker at bosætte sig udenfor Europa,https://borgerforslag.dk/se-og-stoet-forslag/?Id=FT-02014
"Ophæv maskeringsforbuddet, der trådte i kraft d. 1. august 2018",https://borgerforslag.dk/se-og-stoet-forslag/?Id=FT-01962
Rigsfællesskabet på skoleskemaet,https://borgerforslag.dk/se-og-stoet-forslag/?Id=FT-01974
Forbud imod markedsføring af madvareprodukter i urelle størrelser,https://borgerforslag.dk/se-og-stoet-forslag/?Id=FT-01969
Skolestart - Folkeskolelovens §34,https://borgerforslag.dk/se-og-stoet-forslag/?Id=FT-02016
Stop Statens tyveri af feriepenge,https://borgerforslag.dk/se-og-stoet-forslag/?Id=FT-01956
"Alle børn skal TILBYDES en hjernescanning når de 1 år, for at forebygge og mindske hjerneblødnigner hos børn.",https://borgerforslag.dk/se-og-stoet-forslag/?Id=FT-01959
Tillad udsat skolestart for børn født i andet halvår,https://borgerforslag.dk/se-og-stoet-forslag/?Id=FT-01966
Indføre VAR i Superligaen i fodbold,https://borgerforslag.dk/se-og-stoet-forslag/?Id=FT-01957
Indfør flyskat i Danmark efter svensk forbillede,https://borgerforslag.dk/se-og-stoet-forslag/?Id=FT-01944
Frakendelse af kørekort ved brug af mobiltelefon under kørsel,https://borgerforslag.dk/se-og-stoet-forslag/?Id=FT-01934
Stop pensionsalderen fra at skyde i vejret,https://borgerforslag.dk/se-og-stoet-forslag/?Id=FT-01867
"Udfasning af sprøjtegifte i Danmark: Frem økologi, undgå pesticider i drikkevand og beskyt biodiversiteten.",https://borgerforslag.dk/se-og-stoet-forslag/?Id=FT-01908
e-kørekort og e-sygesikringsbevis som app på min telefon.,https://borgerforslag.dk/se-og-stoet-forslag/?Id=FT-01917
Nedfrysning af æg og befrugtede æg,https://borgerforslag.dk/se-og-stoet-forslag/?Id=FT-01909
Ændret strafferamme ved gentagne forbrydelse,https://borgerforslag.dk/se-og-stoet-forslag/?Id=FT-01888
Forslag til særlov for bevarelse af cirkus Arenas tre elefanter,https://borgerforslag.dk/se-og-stoet-forslag/?Id=FT-01884
Indførelse af gratis offentlig transport for alle under 26 år,https://borgerforslag.dk/se-og-stoet-forslag/?Id=FT-01840
Klima-rationeringssystem,https://borgerforslag.dk/se-og-stoet-forslag/?Id=FT-01871
Juridisk abort (mænd),https://borgerforslag.dk/se-og-stoet-forslag/?Id=FT-01879
DANMARK BEHØVER MERE GRØN ENERGI. NEDSÆT EN ARBEJDSGUPPE TIL GENOVERVEJELSE AF KERNEKRAFT I DANMARK.,https://borgerforslag.dk/se-og-stoet-forslag/?Id=FT-01874
Medicinsk Kastration af dømte pædofile,https://borgerforslag.dk/se-og-stoet-forslag/?Id=FT-01859
Ændring af eksisternede cigaret filtre til miljøvenlige cigaret filtre,https://borgerforslag.dk/se-og-stoet-forslag/?Id=FT-01863
# Udnyt Strafferammerne #,https://borgerforslag.dk/se-og-stoet-forslag/?Id=FT-01794
Bedre forhold for slagtegrise,https://borgerforslag.dk/se-og-stoet-forslag/?Id=FT-01841
Psykiatrien skal på finansloven,https://borgerforslag.dk/se-og-stoet-forslag/?Id=FT-01783
Obligatorisk mulighed for gratis postevand på restaurationer,https://borgerforslag.dk/se-og-stoet-forslag/?Id=FT-01691
Etablering af ét nationalt system til elektronisk patientjournal (EPJ).,https://borgerforslag.dk/se-og-stoet-forslag/?Id=FT-01800
Fjern spærregrænsen på 2 % ved folketingsvalgt,https://borgerforslag.dk/se-og-stoet-forslag/?Id=FT-01711
Karensperiode for ministre,https://borgerforslag.dk/se-og-stoet-forslag/?Id=FT-01693
Statsfinansiering af Havdiger,https://borgerforslag.dk/se-og-stoet-forslag/?Id=FT-01750
Senere mødetid i folkeskolen og på ungdomsuddannelserne,https://borgerforslag.dk/se-og-stoet-forslag/?Id=FT-01745
Forbyd valgplakater,https://borgerforslag.dk/se-og-stoet-forslag/?Id=FT-01689
"Kvinder skal have ret til, at gå med Peberspray.",https://borgerforslag.dk/se-og-stoet-forslag/?Id=FT-01610
Algoritmer til brug af rekruttering må ikke indeholde demografisk diskriminering.,https://borgerforslag.dk/se-og-stoet-forslag/?Id=FT-01719
Ændringsforslag til Færdselslovens § 43 stk. 3 og 4.,https://borgerforslag.dk/se-og-stoet-forslag/?Id=FT-01710
Afskaf Bruttoskatteordningen (Forskerskatteordningen),https://borgerforslag.dk/se-og-stoet-forslag/?Id=FT-01664
Skattefradrag for tandlægebesøg,https://borgerforslag.dk/se-og-stoet-forslag/?Id=FT-01661
"Tvangsindlæg kun ved fare - ikke, hvis psykiateren skønner patienten vil få det dårligere uden hans behandling (""gule papirer"").",https://borgerforslag.dk/se-og-stoet-forslag/?Id=FT-01690
Tørklæde-forbud for offentligt ansatte,https://borgerforslag.dk/se-og-stoet-forslag/?Id=FT-01624
Gør Grundlovsdag til Danmarks officielle nationaldag,https://borgerforslag.dk/se-og-stoet-forslag/?Id=FT-01631
Væk med Danmarks EU-forbehold,https://borgerforslag.dk/se-og-stoet-forslag/?Id=FT-01623
Total afskaffelse af den gensidig forsørgelsespligt for førtidspensionister,https://borgerforslag.dk/se-og-stoet-forslag/?Id=FT-01629
Spærregrænsen ved folketingsvalg foreslåes hævet til 5%,https://borgerforslag.dk/se-og-stoet-forslag/?Id=FT-01639
Forslag om begrænsning af indkomster til maksimalt 3 millioner kr. om året.,https://borgerforslag.dk/se-og-stoet-forslag/?Id=FT-01585
Forslag om lavere transportudgifter for elever der er i praktik på en erhvervsuddannelse,https://borgerforslag.dk/se-og-stoet-forslag/?Id=FT-01652
Fuldstændig fjernelse af gensidig forsørgelse på førtidspension og folkepension.,https://borgerforslag.dk/se-og-stoet-forslag/?Id=FT-01650
Specielt for alle danskere under 65 år - Forslag til folkeafstemning om hvorvidt danskerne er for eller imod EU,https://borgerforslag.dk/se-og-stoet-forslag/?Id=FT-01622
Ret til at føre lille motorcykel på bilkørekort,https://borgerforslag.dk/se-og-stoet-forslag/?Id=FT-01568
"Kræv undervisning i grænser på de sociale medier obligatorisk på læreruddannelsen, så vi kan styrke forebyggelsen af digitale krænkelser",https://borgerforslag.dk/se-og-stoet-forslag/?Id=FT-01569
Danmark siger JA til kvoteflygtninge!,https://borgerforslag.dk/se-og-stoet-forslag/?Id=FT-01607
Aldersgrænse på køb af energidrikke - 16 år,https://borgerforslag.dk/se-og-stoet-forslag/?Id=FT-01592
Stop Billundbanen,https://borgerforslag.dk/se-og-stoet-forslag/?Id=FT-01574
Indfør en dansk tid,https://borgerforslag.dk/se-og-stoet-forslag/?Id=FT-01590
Tvangsbortadoption bør gøres ulovligt,https://borgerforslag.dk/se-og-stoet-forslag/?Id=FT-01576
KLIMAOPRÅB,https://borgerforslag.dk/se-og-stoet-forslag/?Id=FT-01550
Forbyd cykelhold at træne på offentlig vej.,https://borgerforslag.dk/se-og-stoet-forslag/?Id=FT-01516
Forbud mod plastikposer,https://borgerforslag.dk/se-og-stoet-forslag/?Id=FT-01452
Jehovas Vidner skal have frataget deres status som anerkendt trossamfund her i Danmark,https://borgerforslag.dk/se-og-stoet-forslag/?Id=FT-01486
Afskaffelse af social service kapitler vedr. forældrebetaling for tvangsanbragt barn/børn,https://borgerforslag.dk/se-og-stoet-forslag/?Id=FT-01500
Implementer FN's Børnekonvention i Dansk lovgivning,https://borgerforslag.dk/se-og-stoet-forslag/?Id=FT-01417
"Forslag om folkeafstemning om afkriminalisering af dyrkning, besiddelse og handel med cannabis.",https://borgerforslag.dk/se-og-stoet-forslag/?Id=FT-01460
"Lønmodtagere, der er fyldt 65 år, skal have ret til fortsat medlemskab af en A-kasse og ret til understøttelse ved ledighed.",https://borgerforslag.dk/se-og-stoet-forslag/?Id=FT-01509
Sænkning af det økonomiske krav for familiesammenføring,https://borgerforslag.dk/se-og-stoet-forslag/?Id=FT-01508
DEMOKRATISK GENNEMSIGTIGHED I REGERINGSMØDER,https://borgerforslag.dk/se-og-stoet-forslag/?Id=FT-01445
Forslag om afskaffelse af Kontanthjælpsloftet og 225-timers-reglen,https://borgerforslag.dk/se-og-stoet-forslag/?Id=FT-01456
Svineindustrier skal omfattes af samme lovgivning som al anden industri i Danmark.,https://borgerforslag.dk/se-og-stoet-forslag/?Id=FT-01453
"Fri adgang til drikkevand ved busterminaler, togstationer, og lufthavne.",https://borgerforslag.dk/se-og-stoet-forslag/?Id=FT-01411
"Motorkøretøjer skal holde minimum1,5 meters afstand til cyklister ved overhaling når der er fælles vejbane",https://borgerforslag.dk/se-og-stoet-forslag/?Id=FT-01407
Uddandelser for psykisk sårbare unge,https://borgerforslag.dk/se-og-stoet-forslag/?Id=FT-01443
Giv Fleksjobbere mulighed som iværksættere af mikrofleksvirksomheder,https://borgerforslag.dk/se-og-stoet-forslag/?Id=FT-01422
Indfødsret til alle nyfødte af herboende forældre,https://borgerforslag.dk/se-og-stoet-forslag/?Id=FT-01401
Inflationsjusteret skattefrikort for kapital- og aktieindkomst,https://borgerforslag.dk/se-og-stoet-forslag/?Id=FT-01327
Forbud mod kemiske sprøjtemidler i private haver.,https://borgerforslag.dk/se-og-stoet-forslag/?Id=FT-01390
Kvinder skal ikke betale for menstruationsprodukter,https://borgerforslag.dk/se-og-stoet-forslag/?Id=FT-01359
Indsamling af plastik,https://borgerforslag.dk/se-og-stoet-forslag/?Id=FT-01333
Genindfør internet under eksamen på gymnasier med bedre kontrol,https://borgerforslag.dk/se-og-stoet-forslag/?Id=FT-01360
Mindsteafstand til kysten for havvindmølleparker,https://borgerforslag.dk/se-og-stoet-forslag/?Id=FT-01313
Forslag om at nedsætte antallet af medlemmer i Folketinget fra 179 til 99 medlemmer.,https://borgerforslag.dk/se-og-stoet-forslag/?Id=FT-01352
Ordentlige forløb for syge borgere,https://borgerforslag.dk/se-og-stoet-forslag/?Id=FT-01321
Billigere Moms på fødevarer (12%),https://borgerforslag.dk/se-og-stoet-forslag/?Id=FT-01302
Digitalt kørekort,https://borgerforslag.dk/se-og-stoet-forslag/?Id=FT-01348
Partistøtte til politiske partier fra privat side.,https://borgerforslag.dk/se-og-stoet-forslag/?Id=FT-01326
Borgerforslag i din kommune,https://borgerforslag.dk/se-og-stoet-forslag/?Id=FT-01320
"Indførelse af helbredssikre grænseværdier for stråling fra mobilmaster, mobiltelefoner, trådløst netværk og anden trådløs teknologi.",https://borgerforslag.dk/se-og-stoet-forslag/?Id=FT-01332
Tilskudsregulering til adoption,https://borgerforslag.dk/se-og-stoet-forslag/?Id=FT-01315
Borgerforslag om afsættelse af en statslig pulje til udligning af lønforskelle mellem typiske kvindefag og mandefag.,https://borgerforslag.dk/se-og-stoet-forslag/?Id=FT-01281
Rent vand er en folkeret: stop forureningen!,https://borgerforslag.dk/se-og-stoet-forslag/?Id=FT-01223
AKTIV DØDSHJÆLP. Et forslag om ændring af straffeloven,https://borgerforslag.dk/se-og-stoet-forslag/?Id=FT-01283
Tandlæge betalt over skatten,https://borgerforslag.dk/se-og-stoet-forslag/?Id=FT-01284
Udredning 5 år,https://borgerforslag.dk/se-og-stoet-forslag/?Id=FT-01277
Højspændingskabler i jorden,https://borgerforslag.dk/se-og-stoet-forslag/?Id=FT-01266
Kommunaludligning. Betalende kommune er medbestemmende ved brug af pengene.,https://borgerforslag.dk/se-og-stoet-forslag/?Id=FT-01278
Forslag om afgiftsfritagelse for elbiler,https://borgerforslag.dk/se-og-stoet-forslag/?Id=FT-01244
Forslag til kattelov,https://borgerforslag.dk/se-og-stoet-forslag/?Id=FT-01249
Afskaf medielicensen,https://borgerforslag.dk/se-og-stoet-forslag/?Id=FT-01242
Førekort til Hunde,https://borgerforslag.dk/se-og-stoet-forslag/?Id=FT-01233
Ensretning af energiafgift på benzin og diesel,https://borgerforslag.dk/se-og-stoet-forslag/?Id=FT-01262
Forbud mod låne- og spilreklamer,https://borgerforslag.dk/se-og-stoet-forslag/?Id=FT-01258
Forbud mod dyreforsøg ved udvikling af husholdningsprodukter,https://borgerforslag.dk/se-og-stoet-forslag/?Id=FT-01220
Alle bidrag til de politiske partier offentliggøres på Folketingets hjemmeside senest 5 dage efter modtagelsen. Bagatelgrænse kr. 1.000,https://borgerforslag.dk/se-og-stoet-forslag/?Id=FT-01217
Sommertid året rundt,https://borgerforslag.dk/se-og-stoet-forslag/?Id=FT-01234
Forslag om at give homoseksuelle mænd ret til at donere blod,https://borgerforslag.dk/se-og-stoet-forslag/?Id=FT-01171
Oversigt på årsopgørelsen fra SKAT over statens brug af skatteborgernes penge,https://borgerforslag.dk/se-og-stoet-forslag/?Id=FT-01165
"afskaffelse af eftervederlag for folketingsmedlemmer, ministre, europaparlamentarikere, borgmestre, samt højtstående embedsmænd.",https://borgerforslag.dk/se-og-stoet-forslag/?Id=FT-01177
De studerendes halvering af medielicensen,https://borgerforslag.dk/se-og-stoet-forslag/?Id=FT-01169
Bevar FM-båndet i Danmark,https://borgerforslag.dk/se-og-stoet-forslag/?Id=FT-01219
"Forbud mod tv-reklamer, der opfordrer til online gambling.",https://borgerforslag.dk/se-og-stoet-forslag/?Id=FT-01210
væk med MOS,https://borgerforslag.dk/se-og-stoet-forslag/?Id=FT-01201
Fjern registreringsafgiften på samtlige danske køretøjer.,https://borgerforslag.dk/se-og-stoet-forslag/?Id=FT-01124
Homoseksuelle skal kunne donere blod,https://borgerforslag.dk/se-og-stoet-forslag/?Id=FT-01095
Nedlæg Moderniseringsstyrelsen,https://borgerforslag.dk/se-og-stoet-forslag/?Id=FT-01128
Bevar FM-radioen (DR vil slukke for FM-udsendelserne).,https://borgerforslag.dk/se-og-stoet-forslag/?Id=FT-01175
udvisning af første gangs kriminelle asylansøgere,https://borgerforslag.dk/se-og-stoet-forslag/?Id=FT-01114
forslag til afskaffelse af kontanthjælpsloftet,https://borgerforslag.dk/se-og-stoet-forslag/?Id=FT-01093
Vandtrykket i hovedstadsområdet skal hæves,https://borgerforslag.dk/se-og-stoet-forslag/?Id=FT-01078
Autorisation af alle socialrådgivere/Større retssikkerhed for borgerne.,https://borgerforslag.dk/se-og-stoet-forslag/?Id=FT-01172
Private Parkeringsselskaber,https://borgerforslag.dk/se-og-stoet-forslag/?Id=FT-01173
FORSLAG OM AT INDFØRE SOMMERTID HELE ÅRET,https://borgerforslag.dk/se-og-stoet-forslag/?Id=FT-01003
"Forslag om at indføre ”forurener-betaler-princippet"" for forgiftede drikkevandsboringer samt oprettelse af grundvandsfond",https://borgerforslag.dk/se-og-stoet-forslag/?Id=FT-01022
Lovliggørelse af rugemødre til barnløse par,https://borgerforslag.dk/se-og-stoet-forslag/?Id=FT-01161
Afkriminalisering af cannabis for alle,https://borgerforslag.dk/se-og-stoet-forslag/?Id=FT-01131
Tillad mænd som har sex med andre mænd at donere blod.,https://borgerforslag.dk/se-og-stoet-forslag/?Id=FT-01110
Et grønt Danmark – Forslag til afskaffelse af moms og afgifter på frugt og grønt,https://borgerforslag.dk/se-og-stoet-forslag/?Id=FT-01031
Forslag om bedre betingelser for opsætning af solcelleanlæg på kommunale bygninger.,https://borgerforslag.dk/se-og-stoet-forslag/?Id=FT-01120
Sagsbehandlere under lov om autorisation,https://borgerforslag.dk/se-og-stoet-forslag/?Id=FT-01013
Syge skal ud af beskæftigelsespolitikken,https://borgerforslag.dk/se-og-stoet-forslag/?Id=FT-00896
Forældre med delebørn på den anden side af Øresund eller Storebælt kan køre billigere over broerne ved samvær.,https://borgerforslag.dk/se-og-stoet-forslag/?Id=FT-01119
Ankestyrelsens muligheder for at sanktionere myndigheder og forvaltninger.,https://borgerforslag.dk/se-og-stoet-forslag/?Id=FT-01084
Afskaffelse af ministerpension og pension til ministerbørn,https://borgerforslag.dk/se-og-stoet-forslag/?Id=FT-01070
Afskaffelse af ministerbiler,https://borgerforslag.dk/se-og-stoet-forslag/?Id=FT-00961
Aflønning af folketingest medlemmer samt regeringens ministre.,https://borgerforslag.dk/se-og-stoet-forslag/?Id=FT-00909
Minimumsnormeringer i daginstitutioner,https://borgerforslag.dk/se-og-stoet-forslag/?Id=FT-00948
Balance i Den Danske Model,https://borgerforslag.dk/se-og-stoet-forslag/?Id=FT-00947
Forslag om at hæve reklamationsretten til 4 år,https://borgerforslag.dk/se-og-stoet-forslag/?Id=FT-00898
Borgerforslag - Digital post til begge forældre,https://borgerforslag.dk/se-og-stoet-forslag/?Id=FT-00902
Afskaf Gensidig forsøgerpligt,https://borgerforslag.dk/se-og-stoet-forslag/?Id=FT-00985
Ekspropriation og erstatning,https://borgerforslag.dk/se-og-stoet-forslag/?Id=FT-00960
Send konfliktpengene tilbage til velfærden,https://borgerforslag.dk/se-og-stoet-forslag/?Id=FT-00951
Register over frivilligt blacklistede personer hos kviklånsudbydere.,https://borgerforslag.dk/se-og-stoet-forslag/?Id=FT-00710
Folkepensionisters købekraft skal sikres.,https://borgerforslag.dk/se-og-stoet-forslag/?Id=FT-00761
Førstehjælpskursus mindst hver andet år,https://borgerforslag.dk/se-og-stoet-forslag/?Id=FT-00990
Borgerforslag - fædrebarsel,https://borgerforslag.dk/se-og-stoet-forslag/?Id=FT-00828
Alle pelsfarme skal lukkes i Danmark,https://borgerforslag.dk/se-og-stoet-forslag/?Id=FT-00722
Forbyde alt salg og import af pels fra dyr,https://borgerforslag.dk/se-og-stoet-forslag/?Id=FT-00925
5 ÅR MERE TIL MARGRETHE VESTAGER,https://borgerforslag.dk/se-og-stoet-forslag/?Id=FT-00873
Højere straffe i bestemte områder - skærpet strafzone for økonomisk kriminalitet,https://borgerforslag.dk/se-og-stoet-forslag/?Id=FT-00958
UDVIDET DÆKNING AF SYGESIKRINGEN.,https://borgerforslag.dk/se-og-stoet-forslag/?Id=FT-00934
Folkepensionisterne svigtes af Folketinget.,https://borgerforslag.dk/se-og-stoet-forslag/?Id=FT-00709
Forbyd reklamer for spil,https://borgerforslag.dk/se-og-stoet-forslag/?Id=FT-00611
Et statsligt alternativ til de private banker - en Statsbank,https://borgerforslag.dk/se-og-stoet-forslag/?Id=FT-00684
A-kassers ret til at tvangsudmelde medlemmer bør forbydes.,https://borgerforslag.dk/se-og-stoet-forslag/?Id=FT-00889
Automatisk organdonor fra man fylder 18 år,https://borgerforslag.dk/se-og-stoet-forslag/?Id=FT-00920
Forbyd kritik af folkekirken,https://borgerforslag.dk/se-og-stoet-forslag/?Id=FT-00897
"Forbyd at markedsføre noget som ""gratis"" i politisk sammenhæng",https://borgerforslag.dk/se-og-stoet-forslag/?Id=FT-00869
Reklamer Nej Tak ➝ Reklamer Ja Tak,https://borgerforslag.dk/se-og-stoet-forslag/?Id=FT-00877
Erklæring om troskab i.f.m. statsborgerskab,https://borgerforslag.dk/se-og-stoet-forslag/?Id=FT-00665
Deltidsinstitutioner i alle kommuner,https://borgerforslag.dk/se-og-stoet-forslag/?Id=FT-00679
Afskaf borgerforslag,https://borgerforslag.dk/se-og-stoet-forslag/?Id=FT-00727
HJERTER DAME vil ændrer loven ved seksuelle overgreb på mindreårige.,https://borgerforslag.dk/se-og-stoet-forslag/?Id=FT-00602
Indfør straffeloven på socialområdet,https://borgerforslag.dk/se-og-stoet-forslag/?Id=FT-00852
Nedsættelse af moms på økologiske frugt og grøntsager.,https://borgerforslag.dk/se-og-stoet-forslag/?Id=FT-00796
Oprensning og sikring af stærkt forurenede grunde,https://borgerforslag.dk/se-og-stoet-forslag/?Id=FT-00745
Forslag om ombygning af garager mv. til små boligenheder,https://borgerforslag.dk/se-og-stoet-forslag/?Id=FT-00680
Forslag til folketingsbeslutning om halvering af modregning i pensionstillæg – ”Samspilsproblemet” samt ændring vedrørende Satspuljen.,https://borgerforslag.dk/se-og-stoet-forslag/?Id=FT-00638
Forbyd mandlig sterilisation.,https://borgerforslag.dk/se-og-stoet-forslag/?Id=FT-00612
Sikring af korrekt skattebehandling af borgeren (fremsat af Foreningen Rimelig-skat),https://borgerforslag.dk/se-og-stoet-forslag/?Id=FT-00574
Udskrive valg med henblik på udmeldelse af Den Europæiske Union.,https://borgerforslag.dk/se-og-stoet-forslag/?Id=FT-00616
Stop for adgang til at søge spontan asyl i Danmark,https://borgerforslag.dk/se-og-stoet-forslag/?Id=FT-00613
Borgerforslag om Legalisering af cannabis,https://borgerforslag.dk/se-og-stoet-forslag/?Id=FT-00614
Medielicens afskaffes,https://borgerforslag.dk/se-og-stoet-forslag/?Id=FT-00564
AM-bidraget skal afskaffes,https://borgerforslag.dk/se-og-stoet-forslag/?Id=FT-00626
"Ændringsforslag til ændring af færdelsloven hvorved motorcykler tillades at kører mellem trafikken, ved langsom eller stillestående trafik.",https://borgerforslag.dk/se-og-stoet-forslag/?Id=FT-00635
Fredning af dyr skal standse slagteri-industri,https://borgerforslag.dk/se-og-stoet-forslag/?Id=FT-00535
Forslag til Planloven - tid til forandring og retfærdighed!,https://borgerforslag.dk/se-og-stoet-forslag/?Id=FT-00496
Genindfør den tidligere fleksjobreform (før 2013),https://borgerforslag.dk/se-og-stoet-forslag/?Id=FT-00494
Stop Hovedstadens Letbane,https://borgerforslag.dk/se-og-stoet-forslag/?Id=FT-00598
"Mist ikke synet, hvis du er blevet 65 år, for så får du ingen hjælp!",https://borgerforslag.dk/se-og-stoet-forslag/?Id=FT-00604
At der indføres et nationalt DNA register for hunde og katte.,https://borgerforslag.dk/se-og-stoet-forslag/?Id=FT-00588
"Forslag om borgerløn uden modkrav, i en forsøgsordning i 4 år. For langtidsledige, langtidssyge, og borgere under længerevarende uddannelse.",https://borgerforslag.dk/se-og-stoet-forslag/?Id=FT-00485
Legalisering cannabis,https://borgerforslag.dk/se-og-stoet-forslag/?Id=FT-00542
Arveafgift,https://borgerforslag.dk/se-og-stoet-forslag/?Id=FT-00536
Elefantræs på motorvejen,https://borgerforslag.dk/se-og-stoet-forslag/?Id=FT-00461
Restriktioner på psykofarmaka,https://borgerforslag.dk/se-og-stoet-forslag/?Id=FT-00462
"""Gratis Tandlæge"" Det bør være gratis at gå til tandlægen for borgerne i Danmark.",https://borgerforslag.dk/se-og-stoet-forslag/?Id=FT-00508
Nej til syge borgere på kontanthjælp,https://borgerforslag.dk/se-og-stoet-forslag/?Id=FT-00520
Afskaffelse af sommertid,https://borgerforslag.dk/se-og-stoet-forslag/?Id=FT-00457
Et opgør med centraliseringen,https://borgerforslag.dk/se-og-stoet-forslag/?Id=FT-00510
Genindførsel af revisionspligt.,https://borgerforslag.dk/se-og-stoet-forslag/?Id=FT-00479
Automatisk tilmelding til organdonation,https://borgerforslag.dk/se-og-stoet-forslag/?Id=FT-00449
Dansk udmeldelse af EU,https://borgerforslag.dk/se-og-stoet-forslag/?Id=FT-00448
